pair,source,target,model_config,seed,policy,target_fpr,threshold,threshold_source,source_train_rows,source_calibration_rows,target_rows,elapsed_seconds,global_fpr,recall,alert_rate,fpr_older,fpr_younger,fpr_difference,pe_ratio,brier,logloss,logloss_older,logloss_younger,n,positives,negatives,n_older,n_younger,n_older_positive,n_younger_positive
CA->PR,CA,PR,small,42,target_oracle,0.01,0.8935514357250485,target_labels,156532,39133,9071,0.24290889999974752,0.009988901220865706,0.18711018711018712,0.02877301289824716,0.01321056845476381,0.008554624844056318,0.0046559436107074924,0.6475591775894752,0.19098927755285242,0.5505789862279542,0.6379980246430975,0.5077453805130442,9071,962,8109,2983,6088,485,477
CA->PR,CA,PR,small,42,source_calibrated,0.01,0.857147018916402,source_calibration_labels,156532,39133,9071,0.24290889999974752,0.03477617462079171,0.3180873180873181,0.0648219600926028,0.04283426741393114,0.031188736410621993,0.011645531003309149,0.7281258276049882,0.19098927755285242,0.5505789862279542,0.6379980246430975,0.5077453805130442,9071,962,8109,2983,6088,485,477
CA->PR,CA,PR,small,42,target_oracle,0.02,0.8779484943136958,target_labels,156532,39133,9071,0.24290889999974752,0.01997780244173141,0.23180873180873182,0.042442950060632784,0.0244195356285028,0.018000356442701836,0.0064191791858009654,0.737129350719167,0.19098927755285242,0.5505789862279542,0.6379980246430975,0.5077453805130442,9071,962,8109,2983,6088,485,477
CA->PR,CA,PR,small,42,source_calibrated,0.02,0.8133705442919821,source_calibration_labels,156532,39133,9071,0.24290889999974752,0.06523615735602417,0.46465696465696466,0.10759563443942234,0.0788630904723779,0.05916948850472287,0.01969360196765503,0.7502811283492271,0.19098927755285242,0.5505789862279542,0.6379980246430975,0.5077453805130442,9071,962,8109,2983,6088,485,477
CA->PR,CA,PR,small,42,target_oracle,0.05,0.8354919322203878,target_labels,156532,39133,9071,0.24290889999974752,0.049944506104328525,0.4074844074844075,0.08786241869694632,0.06204963971176942,0.044555337729459986,0.017494301982309432,0.7180595719238132,0.19098927755285242,0.5505789862279542,0.6379980246430975,0.5077453805130442,9071,962,8109,2983,6088,485,477
CA->PR,CA,PR,small,42,source_calibrated,0.05,0.7232677262786347,source_calibration_labels,156532,39133,9071,0.24290889999974752,0.14724380318165,0.6528066528066528,0.20085988314408554,0.1733386709367494,0.1356264480484762,0.037712222888273195,0.7824361829678835,0.19098927755285242,0.5505789862279542,0.6379980246430975,0.5077453805130442,9071,962,8109,2983,6088,485,477
CA->PR,CA,PR,small,42,target_oracle,0.1,0.7784177879254048,target_labels,156532,39133,9071,0.24290889999974752,0.09988901220865705,0.5654885654885655,0.1492668944989527,0.1176941553242594,0.09196221707360541,0.025731938250653993,0.7813660484689331,0.19098927755285242,0.5505789862279542,0.6379980246430975,0.5077453805130442,9071,962,8109,2983,6088,485,477
CA->PR,CA,PR,small,42,source_calibrated,0.1,0.5995749717145411,source_calibration_labels,156532,39133,9071,0.24290889999974752,0.2320878036749291,0.7650727650727651,0.2886120604123029,0.2698158526821457,0.21529139190875066,0.05452446077339504,0.7979197284689306,0.19098927755285242,0.5505789862279542,0.6379980246430975,0.5077453805130442,9071,962,8109,2983,6088,485,477
CA->PR,CA,PR,small,314,target_oracle,0.01,0.8897494826234067,target_labels,156532,39133,9071,0.21732750000228407,0.009988901220865706,0.18295218295218296,0.028332047183331495,0.01321056845476381,0.008554624844056318,0.0046559436107074924,0.6475591775894752,0.18075597970587068,0.5252445860916476,0.605585895832365,0.48587892791875675,9071,962,8109,2983,6088,485,477
CA->PR,CA,PR,small,314,source_calibrated,0.01,0.85567126325631,source_calibration_labels,156532,39133,9071,0.21732750000228407,0.0309532618078678,0.29625779625779625,0.05908940579869915,0.03642914331465172,0.02851541614685439,0.007913727167797327,0.7827638410422229,0.18075597970587068,0.5252445860916476,0.605585895832365,0.48587892791875675,9071,962,8109,2983,6088,485,477
CA->PR,CA,PR,small,314,target_oracle,0.02,0.8699577395452426,target_labels,156532,39133,9071,0.21732750000228407,0.01997780244173141,0.2494802494802495,0.044317054349024367,0.023618895116092876,0.018356799144537514,0.005262095971555362,0.7772082078483848,0.18075597970587068,0.5252445860916476,0.605585895832365,0.48587892791875675,9071,962,8109,2983,6088,485,477
CA->PR,CA,PR,small,314,source_calibrated,0.02,0.811622430998992,source_calibration_labels,156532,39133,9071,0.21732750000228407,0.058823529411764705,0.44490644490644493,0.09976849299966928,0.07085668534827862,0.053466405275351986,0.01739028007292663,0.7545710755809564,0.18075597970587068,0.5252445860916476,0.605585895832365,0.48587892791875675,9071,962,8109,2983,6088,485,477
CA->PR,CA,PR,small,314,target_oracle,0.05,0.8238773731343414,target_labels,156532,39133,9071,0.21732750000228407,0.049944506104328525,0.41372141372141374,0.08852386726931981,0.059647718174539635,0.04562466583496703,0.014023052339572607,0.7649021158103868,0.18075597970587068,0.5252445860916476,0.605585895832365,0.48587892791875675,9071,962,8109,2983,6088,485,477
CA->PR,CA,PR,small,314,source_calibrated,0.05,0.7173082549337088,source_calibration_labels,156532,39133,9071,0.21732750000228407,0.14625724503637932,0.6403326403326404,0.19865505456950722,0.17133706965572457,0.1350917839957227,0.036245285660001875,0.7884562533208301,0.18075597970587068,0.5252445860916476,0.605585895832365,0.48587892791875675,9071,962,8109,2983,6088,485,477
CA->PR,CA,PR,small,314,target_oracle,0.1,0.7681993122639345,target_labels,156532,39133,9071,0.21732750000228407,0.09988901220865705,0.5613305613305614,0.14882592878403705,0.11849479583666933,0.09160577437176974,0.02688902146489959,0.7730784607455433,0.18075597970587068,0.5252445860916476,0.605585895832365,0.48587892791875675,9071,962,8109,2983,6088,485,477
CA->PR,CA,PR,small,314,source_calibrated,0.1,0.5941913163684455,source_calibration_labels,156532,39133,9071,0.21732750000228407,0.21852262917745716,0.7588357588357588,0.27582405467974863,0.25380304243394713,0.20281589734450187,0.05098714508944527,0.7991074314930059,0.18075597970587068,0.5252445860916476,0.605585895832365,0.48587892791875675,9071,962,8109,2983,6088,485,477
CA->PR,CA,PR,small,2718,target_oracle,0.01,0.8946545168937724,target_labels,156532,39133,9071,0.22205060000123922,0.009988901220865706,0.18191268191268192,0.02822180575460258,0.011609287429943955,0.009267510247727678,0.0023417771822162765,0.798284158580129,0.18593223891200714,0.5389319477297552,0.6220445540959378,0.4982084088351554,9071,962,8109,2983,6088,485,477
CA->PR,CA,PR,small,2718,source_calibrated,0.01,0.8559602698081488,source_calibration_labels,156532,39133,9071,0.22205060000123922,0.03625601183869774,0.2993762993762994,0.06416051152022931,0.04243394715772618,0.03350561397255391,0.00892833318517227,0.7895945632399969,0.18593223891200714,0.5389319477297552,0.6220445540959378,0.4982084088351554,9071,962,8109,2983,6088,485,477
CA->PR,CA,PR,small,2718,target_oracle,0.02,0.8751439862704256,target_labels,156532,39133,9071,0.22205060000123922,0.01997780244173141,0.2442827442827443,0.04376584720537978,0.0244195356285028,0.018000356442701836,0.0064191791858009654,0.737129350719167,0.18593223891200714,0.5389319477297552,0.6220445540959378,0.4982084088351554,9071,962,8109,2983,6088,485,477
CA->PR,CA,PR,small,2718,source_calibrated,0.02,0.8139245911141882,source_calibration_labels,156532,39133,9071,0.22205060000123922,0.06239980268837095,0.45114345114345117,0.10362694300518134,0.07365892714171338,0.05738727499554447,0.016271652146168908,0.7790946355373374,0.18593223891200714,0.5389319477297552,0.6220445540959378,0.4982084088351554,9071,962,8109,2983,6088,485,477
CA->PR,CA,PR,small,2718,target_oracle,0.05,0.8316038703242028,target_labels,156532,39133,9071,0.22205060000123922,0.049944506104328525,0.3887733887733888,0.08587807297982582,0.059647718174539635,0.04562466583496703,0.014023052339572607,0.7649021158103868,0.18593223891200714,0.5389319477297552,0.6220445540959378,0.4982084088351554,9071,962,8109,2983,6088,485,477
CA->PR,CA,PR,small,2718,source_calibrated,0.05,0.7171398672966637,source_calibration_labels,156532,39133,9071,0.22205060000123922,0.1468738438771735,0.6476091476091476,0.19997795171425423,0.1721377101681345,0.1356264480484762,0.0365112621196583,0.7878950400583571,0.18593223891200714,0.5389319477297552,0.6220445540959378,0.4982084088351554,9071,962,8109,2983,6088,485,477
CA->PR,CA,PR,small,2718,target_oracle,0.1,0.7717706473036677,target_labels,156532,39133,9071,0.22205060000123922,0.09988901220865705,0.5623700623700624,0.14893617021276595,0.11729383506805445,0.09214043842452325,0.025153396643531195,0.7855522702541266,0.18593223891200714,0.5389319477297552,0.6220445540959378,0.4982084088351554,9071,962,8109,2983,6088,485,477
CA->PR,CA,PR,small,2718,source_calibrated,0.1,0.588483951477762,source_calibration_labels,156532,39133,9071,0.22205060000123922,0.23159452460229374,0.7661122661122661,0.28828133612611617,0.2710168134507606,0.2140438424523258,0.05697297099843482,0.7897806771726881,0.18593223891200714,0.5389319477297552,0.6220445540959378,0.4982084088351554,9071,962,8109,2983,6088,485,477
CA->PR,CA,PR,small,1618,target_oracle,0.01,0.8961842371255714,target_labels,156532,39133,9071,0.21136319999641273,0.009988901220865706,0.17671517671517672,0.027670598610957997,0.01120896717373899,0.009445731598645517,0.001763235575093473,0.842694197622018,0.18941462467557688,0.5472339047929712,0.6349201472173194,0.504269374380384,9071,962,8109,2983,6088,485,477
CA->PR,CA,PR,small,1618,source_calibrated,0.01,0.8560024657391123,source_calibration_labels,156532,39133,9071,0.21136319999641273,0.03539277346158589,0.30457380457380456,0.06394002866277147,0.044035228182546036,0.031545179112457675,0.012490049070088362,0.716362340208357,0.18941462467557688,0.5472339047929712,0.6349201472173194,0.504269374380384,9071,962,8109,2983,6088,485,477
CA->PR,CA,PR,small,1618,target_oracle,0.02,0.8747646115667492,target_labels,156532,39133,9071,0.21136319999641273,0.01997780244173141,0.2286902286902287,0.04211222577444604,0.025620496397117692,0.017465692389948315,0.008154804007169378,0.6817078060951702,0.18941462467557688,0.5472339047929712,0.6349201472173194,0.504269374380384,9071,962,8109,2983,6088,485,477
CA->PR,CA,PR,small,1618,source_calibrated,0.02,0.8146435184986048,source_calibration_labels,156532,39133,9071,0.21136319999641273,0.06486619805154767,0.45322245322245325,0.10605225443721751,0.07726180944755805,0.0593477098556407,0.017914099591917344,0.7681377161626449,0.18941462467557688,0.5472339047929712,0.6349201472173194,0.504269374380384,9071,962,8109,2983,6088,485,477
CA->PR,CA,PR,small,1618,target_oracle,0.05,0.836622787733254,target_labels,156532,39133,9071,0.21136319999641273,0.049944506104328525,0.3804573804573805,0.08499614154999449,0.057646116893514815,0.04651577258955623,0.011130344303958588,0.8069194439493851,0.18941462467557688,0.5472339047929712,0.6349201472173194,0.504269374380384,9071,962,8109,2983,6088,485,477
CA->PR,CA,PR,small,1618,source_calibrated,0.05,0.717669110419156,source_calibration_labels,156532,39133,9071,0.21136319999641273,0.15119003576273277,0.6528066528066528,0.20438760886341087,0.17814251401120898,0.139190875066833,0.03895163894437598,0.7813456312740423,0.18941462467557688,0.5472339047929712,0.6349201472173194,0.504269374380384,9071,962,8109,2983,6088,485,477
CA->PR,CA,PR,small,1618,target_oracle,0.1,0.7770241183592799,target_labels,156532,39133,9071,0.21136319999641273,0.09988901220865705,0.5509355509355509,0.14772351449674787,0.12089671737389912,0.0905364462662627,0.030360271107636422,0.7488743138182922,0.18941462467557688,0.5472339047929712,0.6349201472173194,0.504269374380384,9071,962,8109,2983,6088,485,477
CA->PR,CA,PR,small,1618,source_calibrated,0.1,0.5907635629752565,source_calibration_labels,156532,39133,9071,0.21136319999641273,0.23702059440128254,0.7785862785862786,0.2944548561349355,0.2814251401120897,0.2172518267688469,0.06417331334324278,0.7719702180207391,0.18941462467557688,0.5472339047929712,0.6349201472173194,0.504269374380384,9071,962,8109,2983,6088,485,477
CA->PR,CA,PR,small,8675309,target_oracle,0.01,0.8933354586117069,target_labels,156532,39133,9071,0.2239551999955438,0.009988901220865706,0.18607068607068608,0.028662771469518244,0.01200960768614892,0.009089288896809837,0.002920318789339082,0.7568347888076992,0.1885082290826193,0.5452540650478257,0.6337539773383144,0.5018908524390006,9071,962,8109,2983,6088,485,477
CA->PR,CA,PR,small,8675309,source_calibrated,0.01,0.8599998569266349,source_calibration_labels,156532,39133,9071,0.2239551999955438,0.02799358737205574,0.3024948024948025,0.05710506008157866,0.03122497998398719,0.026554981286758154,0.0046699986972290365,0.8504402981323316,0.1885082290826193,0.5452540650478257,0.6337539773383144,0.5018908524390006,9071,962,8109,2983,6088,485,477
CA->PR,CA,PR,small,8675309,target_oracle,0.02,0.8734637008170824,target_labels,156532,39133,9071,0.2239551999955438,0.01997780244173141,0.25363825363825365,0.04475802006394003,0.02401921537229784,0.018178577793619675,0.005840637578678164,0.7568347888076992,0.1885082290826193,0.5452540650478257,0.6337539773383144,0.5018908524390006,9071,962,8109,2983,6088,485,477
CA->PR,CA,PR,small,8675309,source_calibrated,0.02,0.8187114237087078,source_calibration_labels,156532,39133,9071,0.2239551999955438,0.059563448020717724,0.448024948024948,0.10076066585822953,0.07485988791032826,0.05275351987168063,0.022106368038647628,0.7046967520826642,0.1885082290826193,0.5452540650478257,0.6337539773383144,0.5018908524390006,9071,962,8109,2983,6088,485,477
CA->PR,CA,PR,small,8675309,target_oracle,0.05,0.830647624647723,target_labels,156532,39133,9071,0.2239551999955438,0.049944506104328525,0.40436590436590436,0.08753169441075956,0.06244995996797438,0.04437711637854215,0.01807284358943223,0.7106027994461429,0.1885082290826193,0.5452540650478257,0.6337539773383144,0.5018908524390006,9071,962,8109,2983,6088,485,477
CA->PR,CA,PR,small,8675309,source_calibrated,0.05,0.7184943795876269,source_calibration_labels,156532,39133,9071,0.2239551999955438,0.15106671599457394,0.6507276507276507,0.20405688457722412,0.17854283426741394,0.13883443236499732,0.03970840190241662,0.7775973364299625,0.1885082290826193,0.5452540650478257,0.6337539773383144,0.5018908524390006,9071,962,8109,2983,6088,485,477
CA->PR,CA,PR,small,8675309,target_oracle,0.1,0.7754505076093325,target_labels,156532,39133,9071,0.2239551999955438,0.09988901220865705,0.5613305613305614,0.14882592878403705,0.11809447558046438,0.09178399572268758,0.026310479857776792,0.777208207848385,0.1885082290826193,0.5452540650478257,0.6337539773383144,0.5018908524390006,9071,962,8109,2983,6088,485,477
CA->PR,CA,PR,small,8675309,source_calibrated,0.1,0.5910277958690435,source_calibration_labels,156532,39133,9071,0.2239551999955438,0.23159452460229374,0.7713097713097713,0.28883254326976077,0.2722177742193755,0.21350917839957226,0.05870859581980323,0.7843322465325464,0.1885082290826193,0.5452540650478257,0.6337539773383144,0.5018908524390006,9071,962,8109,2983,6088,485,477
CA->PR,CA,PR,reference,42,target_oracle,0.01,0.9151694941032379,target_labels,156532,39133,9071,0.28795869999885326,0.009988901220865706,0.16943866943866945,0.026898908609855585,0.01200960768614892,0.009089288896809837,0.002920318789339082,0.7568347888076992,0.1899846678107679,0.5515196066925439,0.6507514876462657,0.5028979409755675,9071,962,8109,2983,6088,485,477
CA->PR,CA,PR,reference,42,source_calibrated,0.01,0.8771228754313513,source_calibration_labels,156532,39133,9071,0.28795869999885326,0.03378961647552103,0.32536382536382535,0.06471171866387389,0.043634907926341074,0.029406522901443594,0.01422838502489748,0.6739219652092302,0.1899846678107679,0.5515196066925439,0.6507514876462657,0.5028979409755675,9071,962,8109,2983,6088,485,477
CA->PR,CA,PR,reference,42,target_oracle,0.02,0.8982502862714025,target_labels,156532,39133,9071,0.28795869999885326,0.01997780244173141,0.22661122661122662,0.0418917429169882,0.02642113690952762,0.017109249688112636,0.009311887221414985,0.6475591775894752,0.1899846678107679,0.5515196066925439,0.6507514876462657,0.5028979409755675,9071,962,8109,2983,6088,485,477
CA->PR,CA,PR,reference,42,source_calibrated,0.02,0.8366399010506791,source_calibration_labels,156532,39133,9071,0.28795869999885326,0.06363300036995931,0.4573804573804574,0.105390805864844,0.08366693354683746,0.054713954731776863,0.0289529788150606,0.653949564210424,0.1899846678107679,0.5515196066925439,0.6507514876462657,0.5028979409755675,9071,962,8109,2983,6088,485,477
CA->PR,CA,PR,reference,42,target_oracle,0.05,0.852813614822294,target_labels,156532,39133,9071,0.28795869999885326,0.049944506104328525,0.4002079002079002,0.0870907286958439,0.0632506004803843,0.04402067367670647,0.019229926803677834,0.6959724230659036,0.1899846678107679,0.5515196066925439,0.6507514876462657,0.5028979409755675,9071,962,8109,2983,6088,485,477
CA->PR,CA,PR,reference,42,source_calibrated,0.05,0.7379480554826308,source_calibration_labels,156532,39133,9071,0.28795869999885326,0.14083117523739055,0.6465696465696466,0.1944658802778084,0.1721377101681345,0.12689360185350204,0.045244108314632464,0.7371632963489491,0.1899846678107679,0.5515196066925439,0.6507514876462657,0.5028979409755675,9071,962,8109,2983,6088,485,477
CA->PR,CA,PR,reference,42,target_oracle,0.1,0.7901168296080376,target_labels,156532,39133,9071,0.28795869999885326,0.09988901220865705,0.5613305613305614,0.14882592878403705,0.1232986389111289,0.08946711816075566,0.03383152075037324,0.7256131856024923,0.1899846678107679,0.5515196066925439,0.6507514876462657,0.5028979409755675,9071,962,8109,2983,6088,485,477
CA->PR,CA,PR,reference,42,source_calibrated,0.1,0.6062130180707305,source_calibration_labels,156532,39133,9071,0.28795869999885326,0.22888148970279937,0.761954261954262,0.28541505897916436,0.2766212970376301,0.20762787381928355,0.06899342321834656,0.7505852804639223,0.1899846678107679,0.5515196066925439,0.6507514876462657,0.5028979409755675,9071,962,8109,2983,6088,485,477
CA->PR,CA,PR,reference,314,target_oracle,0.01,0.9082610351118933,target_labels,156532,39133,9071,0.2805069999958505,0.009988901220865706,0.17775467775467776,0.027780840039686915,0.01120896717373899,0.009445731598645517,0.001763235575093473,0.842694197622018,0.18211722603037794,0.5323807075595662,0.6184046739061306,0.49023065966012436,9071,962,8109,2983,6088,485,477
CA->PR,CA,PR,reference,314,source_calibrated,0.01,0.877574017430465,source_calibration_labels,156532,39133,9071,0.2805069999958505,0.03045998273523246,0.27546777546777546,0.05644361150920516,0.03883106485188151,0.026733202637675993,0.012097862214205515,0.6884488679269549,0.18211722603037794,0.5323807075595662,0.6184046739061306,0.49023065966012436,9071,962,8109,2983,6088,485,477
CA->PR,CA,PR,reference,314,target_oracle,0.02,0.8922873878518969,target_labels,156532,39133,9071,0.2805069999958505,0.01997780244173141,0.22661122661122662,0.0418917429169882,0.02522017614091273,0.017643913740866157,0.0075762624000465725,0.6995951829314867,0.18211722603037794,0.5323807075595662,0.6184046739061306,0.49023065966012436,9071,962,8109,2983,6088,485,477
CA->PR,CA,PR,reference,314,source_calibrated,0.02,0.8320189415784133,source_calibration_labels,156532,39133,9071,0.2805069999958505,0.06548279689234185,0.4282744282744283,0.1039576672913681,0.08286629303442754,0.05774371769738015,0.02512257533704739,0.6968299845799788,0.18211722603037794,0.5323807075595662,0.6184046739061306,0.49023065966012436,9071,962,8109,2983,6088,485,477
CA->PR,CA,PR,reference,314,target_oracle,0.05,0.8496519446468769,target_labels,156532,39133,9071,0.2805069999958505,0.049821186336169686,0.3762993762993763,0.08444493440634991,0.06405124099279423,0.04348600962395295,0.02056523136884128,0.6789253252539655,0.18211722603037794,0.5323807075595662,0.6184046739061306,0.49023065966012436,9071,962,8109,2983,6088,485,477
CA->PR,CA,PR,reference,314,source_calibrated,0.05,0.7294629892314426,source_calibration_labels,156532,39133,9071,0.2805069999958505,0.1347885065976076,0.6392931392931392,0.18829236026898907,0.16172938350680544,0.12279451078239173,0.038934872724413705,0.7592591285505311,0.18211722603037794,0.5323807075595662,0.6184046739061306,0.49023065966012436,9071,962,8109,2983,6088,485,477
CA->PR,CA,PR,reference,314,target_oracle,0.1,0.7846348645236197,target_labels,156532,39133,9071,0.2805069999958505,0.09988901220865705,0.5488565488565489,0.14750303163929004,0.12089671737389912,0.0905364462662627,0.030360271107636422,0.7488743138182922,0.18211722603037794,0.5323807075595662,0.6184046739061306,0.49023065966012436,9071,962,8109,2983,6088,485,477
CA->PR,CA,PR,reference,314,source_calibrated,0.1,0.6038005491129579,source_calibration_labels,156532,39133,9071,0.2805069999958505,0.21568627450980393,0.7515592515592515,0.2725168118178812,0.2562049639711769,0.1976474781678845,0.058557485803292425,0.7714428132240242,0.18211722603037794,0.5323807075595662,0.6184046739061306,0.49023065966012436,9071,962,8109,2983,6088,485,477
CA->PR,CA,PR,reference,2718,target_oracle,0.01,0.9093712982998732,target_labels,156532,39133,9071,0.2967391999991378,0.009988901220865706,0.17567567567567569,0.027560357182229083,0.01120896717373899,0.009445731598645517,0.001763235575093473,0.842694197622018,0.1840096084177859,0.5374581053190673,0.6266118993452847,0.493774503548337,9071,962,8109,2983,6088,485,477
CA->PR,CA,PR,reference,2718,source_calibrated,0.01,0.8781927843150602,source_calibration_labels,156532,39133,9071,0.2967391999991378,0.032309779257614996,0.2785862785862786,0.058427957226325655,0.03923138510808647,0.02922830155052575,0.01000308355756072,0.7450234415634013,0.1840096084177859,0.5374581053190673,0.6266118993452847,0.493774503548337,9071,962,8109,2983,6088,485,477
CA->PR,CA,PR,reference,2718,target_oracle,0.02,0.8960736114380761,target_labels,156532,39133,9071,0.2967391999991378,0.01936120360093723,0.22141372141372143,0.04078932862969904,0.024819855884707767,0.016931028337194797,0.00788882754751297,0.6821565933276226,0.1840096084177859,0.5374581053190673,0.6266118993452847,0.493774503548337,9071,962,8109,2983,6088,485,477
CA->PR,CA,PR,reference,2718,source_calibrated,0.02,0.831800799844506,source_calibration_labels,156532,39133,9071,0.2967391999991378,0.06350968060180047,0.446985446985447,0.10417815014882593,0.07966373098478784,0.056317946890037426,0.02334578409475041,0.7069458860870024,0.1840096084177859,0.5374581053190673,0.6266118993452847,0.493774503548337,9071,962,8109,2983,6088,485,477
CA->PR,CA,PR,reference,2718,target_oracle,0.05,0.8500777150582023,target_labels,156532,39133,9071,0.2967391999991378,0.049944506104328525,0.3887733887733888,0.08587807297982582,0.06204963971176942,0.044555337729459986,0.017494301982309432,0.7180595719238132,0.1840096084177859,0.5374581053190673,0.6266118993452847,0.493774503548337,9071,962,8109,2983,6088,485,477
CA->PR,CA,PR,reference,2718,source_calibrated,0.05,0.728498339114256,source_calibration_labels,156532,39133,9071,0.2967391999991378,0.13836477987421383,0.6455301455301455,0.19215081027450115,0.1677341873498799,0.1252896096952415,0.04244457765463841,0.7469533294002703,0.1840096084177859,0.5374581053190673,0.6266118993452847,0.493774503548337,9071,962,8109,2983,6088,485,477
CA->PR,CA,PR,reference,2718,target_oracle,0.1,0.7860586160641739,target_labels,156532,39133,9071,0.2967391999991378,0.09988901220865705,0.5509355509355509,0.14772351449674787,0.12129703763010408,0.09035822491534486,0.03093881271475922,0.7449334846156154,0.1840096084177859,0.5374581053190673,0.6266118993452847,0.493774503548337,9071,962,8109,2983,6088,485,477
CA->PR,CA,PR,reference,2718,source_calibrated,0.1,0.5917680260187139,source_calibration_labels,156532,39133,9071,0.2967391999991378,0.22666173387594032,0.764033264033264,0.28365119611950174,0.2702161729383507,0.20727143111744786,0.06294474182090284,0.7670578295279773,0.1840096084177859,0.5374581053190673,0.6266118993452847,0.493774503548337,9071,962,8109,2983,6088,485,477
CA->PR,CA,PR,reference,1618,target_oracle,0.01,0.9162008780440786,target_labels,156532,39133,9071,0.27706149999721674,0.009618941916389198,0.158004158004158,0.025355528607650755,0.013610888710968775,0.007841739440384958,0.005769149270583817,0.576137209472989,0.19202893118195208,0.5576213923909108,0.6567498512148877,0.5090504014789654,9071,962,8109,2983,6088,485,477
CA->PR,CA,PR,reference,1618,source_calibrated,0.01,0.8770482795590524,source_calibration_labels,156532,39133,9071,0.27706149999721674,0.03711925021580959,0.31496881496881496,0.06658582295226546,0.04923939151321057,0.03172340046337551,0.01751599104983506,0.6442687346139189,0.19202893118195208,0.5576213923909108,0.6567498512148877,0.5090504014789654,9071,962,8109,2983,6088,485,477
CA->PR,CA,PR,reference,1618,target_oracle,0.02,0.8989265548402344,target_labels,156532,39133,9071,0.27706149999721674,0.01997780244173141,0.22661122661122662,0.0418917429169882,0.026821457165732587,0.016931028337194797,0.00989042882853779,0.6312493848703373,0.19202893118195208,0.5576213923909108,0.6567498512148877,0.5090504014789654,9071,962,8109,2983,6088,485,477
CA->PR,CA,PR,reference,1618,source_calibrated,0.02,0.8335626626886377,source_calibration_labels,156532,39133,9071,0.27706149999721674,0.07226538414107782,0.4656964656964657,0.11398963730569948,0.09207365892714171,0.06344680092675102,0.028626858000390693,0.6890874291957567,0.19202893118195208,0.5576213923909108,0.6567498512148877,0.5090504014789654,9071,962,8109,2983,6088,485,477
CA->PR,CA,PR,reference,1618,target_oracle,0.05,0.858460585937219,target_labels,156532,39133,9071,0.27706149999721674,0.049944506104328525,0.38565488565488565,0.08554734869363907,0.06285028022417935,0.04419889502762431,0.018651385196555043,0.703241017700672,0.19202893118195208,0.5576213923909108,0.6567498512148877,0.5090504014789654,9071,962,8109,2983,6088,485,477
CA->PR,CA,PR,reference,1618,source_calibrated,0.05,0.7324706495244112,source_calibration_labels,156532,39133,9071,0.27706149999721674,0.14699716364533236,0.6528066528066528,0.20063940028662772,0.1757405924739792,0.1342006772411335,0.0415399152328457,0.7636293661693655,0.19202893118195208,0.5576213923909108,0.6567498512148877,0.5090504014789654,9071,962,8109,2983,6088,485,477
CA->PR,CA,PR,reference,1618,target_oracle,0.1,0.7961322700601425,target_labels,156532,39133,9071,0.27706149999721674,0.09988901220865705,0.5644490644490644,0.1491566530702238,0.12289831865492394,0.0896453395116735,0.03325297914325044,0.7294268993490567,0.19202893118195208,0.5576213923909108,0.6567498512148877,0.5090504014789654,9071,962,8109,2983,6088,485,477
CA->PR,CA,PR,reference,1618,source_calibrated,0.1,0.6017076559929218,source_calibration_labels,156532,39133,9071,0.27706149999721674,0.23443087926994696,0.7713097713097713,0.29136809613052583,0.2866293034427542,0.21119230083764035,0.07543700260511388,0.7368133624195887,0.19202893118195208,0.5576213923909108,0.6567498512148877,0.5090504014789654,9071,962,8109,2983,6088,485,477
CA->PR,CA,PR,reference,8675309,target_oracle,0.01,0.9121397279308638,target_labels,156532,39133,9071,0.3096828999987338,0.009988901220865706,0.18711018711018712,0.02877301289824716,0.01200960768614892,0.009089288896809837,0.002920318789339082,0.7568347888076992,0.18926630085208396,0.5507734347375725,0.6451203336933898,0.5045453139121449,9071,962,8109,2983,6088,485,477
CA->PR,CA,PR,reference,8675309,source_calibrated,0.01,0.8819377055052362,source_calibration_labels,156532,39133,9071,0.3096828999987338,0.030336662967073623,0.3004158004158004,0.058979164369970236,0.03763010408326661,0.027089645339511675,0.010540458743754939,0.7198929155117039,0.18926630085208396,0.5507734347375725,0.6451203336933898,0.5045453139121449,9071,962,8109,2983,6088,485,477
CA->PR,CA,PR,reference,8675309,target_oracle,0.02,0.896478555399625,target_labels,156532,39133,9071,0.3096828999987338,0.01997780244173141,0.24116424116424118,0.043435122919193034,0.024819855884707767,0.017822135091783996,0.006997720792923771,0.7180595719238132,0.18926630085208396,0.5507734347375725,0.6451203336933898,0.5045453139121449,9071,962,8109,2983,6088,485,477
CA->PR,CA,PR,reference,8675309,source_calibrated,0.02,0.8402632198950502,source_calibration_labels,156532,39133,9071,0.3096828999987338,0.06276976199284745,0.4490644490644491,0.10373718443391027,0.0788630904723779,0.05560506148636607,0.023258028986011828,0.7050834700149363,0.18926630085208396,0.5507734347375725,0.6451203336933898,0.5045453139121449,9071,962,8109,2983,6088,485,477
CA->PR,CA,PR,reference,8675309,target_oracle,0.05,0.8568371353617388,target_labels,156532,39133,9071,0.3096828999987338,0.049944506104328525,0.38565488565488565,0.08554734869363907,0.06044835868694956,0.04526822313313135,0.015180135553818211,0.7488743138182922,0.18926630085208396,0.5507734347375725,0.6451203336933898,0.5045453139121449,9071,962,8109,2983,6088,485,477
CA->PR,CA,PR,reference,8675309,source_calibrated,0.05,0.7344056125834424,source_calibration_labels,156532,39133,9071,0.3096828999987338,0.1419410531508201,0.6465696465696466,0.19545805313636866,0.16933546837469976,0.1297451434681875,0.039590324906512264,0.7662018165095328,0.18926630085208396,0.5507734347375725,0.6451203336933898,0.5045453139121449,9071,962,8109,2983,6088,485,477
CA->PR,CA,PR,reference,8675309,target_oracle,0.1,0.7940803322384846,target_labels,156532,39133,9071,0.3096828999987338,0.09988901220865705,0.5571725571725572,0.14838496306912138,0.12089671737389912,0.0905364462662627,0.030360271107636422,0.7488743138182922,0.18926630085208396,0.5507734347375725,0.6451203336933898,0.5045453139121449,9071,962,8109,2983,6088,485,477
CA->PR,CA,PR,reference,8675309,source_calibrated,0.1,0.5950503944137976,source_calibration_labels,156532,39133,9071,0.3096828999987338,0.2324577629794056,0.7692307692307693,0.28938375041340536,0.28182546036829464,0.210479415433969,0.07134604493432564,0.7468431530597366,0.18926630085208396,0.5507734347375725,0.6451203336933898,0.5045453139121449,9071,962,8109,2983,6088,485,477
CA->PR,CA,PR,large,42,target_oracle,0.01,0.947765797079837,target_labels,156532,39133,9071,0.6396120999997947,0.009988901220865706,0.1600831600831601,0.025906735751295335,0.01200960768614892,0.009089288896809837,0.002920318789339082,0.7568347888076992,0.19169349740322836,0.5656642638746169,0.684356801584153,0.5075072599344812,9071,962,8109,2983,6088,485,477
CA->PR,CA,PR,large,42,source_calibrated,0.01,0.9119204625639512,source_calibration_labels,156532,39133,9071,0.6396120999997947,0.032433099025773834,0.3108108108108108,0.06195568294565097,0.042033626901521216,0.028158973445018713,0.013874653456502503,0.669915387291969,0.19169349740322836,0.5656642638746169,0.684356801584153,0.5075072599344812,9071,962,8109,2983,6088,485,477
CA->PR,CA,PR,large,42,target_oracle,0.02,0.9280940570233864,target_labels,156532,39133,9071,0.6396120999997947,0.01997780244173141,0.2442827442827443,0.04376584720537978,0.02602081665332266,0.017287471039030475,0.008733345614292183,0.6643708100845865,0.19169349740322836,0.5656642638746169,0.684356801584153,0.5075072599344812,9071,962,8109,2983,6088,485,477
CA->PR,CA,PR,large,42,source_calibrated,0.02,0.8692685169169725,source_calibration_labels,156532,39133,9071,0.6396120999997947,0.06276976199284745,0.45322245322245325,0.10417815014882593,0.08486789431545236,0.052931741222598465,0.03193615309285389,0.6236957055379763,0.19169349740322836,0.5656642638746169,0.684356801584153,0.5075072599344812,9071,962,8109,2983,6088,485,477
CA->PR,CA,PR,large,42,target_oracle,0.05,0.8895243690647194,target_labels,156532,39133,9071,0.6396120999997947,0.049944506104328525,0.4002079002079002,0.0870907286958439,0.06845476381104884,0.04170379611477455,0.02675096769627429,0.6092168578637827,0.19169349740322836,0.5656642638746169,0.684356801584153,0.5075072599344812,9071,962,8109,2983,6088,485,477
CA->PR,CA,PR,large,42,source_calibrated,0.05,0.7682541446780073,source_calibration_labels,156532,39133,9071,0.6396120999997947,0.13219879146627203,0.6330561330561331,0.18531584169330834,0.1701361088871097,0.11530921404384245,0.05482689484326725,0.6777468627800434,0.19169349740322836,0.5656642638746169,0.684356801584153,0.5075072599344812,9071,962,8109,2983,6088,485,477
CA->PR,CA,PR,large,42,target_oracle,0.1,0.8156423386171394,target_labels,156532,39133,9071,0.6396120999997947,0.09988901220865705,0.577962577962578,0.1505897916436997,0.1289031224979984,0.0869720192479059,0.0419311032500925,0.6747083977679159,0.19169349740322836,0.5656642638746169,0.684356801584153,0.5075072599344812,9071,962,8109,2983,6088,485,477
CA->PR,CA,PR,large,42,source_calibrated,0.1,0.6167941571901737,source_calibration_labels,156532,39133,9071,0.6396120999997947,0.22666173387594032,0.7713097713097713,0.2844228861206041,0.2830264211369095,0.20156834788807698,0.08145807324883253,0.7121891556215224,0.19169349740322836,0.5656642638746169,0.684356801584153,0.5075072599344812,9071,962,8109,2983,6088,485,477
CA->PR,CA,PR,large,314,target_oracle,0.01,0.9350365197237538,target_labels,156532,39133,9071,0.635627800002112,0.009988901220865706,0.15072765072765074,0.02491456289273509,0.01200960768614892,0.009089288896809837,0.002920318789339082,0.7568347888076992,0.1694339427499128,0.5030879118405865,0.5989472224717195,0.45611873910525985,9071,962,8109,2983,6088,485,477
CA->PR,CA,PR,large,314,source_calibrated,0.01,0.9074934291752605,source_calibration_labels,156532,39133,9071,0.635627800002112,0.020964360587002098,0.24324324324324326,0.044537537206482194,0.027622097678142513,0.018000356442701836,0.009621741235440677,0.6516650781720172,0.1694339427499128,0.5030879118405865,0.5989472224717195,0.45611873910525985,9071,962,8109,2983,6088,485,477
CA->PR,CA,PR,large,314,target_oracle,0.02,0.9101826857672994,target_labels,156532,39133,9071,0.635627800002112,0.01997780244173141,0.2338877338877339,0.04266343291809062,0.025620496397117692,0.017465692389948315,0.008154804007169378,0.6817078060951702,0.1694339427499128,0.5030879118405865,0.5989472224717195,0.45611873910525985,9071,962,8109,2983,6088,485,477
CA->PR,CA,PR,large,314,source_calibrated,0.02,0.8621848897696563,source_calibration_labels,156532,39133,9071,0.635627800002112,0.04723147120483413,0.38357588357588357,0.08290155440414508,0.06164931945556445,0.04081268936018535,0.020836630095379095,0.6620136235178118,0.1694339427499128,0.5030879118405865,0.5989472224717195,0.45611873910525985,9071,962,8109,2983,6088,485,477
CA->PR,CA,PR,large,314,target_oracle,0.05,0.8589933594644281,target_labels,156532,39133,9071,0.635627800002112,0.049944506104328525,0.3898128898128898,0.08598831440855473,0.06365092073658928,0.04384245232578863,0.019808468410800646,0.6887952572944653,0.1694339427499128,0.5030879118405865,0.5989472224717195,0.45611873910525985,9071,962,8109,2983,6088,485,477
CA->PR,CA,PR,large,314,source_calibrated,0.05,0.7595063536687611,source_calibration_labels,156532,39133,9071,0.635627800002112,0.1072881982981872,0.6018711018711018,0.15973983022819976,0.13250600480384309,0.09606130814471574,0.03644469665912735,0.7249581502885193,0.1694339427499128,0.5030879118405865,0.5989472224717195,0.45611873910525985,9071,962,8109,2983,6088,485,477
CA->PR,CA,PR,large,314,target_oracle,0.1,0.7735681617056674,target_labels,156532,39133,9071,0.635627800002112,0.09988901220865705,0.577962577962578,0.1505897916436997,0.1257005604483587,0.08839779005524862,0.037302770393110085,0.703241017700672,0.1694339427499128,0.5030879118405865,0.5989472224717195,0.45611873910525985,9071,962,8109,2983,6088,485,477
CA->PR,CA,PR,large,314,source_calibrated,0.1,0.6174472587022684,source_calibration_labels,156532,39133,9071,0.635627800002112,0.1915155999506721,0.7245322245322245,0.24804321464006174,0.23738991192954365,0.17109249688112635,0.0662974150484173,0.7207235366088593,0.1694339427499128,0.5030879118405865,0.5989472224717195,0.45611873910525985,9071,962,8109,2983,6088,485,477
CA->PR,CA,PR,large,2718,target_oracle,0.01,0.940164235539581,target_labels,156532,39133,9071,0.6359909999955562,0.009988901220865706,0.17567567567567569,0.027560357182229083,0.01401120896717374,0.008198182142220638,0.005813026824953101,0.5851159711790616,0.17860920147152523,0.5306903443767725,0.6407404053160535,0.4767679837030085,9071,962,8109,2983,6088,485,477
CA->PR,CA,PR,large,2718,source_calibrated,0.01,0.9101119361481652,source_calibration_labels,156532,39133,9071,0.6359909999955562,0.03107658157602664,0.3024948024948025,0.05986109579980157,0.04123298638911129,0.026554981286758154,0.014678005102353137,0.6440227500419599,0.17860920147152523,0.5306903443767725,0.6407404053160535,0.4767679837030085,9071,962,8109,2983,6088,485,477
CA->PR,CA,PR,large,2718,target_oracle,0.02,0.9232103580767385,target_labels,156532,39133,9071,0.6359909999955562,0.01997780244173141,0.25675675675675674,0.045088744350126775,0.02802241793434748,0.016396364284441276,0.011626053649906203,0.5851159711790616,0.17860920147152523,0.5306903443767725,0.6407404053160535,0.4767679837030085,9071,962,8109,2983,6088,485,477
CA->PR,CA,PR,large,2718,source_calibrated,0.02,0.8646464736005297,source_calibration_labels,156532,39133,9071,0.6359909999955562,0.058576889875447034,0.42411642411642414,0.09734318156763312,0.07766212970376302,0.05008019960791303,0.027581930095849985,0.6448471062915812,0.17860920147152523,0.5306903443767725,0.6407404053160535,0.4767679837030085,9071,962,8109,2983,6088,485,477
CA->PR,CA,PR,large,2718,target_oracle,0.05,0.876981620410996,target_labels,156532,39133,9071,0.6359909999955562,0.049944506104328525,0.3908523908523909,0.08609855583728365,0.06525220176140913,0.04312956692211727,0.022122634839291853,0.6609672280456991,0.17860920147152523,0.5306903443767725,0.6407404053160535,0.4767679837030085,9071,962,8109,2983,6088,485,477
CA->PR,CA,PR,large,2718,source_calibrated,0.05,0.7544810772205308,source_calibration_labels,156532,39133,9071,0.6359909999955562,0.12726600073991862,0.6278586278586279,0.1803549774005071,0.16373098478783027,0.1110319016218143,0.05269908316601597,0.6781361619835993,0.17860920147152523,0.5306903443767725,0.6407404053160535,0.4767679837030085,9071,962,8109,2983,6088,485,477
CA->PR,CA,PR,large,2718,target_oracle,0.1,0.7970483249193577,target_labels,156532,39133,9071,0.6359909999955562,0.09988901220865705,0.5634095634095634,0.14904641164149487,0.1297037630104083,0.08661557654607022,0.043088186464338096,0.6677954018891463,0.17860920147152523,0.5306903443767725,0.6407404053160535,0.4767679837030085,9071,962,8109,2983,6088,485,477
CA->PR,CA,PR,large,2718,source_calibrated,0.1,0.6055031955223348,source_calibration_labels,156532,39133,9071,0.6359909999955562,0.21137008262424467,0.7525987525987526,0.268768603241098,0.27061649319455566,0.18499376225271788,0.08562273094183778,0.6836012102178834,0.17860920147152523,0.5306903443767725,0.6407404053160535,0.4767679837030085,9071,962,8109,2983,6088,485,477
CA->PR,CA,PR,large,1618,target_oracle,0.01,0.9427882685770362,target_labels,156532,39133,9071,0.5949337999991258,0.009988901220865706,0.15592515592515593,0.025465770036379672,0.015612489991993595,0.007485296738549278,0.008127193253444317,0.47944285263836145,0.1886320277257868,0.5556929837789746,0.6782249913425384,0.49565471528979727,9071,962,8109,2983,6088,485,477
CA->PR,CA,PR,large,1618,source_calibrated,0.01,0.9089774863508921,source_calibration_labels,156532,39133,9071,0.5949337999991258,0.030336662967073623,0.30145530145530147,0.05908940579869915,0.04523618895116093,0.023703439672072713,0.021532749279088218,0.5239928522198021,0.1886320277257868,0.5556929837789746,0.6782249913425384,0.49565471528979727,9071,962,8109,2983,6088,485,477
CA->PR,CA,PR,large,1618,target_oracle,0.02,0.9233758837265806,target_labels,156532,39133,9071,0.5949337999991258,0.01997780244173141,0.24116424116424118,0.043435122919193034,0.02842273819055244,0.016218142933523437,0.012204595257029004,0.5706045218019936,0.1886320277257868,0.5556929837789746,0.6782249913425384,0.49565471528979727,9071,962,8109,2983,6088,485,477
CA->PR,CA,PR,large,1618,source_calibrated,0.02,0.8670151725940951,source_calibration_labels,156532,39133,9071,0.5949337999991258,0.06141324454310026,0.4365904365904366,0.10120163157314518,0.08406725380304243,0.05132774906433791,0.032739504738704524,0.6105557960129337,0.1886320277257868,0.5556929837789746,0.6782249913425384,0.49565471528979727,9071,962,8109,2983,6088,485,477
CA->PR,CA,PR,large,1618,target_oracle,0.05,0.883344681077279,target_labels,156532,39133,9071,0.5949337999991258,0.049944506104328525,0.39604989604989604,0.08664976298092823,0.06965572457966374,0.04116913206202103,0.028486592517642705,0.5910373097179801,0.1886320277257868,0.5556929837789746,0.6782249913425384,0.49565471528979727,9071,962,8109,2983,6088,485,477
CA->PR,CA,PR,large,1618,source_calibrated,0.05,0.7614669762039428,source_calibration_labels,156532,39133,9071,0.5949337999991258,0.13059563448020717,0.6486486486486487,0.18553632455076619,0.16813450760608487,0.11388344323649974,0.05425106436958513,0.6773353362018485,0.1886320277257868,0.5556929837789746,0.6782249913425384,0.49565471528979727,9071,962,8109,2983,6088,485,477
CA->PR,CA,PR,large,1618,target_oracle,0.1,0.8081114666917035,target_labels,156532,39133,9071,0.5949337999991258,0.09988901220865705,0.5654885654885655,0.1492668944989527,0.12930344275420336,0.08679379789698806,0.0425096448572153,0.6712411985965206,0.1886320277257868,0.5556929837789746,0.6782249913425384,0.49565471528979727,9071,962,8109,2983,6088,485,477
CA->PR,CA,PR,large,1618,source_calibrated,0.1,0.6112747294642116,source_calibration_labels,156532,39133,9071,0.5949337999991258,0.22616845480330497,0.762993762993763,0.28309998897585714,0.2942353883106485,0.1958652646587061,0.09837012365194239,0.6656754164863237,0.1886320277257868,0.5556929837789746,0.6782249913425384,0.49565471528979727,9071,962,8109,2983,6088,485,477
CA->PR,CA,PR,large,8675309,target_oracle,0.01,0.9394972715231891,target_labels,156532,39133,9071,0.6261263999986113,0.009865581452706869,0.17151767151767153,0.0270091500385845,0.01200960768614892,0.008911067545891998,0.003098540140256921,0.7419948909879404,0.18823874717691652,0.5561544894626459,0.6621319113357432,0.5042276416559033,9071,962,8109,2983,6088,485,477
CA->PR,CA,PR,large,8675309,source_calibrated,0.01,0.9119668840611869,source_calibration_labels,156532,39133,9071,0.6261263999986113,0.027007029226785054,0.29002079002079,0.05490023150700033,0.036028823058446756,0.022990554268401353,0.013038268790045403,0.6381156062496287,0.18823874717691652,0.5561544894626459,0.6621319113357432,0.5042276416559033,9071,962,8109,2983,6088,485,477
CA->PR,CA,PR,large,8675309,target_oracle,0.02,0.9218169681671569,target_labels,156532,39133,9071,0.6261263999986113,0.01997780244173141,0.24844074844074845,0.04420681292029545,0.02642113690952762,0.017109249688112636,0.009311887221414985,0.6475591775894752,0.18823874717691652,0.5561544894626459,0.6621319113357432,0.5042276416559033,9071,962,8109,2983,6088,485,477
CA->PR,CA,PR,large,8675309,source_calibrated,0.02,0.871594744127851,source_calibration_labels,156532,39133,9071,0.6261263999986113,0.059810087557035395,0.4293139293139293,0.09899680299856686,0.07686148919135308,0.05221885581892711,0.02464263337242597,0.679389072060833,0.18823874717691652,0.5561544894626459,0.6621319113357432,0.5042276416559033,9071,962,8109,2983,6088,485,477
CA->PR,CA,PR,large,8675309,target_oracle,0.05,0.8847804270461495,target_labels,156532,39133,9071,0.6261263999986113,0.049944506104328525,0.38565488565488565,0.08554734869363907,0.06485188150520416,0.04330778827303511,0.021544093232169048,0.6677954018891463,0.18823874717691652,0.5561544894626459,0.6621319113357432,0.5042276416559033,9071,962,8109,2983,6088,485,477
CA->PR,CA,PR,large,8675309,source_calibrated,0.05,0.7597953586592918,source_calibration_labels,156532,39133,9071,0.6261263999986113,0.13565174497471943,0.6392931392931392,0.1890640502700915,0.16693354683746997,0.12172518267688469,0.04520836416058528,0.7291834684097314,0.18823874717691652,0.5561544894626459,0.6621319113357432,0.5042276416559033,9071,962,8109,2983,6088,485,477
CA->PR,CA,PR,large,8675309,target_oracle,0.1,0.8117338818378926,target_labels,156532,39133,9071,0.6261263999986113,0.09988901220865705,0.5686070686070686,0.14959761878513947,0.12209767814251402,0.09000178221350918,0.03209589592900483,0.737129350719167,0.18823874717691652,0.5561544894626459,0.6621319113357432,0.5042276416559033,9071,962,8109,2983,6088,485,477
CA->PR,CA,PR,large,8675309,source_calibrated,0.1,0.6081875093166154,source_calibration_labels,156532,39133,9071,0.6261263999986113,0.2249352571217166,0.762993762993763,0.28199757468856795,0.28182546036829464,0.19960791302798075,0.08221754734031389,0.7082678504884885,0.18823874717691652,0.5561544894626459,0.6621319113357432,0.5042276416559033,9071,962,8109,2983,6088,485,477
CA->HI,CA,HI,small,42,target_oracle,0.01,0.8492461437862219,target_labels,156532,39133,7731,0.21953680000297027,0.009824414715719064,0.2015609093993892,0.08291294787220282,0.014184397163120567,0.008002371072910491,0.006182026090210076,0.5641671606401897,0.14384198371388032,0.4406641555758472,0.5069465167685275,0.4027731208789948,7731,2947,4784,2812,4919,1402,1545
CA->HI,CA,HI,small,42,source_calibrated,0.01,0.857147018916402,source_calibration_labels,156532,39133,7731,0.21953680000297027,0.008361204013377926,0.1832371903630811,0.07502263614021472,0.012056737588652482,0.006816834617664493,0.005239902970987989,0.5653962829945256,0.14384198371388032,0.4406641555758472,0.5069465167685275,0.4027731208789948,7731,2947,4784,2812,4919,1402,1545
CA->HI,CA,HI,small,42,target_oracle,0.02,0.8165095016011905,target_labels,156532,39133,7731,0.21953680000297027,0.019857859531772576,0.2901255514082117,0.12288190402276548,0.027659574468085105,0.016597510373443983,0.011062064094641121,0.6000638365783595,0.14384198371388032,0.4406641555758472,0.5069465167685275,0.4027731208789948,7731,2947,4784,2812,4919,1402,1545
CA->HI,CA,HI,small,42,source_calibrated,0.02,0.8133705442919821,source_calibration_labels,156532,39133,7731,0.21953680000297027,0.020693979933110368,0.2982694265354598,0.12650368645712068,0.028368794326241134,0.017486662714878483,0.010882131611362651,0.6164048606994665,0.14384198371388032,0.4406641555758472,0.5069465167685275,0.4027731208789948,7731,2947,4784,2812,4919,1402,1545
CA->HI,CA,HI,small,42,target_oracle,0.05,0.7406257509369842,target_labels,156532,39133,7731,0.21953680000297027,0.04995819397993311,0.4468951476077367,0.20126762385202432,0.06453900709219858,0.04386484884410195,0.020674158248096625,0.6796641414305907,0.14384198371388032,0.4406641555758472,0.5069465167685275,0.4027731208789948,7731,2947,4784,2812,4919,1402,1545
CA->HI,CA,HI,small,42,source_calibrated,0.05,0.7232677262786347,source_calibration_labels,156532,39133,7731,0.21953680000297027,0.057065217391304345,0.47675602307431286,0.21704824731600053,0.07234042553191489,0.05068168346176645,0.021658742070148437,0.7005997419714775,0.14384198371388032,0.4406641555758472,0.5069465167685275,0.4027731208789948,7731,2947,4784,2812,4919,1402,1545
CA->HI,CA,HI,small,42,target_oracle,0.1,0.633633725317974,target_labels,156532,39133,7731,0.21953680000297027,0.09991638795986622,0.5965388530709196,0.2892251972577933,0.12836879432624113,0.08802608180201542,0.04034271252422571,0.6857280405571368,0.14384198371388032,0.4406641555758472,0.5069465167685275,0.4027731208789948,7731,2947,4784,2812,4919,1402,1545
CA->HI,CA,HI,small,42,source_calibrated,0.1,0.5995749717145411,source_calibration_labels,156532,39133,7731,0.21953680000297027,0.11747491638795987,0.6369189005768578,0.31548311990686845,0.15390070921985816,0.1022525192649674,0.05164818995489076,0.664405770339189,0.14384198371388032,0.4406641555758472,0.5069465167685275,0.4027731208789948,7731,2947,4784,2812,4919,1402,1545
CA->HI,CA,HI,small,314,target_oracle,0.01,0.8529492336423844,target_labels,156532,39133,7731,0.20810160000110045,0.009824414715719064,0.19138106549032916,0.07903246669253654,0.016312056737588652,0.007113218731475993,0.00919883800611266,0.4360712352774413,0.1433828927337355,0.4396923084444821,0.5072175328338375,0.40109077744572896,7731,2947,4784,2812,4919,1402,1545
CA->HI,CA,HI,small,314,source_calibrated,0.01,0.85567126325631,source_calibration_labels,156532,39133,7731,0.20810160000110045,0.008779264214046822,0.1839158466236851,0.07554003363083689,0.014893617021276596,0.006224066390041493,0.008669550631235104,0.41790160047421454,0.1433828927337355,0.4396923084444821,0.5072175328338375,0.40109077744572896,7731,2947,4784,2812,4919,1402,1545
CA->HI,CA,HI,small,314,target_oracle,0.02,0.8230352616825235,target_labels,156532,39133,7731,0.20810160000110045,0.019857859531772576,0.2755344418052256,0.11731988099857715,0.029078014184397163,0.016004742145820983,0.01307327203857618,0.5504069859904289,0.1433828927337355,0.4396923084444821,0.5072175328338375,0.40109077744572896,7731,2947,4784,2812,4919,1402,1545
CA->HI,CA,HI,small,314,source_calibrated,0.02,0.811622430998992,source_calibration_labels,156532,39133,7731,0.20810160000110045,0.02403846153846154,0.3033593484899898,0.1305135170094425,0.03475177304964539,0.01956135151155898,0.015190421538086411,0.5628878700264931,0.1433828927337355,0.4396923084444821,0.5072175328338375,0.40109077744572896,7731,2947,4784,2812,4919,1402,1545
CA->HI,CA,HI,small,314,target_oracle,0.05,0.7336794043106758,target_labels,156532,39133,7731,0.20810160000110045,0.04995819397993311,0.4604682728198168,0.20644159875824603,0.06595744680851064,0.043272080616478956,0.02268536619203168,0.6560605770885519,0.1433828927337355,0.4396923084444821,0.5072175328338375,0.40109077744572896,7731,2947,4784,2812,4919,1402,1545
CA->HI,CA,HI,small,314,source_calibrated,0.05,0.7173082549337088,source_calibration_labels,156532,39133,7731,0.20810160000110045,0.05664715719063545,0.4855785544621649,0.22015263225973353,0.07092198581560284,0.05068168346176645,0.020240302353836392,0.7146117368109068,0.1433828927337355,0.4396923084444821,0.5072175328338375,0.40109077744572896,7731,2947,4784,2812,4919,1402,1545
CA->HI,CA,HI,small,314,target_oracle,0.1,0.6308144572307912,target_labels,156532,39133,7731,0.20810160000110045,0.09991638795986622,0.5999321343739396,0.29051869098434874,0.1276595744680851,0.08832246591582692,0.03933710855225818,0.6918593163406442,0.1433828927337355,0.4396923084444821,0.5072175328338375,0.40109077744572896,7731,2947,4784,2812,4919,1402,1545
CA->HI,CA,HI,small,314,source_calibrated,0.1,0.5941913163684455,source_calibration_labels,156532,39133,7731,0.20810160000110045,0.11747491638795987,0.6413301662707839,0.3171646617513905,0.15815602836879433,0.1004742145820984,0.05768181378669593,0.6352853926491423,0.1433828927337355,0.4396923084444821,0.5072175328338375,0.40109077744572896,7731,2947,4784,2812,4919,1402,1545
CA->HI,CA,HI,small,2718,target_oracle,0.01,0.8527363254603931,target_labels,156532,39133,7731,0.22215629999845987,0.009824414715719064,0.2032575500508992,0.08355969473548053,0.014893617021276596,0.007705986959098993,0.007187630062177604,0.5174019815395038,0.14364885533151467,0.44009900649770994,0.5078079277169226,0.4013924632026447,7731,2947,4784,2812,4919,1402,1545
CA->HI,CA,HI,small,2718,source_calibrated,0.01,0.8559602698081488,source_calibration_labels,156532,39133,7731,0.22215629999845987,0.009406354515050168,0.19443501866304716,0.07993791230112533,0.014184397163120567,0.007409602845287492,0.006774794317833075,0.5223770005927683,0.14364885533151467,0.44009900649770994,0.5078079277169226,0.4013924632026447,7731,2947,4784,2812,4919,1402,1545
CA->HI,CA,HI,small,2718,target_oracle,0.02,0.8214887860478429,target_labels,156532,39133,7731,0.22215629999845987,0.019857859531772576,0.2816423481506617,0.11964816970637693,0.028368794326241134,0.016301126259632485,0.01206766806660865,0.5746147006520451,0.14364885533151467,0.44009900649770994,0.5078079277169226,0.4013924632026447,7731,2947,4784,2812,4919,1402,1545
CA->HI,CA,HI,small,2718,source_calibrated,0.02,0.8139245911141882,source_calibration_labels,156532,39133,7731,0.22215629999845987,0.023202341137123744,0.2962334577536478,0.12727978269305393,0.03333333333333333,0.01896858328393598,0.014364750049397353,0.5690574985180794,0.14364885533151467,0.44009900649770994,0.5078079277169226,0.4013924632026447,7731,2947,4784,2812,4919,1402,1545
CA->HI,CA,HI,small,2718,target_oracle,0.05,0.7418883995223344,target_labels,156532,39133,7731,0.22215629999845987,0.04995819397993311,0.44757380386834067,0.2015263225973354,0.06666666666666667,0.04297569650266746,0.02369097016399921,0.6446354475400119,0.14364885533151467,0.44009900649770994,0.5078079277169226,0.4013924632026447,7731,2947,4784,2812,4919,1402,1545
CA->HI,CA,HI,small,2718,source_calibrated,0.05,0.7171398672966637,source_calibration_labels,156532,39133,7731,0.22215629999845987,0.06124581939799331,0.4794706481167289,0.2206700297503557,0.07943262411347518,0.05364552459988144,0.025787099513593738,0.6753588364806503,0.14364885533151467,0.44009900649770994,0.5078079277169226,0.4013924632026447,7731,2947,4784,2812,4919,1402,1545
CA->HI,CA,HI,small,2718,target_oracle,0.1,0.6326296516035035,target_labels,156532,39133,7731,0.22215629999845987,0.09991638795986622,0.5992534781133356,0.29025999223903765,0.13049645390070921,0.08713692946058091,0.043359524440128305,0.667734079018582,0.14364885533151467,0.44009900649770994,0.5078079277169226,0.4013924632026447,7731,2947,4784,2812,4919,1402,1545
CA->HI,CA,HI,small,2718,source_calibrated,0.1,0.588483951477762,source_calibration_labels,156532,39133,7731,0.22215629999845987,0.12123745819397994,0.6450627757041059,0.3209157935584012,0.16170212765957448,0.1043272080616479,0.05737491959792658,0.6451814182759804,0.14364885533151467,0.44009900649770994,0.5078079277169226,0.4013924632026447,7731,2947,4784,2812,4919,1402,1545
CA->HI,CA,HI,small,1618,target_oracle,0.01,0.8561035924097782,target_labels,156532,39133,7731,0.2063382000051206,0.009824414715719064,0.18696979979640313,0.0773509248480145,0.015602836879432624,0.007409602845287492,0.008193234034145132,0.474888182357062,0.14372146457002136,0.44050596932297253,0.5080273652275296,0.4019066269193105,7731,2947,4784,2812,4919,1402,1545
CA->HI,CA,HI,small,1618,source_calibrated,0.01,0.8560024657391123,source_calibration_labels,156532,39133,7731,0.2063382000051206,0.010033444816053512,0.18696979979640313,0.07748027422067003,0.015602836879432624,0.007705986959098993,0.007896849920333631,0.49388370965134454,0.14372146457002136,0.44050596932297253,0.5080273652275296,0.4019066269193105,7731,2947,4784,2812,4919,1402,1545
CA->HI,CA,HI,small,1618,target_oracle,0.02,0.8179520612472325,target_labels,156532,39133,7731,0.2063382000051206,0.019857859531772576,0.2867322701051917,0.12158841029621006,0.029078014184397163,0.016004742145820983,0.01307327203857618,0.5504069859904289,0.14372146457002136,0.44050596932297253,0.5080273652275296,0.4019066269193105,7731,2947,4784,2812,4919,1402,1545
CA->HI,CA,HI,small,1618,source_calibrated,0.02,0.8146435184986048,source_calibration_labels,156532,39133,7731,0.2063382000051206,0.021948160535117056,0.29182219205972176,0.12482214461259863,0.031205673758865248,0.018079430942501484,0.013126242816363765,0.5793635824756157,0.14372146457002136,0.44050596932297253,0.5080273652275296,0.4019066269193105,7731,2947,4784,2812,4919,1402,1545
CA->HI,CA,HI,small,1618,target_oracle,0.05,0.7373672608515134,target_labels,156532,39133,7731,0.2063382000051206,0.04995819397993311,0.4472344757380387,0.20139697322467986,0.06524822695035461,0.043568464730290454,0.021679762220064153,0.667734079018582,0.14372146457002136,0.44050596932297253,0.5080273652275296,0.4019066269193105,7731,2947,4784,2812,4919,1402,1545
CA->HI,CA,HI,small,1618,source_calibrated,0.05,0.717669110419156,source_calibration_labels,156532,39133,7731,0.2063382000051206,0.05811036789297659,0.48286392941974887,0.220023282887078,0.07304964539007092,0.05186721991701245,0.021182425473058465,0.7100269910969667,0.14372146457002136,0.44050596932297253,0.5080273652275296,0.4019066269193105,7731,2947,4784,2812,4919,1402,1545
CA->HI,CA,HI,small,1618,target_oracle,0.1,0.628890661741468,target_labels,156532,39133,7731,0.2063382000051206,0.09991638795986622,0.6026467594163556,0.29155348596559305,0.12836879432624113,0.08802608180201542,0.04034271252422571,0.6857280405571368,0.14372146457002136,0.44050596932297253,0.5080273652275296,0.4019066269193105,7731,2947,4784,2812,4919,1402,1545
CA->HI,CA,HI,small,1618,source_calibrated,0.1,0.5907635629752565,source_calibration_labels,156532,39133,7731,0.2063382000051206,0.12061036789297659,0.6403121818798778,0.318716854223257,0.1595744680851064,0.1043272080616479,0.05524726002345849,0.6537838371863268,0.14372146457002136,0.44050596932297253,0.5080273652275296,0.4019066269193105,7731,2947,4784,2812,4919,1402,1545
CA->HI,CA,HI,small,8675309,target_oracle,0.01,0.851427847006043,target_labels,156532,39133,7731,0.2242465000017546,0.009824414715719064,0.2022395656599932,0.0831716466175139,0.014184397163120567,0.008002371072910491,0.006182026090210076,0.5641671606401897,0.14349030355920403,0.43984339925421784,0.5085254766605395,0.40058054061088055,7731,2947,4784,2812,4919,1402,1545
CA->HI,CA,HI,small,8675309,source_calibrated,0.01,0.8599998569266349,source_calibration_labels,156532,39133,7731,0.2242465000017546,0.00794314381270903,0.17746861214794707,0.07256499805975941,0.01347517730496454,0.005631298162418494,0.007843879142546046,0.41790160047421454,0.14349030355920403,0.43984339925421784,0.5085254766605395,0.40058054061088055,7731,2947,4784,2812,4919,1402,1545
CA->HI,CA,HI,small,8675309,target_oracle,0.02,0.8203016624344617,target_labels,156532,39133,7731,0.2242465000017546,0.019857859531772576,0.2796063793688497,0.11887207347044366,0.02624113475177305,0.017190278601066984,0.009050856150706065,0.6550889953379581,0.14349030355920403,0.43984339925421784,0.5085254766605395,0.40058054061088055,7731,2947,4784,2812,4919,1402,1545
CA->HI,CA,HI,small,8675309,source_calibrated,0.02,0.8187114237087078,source_calibration_labels,156532,39133,7731,0.2242465000017546,0.02048494983277592,0.28435697319307773,0.1210710128055879,0.027659574468085105,0.017486662714878483,0.010172911753206622,0.6322101135379145,0.14349030355920403,0.43984339925421784,0.5085254766605395,0.40058054061088055,7731,2947,4784,2812,4919,1402,1545
CA->HI,CA,HI,small,8675309,target_oracle,0.05,0.7378649110687218,target_labels,156532,39133,7731,0.2242465000017546,0.04995819397993311,0.4523243976925687,0.203337213814513,0.06312056737588652,0.04445761707172496,0.01866295030416156,0.7043285401250808,0.14349030355920403,0.43984339925421784,0.5085254766605395,0.40058054061088055,7731,2947,4784,2812,4919,1402,1545
CA->HI,CA,HI,small,8675309,source_calibrated,0.05,0.7184943795876269,source_calibration_labels,156532,39133,7731,0.2242465000017546,0.056856187290969896,0.4791313199864269,0.21782434355193378,0.07375886524822695,0.04979253112033195,0.023966334127895,0.6750718161506544,0.14349030355920403,0.43984339925421784,0.5085254766605395,0.40058054061088055,7731,2947,4784,2812,4919,1402,1545
CA->HI,CA,HI,small,8675309,target_oracle,0.1,0.6282336214342559,target_labels,156532,39133,7731,0.2242465000017546,0.09991638795986622,0.5968781812012216,0.28935454663044885,0.1276595744680851,0.08832246591582692,0.03933710855225818,0.6918593163406442,0.14349030355920403,0.43984339925421784,0.5085254766605395,0.40058054061088055,7731,2947,4784,2812,4919,1402,1545
CA->HI,CA,HI,small,8675309,source_calibrated,0.1,0.5910277958690435,source_calibration_labels,156532,39133,7731,0.2242465000017546,0.11998327759197325,0.6386155412283678,0.31768205924201265,0.1574468085106383,0.1043272080616479,0.0531196004489904,0.662618753905061,0.14349030355920403,0.43984339925421784,0.5085254766605395,0.40058054061088055,7731,2947,4784,2812,4919,1402,1545
CA->HI,CA,HI,reference,42,target_oracle,0.01,0.8826071906995259,target_labels,156532,39133,7731,0.2882873999988078,0.009824414715719064,0.19443501866304716,0.08019661104643643,0.014893617021276596,0.007705986959098993,0.007187630062177604,0.5174019815395038,0.14284923430982335,0.43782324964130337,0.5014276245011331,0.40146311503958737,7731,2947,4784,2812,4919,1402,1545
CA->HI,CA,HI,reference,42,source_calibrated,0.01,0.8771228754313513,source_calibration_labels,156532,39133,7731,0.2882873999988078,0.0112876254180602,0.20902612826603326,0.08666407967921355,0.01773049645390071,0.008595139300533492,0.009135357153367218,0.4847658565500889,0.14284923430982335,0.43782324964130337,0.5014276245011331,0.40146311503958737,7731,2947,4784,2812,4919,1402,1545
CA->HI,CA,HI,reference,42,target_oracle,0.02,0.8503670406482902,target_labels,156532,39133,7731,0.2882873999988078,0.019857859531772576,0.28028503562945367,0.11913077221575476,0.027659574468085105,0.016597510373443983,0.011062064094641121,0.6000638365783595,0.14284923430982335,0.43782324964130337,0.5014276245011331,0.40146311503958737,7731,2947,4784,2812,4919,1402,1545
CA->HI,CA,HI,reference,42,source_calibrated,0.02,0.8366399010506791,source_calibration_labels,156532,39133,7731,0.2882873999988078,0.025501672240802676,0.31761112996267393,0.1368516362695641,0.03546099290780142,0.02133965619442798,0.014121336713373442,0.601778304682869,0.14284923430982335,0.43782324964130337,0.5014276245011331,0.40146311503958737,7731,2947,4784,2812,4919,1402,1545
CA->HI,CA,HI,reference,42,target_oracle,0.05,0.7653355844722906,target_labels,156532,39133,7731,0.2882873999988078,0.04995819397993311,0.45978961655921274,0.20618290001293493,0.06028368794326241,0.04564315352697095,0.014640534416291456,0.7571393702709299,0.14284923430982335,0.43782324964130337,0.5014276245011331,0.40146311503958737,7731,2947,4784,2812,4919,1402,1545
CA->HI,CA,HI,reference,42,source_calibrated,0.05,0.7379480554826308,source_calibration_labels,156532,39133,7731,0.2882873999988078,0.061036789297658864,0.5110281642348151,0.23257017203466562,0.07943262411347518,0.053349140486069944,0.026083483627405236,0.6716275721907019,0.14284923430982335,0.43782324964130337,0.5014276245011331,0.40146311503958737,7731,2947,4784,2812,4919,1402,1545
CA->HI,CA,HI,reference,42,target_oracle,0.1,0.6582804507928268,target_labels,156532,39133,7731,0.2882873999988078,0.09991638795986622,0.6087546657617916,0.2938817746733928,0.13333333333333333,0.08595139300533491,0.04738194032799842,0.6446354475400119,0.14284923430982335,0.43782324964130337,0.5014276245011331,0.40146311503958737,7731,2947,4784,2812,4919,1402,1545
CA->HI,CA,HI,reference,42,source_calibrated,0.1,0.6062130180707305,source_calibration_labels,156532,39133,7731,0.2882873999988078,0.12416387959866221,0.657278588394978,0.32738326219117836,0.1702127659574468,0.1049199762892709,0.06529278966817591,0.6164048606994665,0.14284923430982335,0.43782324964130337,0.5014276245011331,0.40146311503958737,7731,2947,4784,2812,4919,1402,1545
CA->HI,CA,HI,reference,314,target_oracle,0.01,0.8789025491241559,target_labels,156532,39133,7731,0.2755431000041426,0.009824414715719064,0.19613165931455717,0.08084335790971414,0.014893617021276596,0.007705986959098993,0.007187630062177604,0.5174019815395038,0.14224478697895748,0.436348804877275,0.4990659858415835,0.4004958443422809,7731,2947,4784,2812,4919,1402,1545
CA->HI,CA,HI,reference,314,source_calibrated,0.01,0.877574017430465,source_calibration_labels,156532,39133,7731,0.2755431000041426,0.01024247491638796,0.19884628435697319,0.08213685163626956,0.015602836879432624,0.008002371072910491,0.007600465806522133,0.512879236945627,0.14224478697895748,0.436348804877275,0.4990659858415835,0.4004958443422809,7731,2947,4784,2812,4919,1402,1545
CA->HI,CA,HI,reference,314,target_oracle,0.02,0.8551114004516837,target_labels,156532,39133,7731,0.2755431000041426,0.019857859531772576,0.26331862911435355,0.11266330358297762,0.028368794326241134,0.016301126259632485,0.01206766806660865,0.5746147006520451,0.14224478697895748,0.436348804877275,0.4990659858415835,0.4004958443422809,7731,2947,4784,2812,4919,1402,1545
CA->HI,CA,HI,reference,314,source_calibrated,0.02,0.8320189415784133,source_calibration_labels,156532,39133,7731,0.2755431000041426,0.027382943143812708,0.3233797081778079,0.1402147199586082,0.03900709219858156,0.022525192649673977,0.016481899548907584,0.5774640297461874,0.14224478697895748,0.436348804877275,0.4990659858415835,0.4004958443422809,7731,2947,4784,2812,4919,1402,1545
CA->HI,CA,HI,reference,314,target_oracle,0.05,0.7599361461417957,target_labels,156532,39133,7731,0.2755431000041426,0.04995819397993311,0.4675941635561588,0.2091579355840124,0.06382978723404255,0.04416123295791346,0.01966855427612909,0.6918593163406442,0.14224478697895748,0.436348804877275,0.4990659858415835,0.4004958443422809,7731,2947,4784,2812,4919,1402,1545
CA->HI,CA,HI,reference,314,source_calibrated,0.05,0.7294629892314426,source_calibration_labels,156532,39133,7731,0.2755431000041426,0.0625,0.5164574143196471,0.2355452076057431,0.07801418439716312,0.056016597510373446,0.021997586886789676,0.7180309317238778,0.14224478697895748,0.436348804877275,0.4990659858415835,0.4004958443422809,7731,2947,4784,2812,4919,1402,1545
CA->HI,CA,HI,reference,314,target_oracle,0.1,0.646528001975089,target_labels,156532,39133,7731,0.2755431000041426,0.09991638795986622,0.6138445877163217,0.295822015263226,0.1326241134751773,0.08624777711914641,0.04637633635603089,0.6503174638395531,0.14224478697895748,0.436348804877275,0.4990659858415835,0.4004958443422809,7731,2947,4784,2812,4919,1402,1545
CA->HI,CA,HI,reference,314,source_calibrated,0.1,0.6038005491129579,source_calibration_labels,156532,39133,7731,0.2755431000041426,0.12144648829431438,0.6562606040040719,0.3253136722286897,0.16666666666666666,0.1025489033787789,0.06411776328788776,0.6152934202726734,0.14224478697895748,0.436348804877275,0.4990659858415835,0.4004958443422809,7731,2947,4784,2812,4919,1402,1545
CA->HI,CA,HI,reference,2718,target_oracle,0.01,0.8833635844534321,target_labels,156532,39133,7731,0.2903292999981204,0.009824414715719064,0.18866644044791314,0.0779976717112922,0.016312056737588652,0.007113218731475993,0.00919883800611266,0.4360712352774413,0.14271168505091825,0.4373781863913641,0.5022994722112761,0.40026522527617947,7731,2947,4784,2812,4919,1402,1545
CA->HI,CA,HI,reference,2718,source_calibrated,0.01,0.8781927843150602,source_calibration_labels,156532,39133,7731,0.2903292999981204,0.0112876254180602,0.20257889379029523,0.08420644159875824,0.019148936170212766,0.008002371072910491,0.011146565097302275,0.41790160047421454,0.14271168505091825,0.4373781863913641,0.5022994722112761,0.40026522527617947,7731,2947,4784,2812,4919,1402,1545
CA->HI,CA,HI,reference,2718,target_oracle,0.02,0.8534715522341908,target_labels,156532,39133,7731,0.2903292999981204,0.019857859531772576,0.27078384798099764,0.11550898978139956,0.028368794326241134,0.016301126259632485,0.01206766806660865,0.5746147006520451,0.14271168505091825,0.4373781863913641,0.5022994722112761,0.40026522527617947,7731,2947,4784,2812,4919,1402,1545
CA->HI,CA,HI,reference,2718,source_calibrated,0.02,0.831800799844506,source_calibration_labels,156532,39133,7731,0.2903292999981204,0.02717391304347826,0.32677298948082795,0.1413788643125081,0.03687943262411347,0.023117960877296978,0.013761471746816495,0.626852400711322,0.14271168505091825,0.4373781863913641,0.5022994722112761,0.40026522527617947,7731,2947,4784,2812,4919,1402,1545
CA->HI,CA,HI,reference,2718,target_oracle,0.05,0.763923112263464,target_labels,156532,39133,7731,0.2903292999981204,0.04995819397993311,0.4509670851713607,0.20281981632389082,0.06595744680851064,0.043272080616478956,0.02268536619203168,0.6560605770885519,0.14271168505091825,0.4373781863913641,0.5022994722112761,0.40026522527617947,7731,2947,4784,2812,4919,1402,1545
CA->HI,CA,HI,reference,2718,source_calibrated,0.05,0.728498339114256,source_calibration_labels,156532,39133,7731,0.2903292999981204,0.06333612040133779,0.5151001017984391,0.2355452076057431,0.08226950354609928,0.05542382928275044,0.026845674263348843,0.6736862007644666,0.14271168505091825,0.4373781863913641,0.5022994722112761,0.40026522527617947,7731,2947,4784,2812,4919,1402,1545
CA->HI,CA,HI,reference,2718,target_oracle,0.1,0.6503515854900311,target_labels,156532,39133,7731,0.2903292999981204,0.09991638795986622,0.6080760095011877,0.29362307592808173,0.13404255319148936,0.08565500889152342,0.048387544299965946,0.6390135583970794,0.14271168505091825,0.4373781863913641,0.5022994722112761,0.40026522527617947,7731,2947,4784,2812,4919,1402,1545
CA->HI,CA,HI,reference,2718,source_calibrated,0.1,0.5917680260187139,source_calibration_labels,156532,39133,7731,0.2903292999981204,0.12959866220735786,0.664743807261622,0.3335920320786444,0.18085106382978725,0.1081802015411974,0.07267086228858985,0.5981728791101503,0.14271168505091825,0.4373781863913641,0.5022994722112761,0.40026522527617947,7731,2947,4784,2812,4919,1402,1545
CA->HI,CA,HI,reference,1618,target_oracle,0.01,0.8824794702365968,target_labels,156532,39133,7731,0.27203580000059446,0.009824414715719064,0.1981676280963692,0.08161945414564739,0.01702127659574468,0.006816834617664493,0.010204441978080188,0.400489033787789,0.1425041557466201,0.43673768030958493,0.5006637007532289,0.40019367350179347,7731,2947,4784,2812,4919,1402,1545
CA->HI,CA,HI,reference,1618,source_calibrated,0.01,0.8770482795590524,source_calibration_labels,156532,39133,7731,0.27203580000059446,0.012123745819397994,0.21208008143875126,0.08834562152373561,0.018439716312056736,0.00948429164196799,0.008955424670088747,0.5143404313528794,0.1425041557466201,0.43673768030958493,0.5006637007532289,0.40019367350179347,7731,2947,4784,2812,4919,1402,1545
CA->HI,CA,HI,reference,1618,target_oracle,0.02,0.8558717666947954,target_labels,156532,39133,7731,0.27203580000059446,0.019857859531772576,0.2673905666779776,0.11421549605484413,0.02695035460992908,0.016893894487255482,0.010056460122673597,0.6268524007113219,0.1425041557466201,0.43673768030958493,0.5006637007532289,0.40019367350179347,7731,2947,4784,2812,4919,1402,1545
CA->HI,CA,HI,reference,1618,source_calibrated,0.02,0.8335626626886377,source_calibration_labels,156532,39133,7731,0.27203580000059446,0.027591973244147156,0.32914828639294197,0.14254300866640796,0.03829787234042553,0.023117960877296978,0.015179911463128554,0.6036356451294211,0.1425041557466201,0.43673768030958493,0.5006637007532289,0.40019367350179347,7731,2947,4784,2812,4919,1402,1545
CA->HI,CA,HI,reference,1618,target_oracle,0.05,0.7614318062112435,target_labels,156532,39133,7731,0.27203580000059446,0.04995819397993311,0.4665761791652528,0.2087698874660458,0.06808510638297872,0.04238292827504446,0.025702178107934265,0.6224992590397155,0.1425041557466201,0.43673768030958493,0.5006637007532289,0.40019367350179347,7731,2947,4784,2812,4919,1402,1545
CA->HI,CA,HI,reference,1618,source_calibrated,0.05,0.7324706495244112,source_calibration_labels,156532,39133,7731,0.27203580000059446,0.06270903010033445,0.5205293518832711,0.23722674945026517,0.08439716312056737,0.05364552459988144,0.03075163852068593,0.6356318460994356,0.1425041557466201,0.43673768030958493,0.5006637007532289,0.40019367350179347,7731,2947,4784,2812,4919,1402,1545
CA->HI,CA,HI,reference,1618,target_oracle,0.1,0.6516143982099833,target_labels,156532,39133,7731,0.27203580000059446,0.09991638795986622,0.6104513064133017,0.29452852153667053,0.1347517730496454,0.08535862477771192,0.049393148271933474,0.633450847034599,0.1425041557466201,0.43673768030958493,0.5006637007532289,0.40019367350179347,7731,2947,4784,2812,4919,1402,1545
CA->HI,CA,HI,reference,1618,source_calibrated,0.1,0.6017076559929218,source_calibration_labels,156532,39133,7731,0.27203580000059446,0.1254180602006689,0.6599932134373939,0.32919415340835595,0.17659574468085107,0.1040308239478364,0.07256492073301467,0.5890902078973869,0.1425041557466201,0.43673768030958493,0.5006637007532289,0.40019367350179347,7731,2947,4784,2812,4919,1402,1545
CA->HI,CA,HI,reference,8675309,target_oracle,0.01,0.8806666992827419,target_labels,156532,39133,7731,0.2906847000049311,0.009824414715719064,0.19205972175093317,0.07929116543784763,0.014893617021276596,0.007705986959098993,0.007187630062177604,0.5174019815395038,0.14279295444027226,0.4372194814065668,0.5013357519290594,0.40056671606620303,7731,2947,4784,2812,4919,1402,1545
CA->HI,CA,HI,reference,8675309,source_calibrated,0.01,0.8819377055052362,source_calibration_labels,156532,39133,7731,0.2906847000049311,0.009615384615384616,0.1876484560570071,0.07748027422067003,0.014893617021276596,0.007409602845287492,0.007484014175989104,0.4975019053264459,0.14279295444027226,0.4372194814065668,0.5013357519290594,0.40056671606620303,7731,2947,4784,2812,4919,1402,1545
CA->HI,CA,HI,reference,8675309,target_oracle,0.02,0.8533673086930105,target_labels,156532,39133,7731,0.2906847000049311,0.019857859531772576,0.2734984730234136,0.1165437847626439,0.02624113475177305,0.017190278601066984,0.009050856150706065,0.6550889953379581,0.14279295444027226,0.4372194814065668,0.5013357519290594,0.40056671606620303,7731,2947,4784,2812,4919,1402,1545
CA->HI,CA,HI,reference,8675309,source_calibrated,0.02,0.8402632198950502,source_calibration_labels,156532,39133,7731,0.2906847000049311,0.024665551839464884,0.31014591109602985,0.13348855258051998,0.03333333333333333,0.02104327208061648,0.012290061252716852,0.6312981624184945,0.14279295444027226,0.4372194814065668,0.5013357519290594,0.40056671606620303,7731,2947,4784,2812,4919,1402,1545
CA->HI,CA,HI,reference,8675309,target_oracle,0.05,0.7594120360190363,target_labels,156532,39133,7731,0.2906847000049311,0.04995819397993311,0.46623685103495077,0.20864053809339025,0.06595744680851064,0.043272080616478956,0.02268536619203168,0.6560605770885519,0.14279295444027226,0.4372194814065668,0.5013357519290594,0.40056671606620303,7731,2947,4784,2812,4919,1402,1545
CA->HI,CA,HI,reference,8675309,source_calibrated,0.05,0.7344056125834424,source_calibration_labels,156532,39133,7731,0.2906847000049311,0.059991638795986624,0.505259586019681,0.2297244858362437,0.075177304964539,0.05364552459988144,0.02153178036465756,0.7135866951493663,0.14279295444027226,0.4372194814065668,0.5013357519290594,0.40056671606620303,7731,2947,4784,2812,4919,1402,1545
CA->HI,CA,HI,reference,8675309,target_oracle,0.1,0.6484416882654885,target_labels,156532,39133,7731,0.2906847000049311,0.09991638795986622,0.6084153376314897,0.2937524253007373,0.1347517730496454,0.08535862477771192,0.049393148271933474,0.633450847034599,0.14279295444027226,0.4372194814065668,0.5013357519290594,0.40056671606620303,7731,2947,4784,2812,4919,1402,1545
CA->HI,CA,HI,reference,8675309,source_calibrated,0.1,0.5950503944137976,source_calibration_labels,156532,39133,7731,0.2906847000049311,0.12938963210702342,0.656939260264676,0.3304876471349114,0.17375886524822695,0.11084765856550088,0.06291120668272607,0.6379395860300255,0.14279295444027226,0.4372194814065668,0.5013357519290594,0.40056671606620303,7731,2947,4784,2812,4919,1402,1545
CA->HI,CA,HI,large,42,target_oracle,0.01,0.9263818245251286,target_labels,156532,39133,7731,0.618228999999701,0.009824414715719064,0.19375636240244315,0.07993791230112533,0.01773049645390071,0.006520450503852994,0.011210045950047716,0.3677534084173088,0.1457339770338463,0.4466545286623656,0.5142971239999334,0.4079859012809384,7731,2947,4784,2812,4919,1402,1545
CA->HI,CA,HI,large,42,source_calibrated,0.01,0.9119204625639512,source_calibration_labels,156532,39133,7731,0.618228999999701,0.016722408026755852,0.24058364438411944,0.10205665502522313,0.02553191489361702,0.013040901007705987,0.012491013885911032,0.5107686228018179,0.1457339770338463,0.4466545286623656,0.5142971239999334,0.4079859012809384,7731,2947,4784,2812,4919,1402,1545
CA->HI,CA,HI,large,42,target_oracle,0.02,0.9040858308708561,target_labels,156532,39133,7731,0.618228999999701,0.019857859531772576,0.2680692229385816,0.11447419480015522,0.029078014184397163,0.016004742145820983,0.01307327203857618,0.5504069859904289,0.1457339770338463,0.4466545286623656,0.5142971239999334,0.4079859012809384,7731,2947,4784,2812,4919,1402,1545
CA->HI,CA,HI,large,42,source_calibrated,0.02,0.8692685169169725,source_calibration_labels,156532,39133,7731,0.618228999999701,0.030936454849498328,0.35731252120800816,0.1553485965593067,0.04184397163120567,0.026378186129223474,0.015465785501982198,0.6303939396983915,0.1457339770338463,0.4466545286623656,0.5142971239999334,0.4079859012809384,7731,2947,4784,2812,4919,1402,1545
CA->HI,CA,HI,large,42,target_oracle,0.05,0.821319006412352,target_labels,156532,39133,7731,0.618228999999701,0.04995819397993311,0.4428232100441127,0.1997154313801578,0.07021276595744681,0.04149377593360996,0.028718990023836856,0.5909719602665661,0.1457339770338463,0.4466545286623656,0.5142971239999334,0.4079859012809384,7731,2947,4784,2812,4919,1402,1545
CA->HI,CA,HI,large,42,source_calibrated,0.05,0.7682541446780073,source_calibration_labels,156532,39133,7731,0.618228999999701,0.06960702341137123,0.5191720393620631,0.2409778812572759,0.09716312056737589,0.058091286307053944,0.039071834260321944,0.5978738225762487,0.1457339770338463,0.4466545286623656,0.5142971239999334,0.4079859012809384,7731,2947,4784,2812,4919,1402,1545
CA->HI,CA,HI,large,42,target_oracle,0.1,0.692706223105274,target_labels,156532,39133,7731,0.618228999999701,0.09991638795986622,0.6138445877163217,0.295822015263226,0.14326241134751774,0.08180201541197392,0.061460395935543824,0.5709942659944713,0.1457339770338463,0.4466545286623656,0.5142971239999334,0.4079859012809384,7731,2947,4784,2812,4919,1402,1545
CA->HI,CA,HI,large,42,source_calibrated,0.1,0.6167941571901737,source_calibration_labels,156532,39133,7731,0.618228999999701,0.1323160535117057,0.6766202918221921,0.33980080196611046,0.1950354609929078,0.10610551274451689,0.08892994824839091,0.5440319017082502,0.1457339770338463,0.4466545286623656,0.5142971239999334,0.4079859012809384,7731,2947,4784,2812,4919,1402,1545
CA->HI,CA,HI,large,314,target_oracle,0.01,0.9268915276538723,target_labels,156532,39133,7731,0.6076573000027565,0.009824414715719064,0.1825585341024771,0.07566938300349244,0.018439716312056736,0.006224066390041493,0.012215649922015244,0.3375359080753272,0.145837097489604,0.4466314155503786,0.510646262213529,0.4100366302654062,7731,2947,4784,2812,4919,1402,1545
CA->HI,CA,HI,large,314,source_calibrated,0.01,0.9074934291752605,source_calibration_labels,156532,39133,7731,0.6076573000027565,0.015677257525083612,0.24703087885985747,0.10386754624240073,0.02553191489361702,0.011558980438648489,0.013972934454968531,0.45272673384706585,0.145837097489604,0.4466314155503786,0.510646262213529,0.4100366302654062,7731,2947,4784,2812,4919,1402,1545
CA->HI,CA,HI,large,314,target_oracle,0.02,0.8995979902818706,target_labels,156532,39133,7731,0.6076573000027565,0.019857859531772576,0.2724804886325076,0.11615573664467728,0.031205673758865248,0.015115589804386485,0.016090083954478765,0.48438594600420326,0.145837097489604,0.4466314155503786,0.510646262213529,0.4100366302654062,7731,2947,4784,2812,4919,1402,1545
CA->HI,CA,HI,large,314,source_calibrated,0.02,0.8621848897696563,source_calibration_labels,156532,39133,7731,0.6076573000027565,0.03302675585284281,0.3698676620291822,0.1614280170741172,0.04539007092198582,0.027860106698280974,0.017529964223704845,0.6137929756965027,0.145837097489604,0.4466314155503786,0.510646262213529,0.4100366302654062,7731,2947,4784,2812,4919,1402,1545
CA->HI,CA,HI,large,314,target_oracle,0.05,0.8131038633956397,target_labels,156532,39133,7731,0.6076573000027565,0.04995819397993311,0.46216491347132677,0.20708834562152373,0.06950354609929078,0.041790160047421455,0.027713386051869328,0.6012665884373903,0.145837097489604,0.4466314155503786,0.510646262213529,0.4100366302654062,7731,2947,4784,2812,4919,1402,1545
CA->HI,CA,HI,large,314,source_calibrated,0.05,0.7595063536687611,source_calibration_labels,156532,39133,7731,0.6076573000027565,0.07232441471571906,0.5347811333559552,0.24860949424395293,0.10212765957446808,0.05986959098992294,0.04225806858454514,0.5862230784429955,0.145837097489604,0.4466314155503786,0.510646262213529,0.4100366302654062,7731,2947,4784,2812,4919,1402,1545
CA->HI,CA,HI,large,314,target_oracle,0.1,0.6899071860436888,target_labels,156532,39133,7731,0.6076573000027565,0.09991638795986622,0.6121479470648117,0.2951752683999483,0.15177304964539007,0.07824540604623592,0.07352764359915415,0.5155421613326759,0.145837097489604,0.4466314155503786,0.510646262213529,0.4100366302654062,7731,2947,4784,2812,4919,1402,1545
CA->HI,CA,HI,large,314,source_calibrated,0.1,0.6174472587022684,source_calibration_labels,156532,39133,7731,0.6076573000027565,0.13252508361204013,0.670173057346454,0.3374725132583107,0.20070921985815604,0.1040308239478364,0.09667839591031964,0.5183161193160754,0.145837097489604,0.4466314155503786,0.510646262213529,0.4100366302654062,7731,2947,4784,2812,4919,1402,1545
CA->HI,CA,HI,large,2718,target_oracle,0.01,0.931678608066639,target_labels,156532,39133,7731,0.637502300000051,0.009824414715719064,0.17441465897522904,0.07256499805975941,0.018439716312056736,0.006224066390041493,0.012215649922015244,0.3375359080753272,0.14574734892043034,0.4470271244947935,0.512287869640117,0.40972010775386036,7731,2947,4784,2812,4919,1402,1545
CA->HI,CA,HI,large,2718,source_calibrated,0.01,0.9101119361481652,source_calibration_labels,156532,39133,7731,0.637502300000051,0.017140468227424748,0.23922633186291142,0.10179795627991205,0.02695035460992908,0.013040901007705987,0.013909453602223091,0.48388606370698534,0.14574734892043034,0.4470271244947935,0.512287869640117,0.40972010775386036,7731,2947,4784,2812,4919,1402,1545
CA->HI,CA,HI,large,2718,target_oracle,0.02,0.8991273066238334,target_labels,156532,39133,7731,0.637502300000051,0.019857859531772576,0.2711231761112996,0.11563833915405511,0.028368794326241134,0.016301126259632485,0.01206766806660865,0.5746147006520451,0.14574734892043034,0.4470271244947935,0.512287869640117,0.40972010775386036,7731,2947,4784,2812,4919,1402,1545
CA->HI,CA,HI,large,2718,source_calibrated,0.02,0.8646464736005297,source_calibration_labels,156532,39133,7731,0.637502300000051,0.03198160535117057,0.36002714625042415,0.15703013840382873,0.04539007092198582,0.026378186129223474,0.019011884792762345,0.5811444131594546,0.14574734892043034,0.4470271244947935,0.512287869640117,0.40972010775386036,7731,2947,4784,2812,4919,1402,1545
CA->HI,CA,HI,large,2718,target_oracle,0.05,0.8198555572982009,target_labels,156532,39133,7731,0.637502300000051,0.04995819397993311,0.4533423820834747,0.20372526193247964,0.07163120567375887,0.04090100770598696,0.030730197967771912,0.5709942659944713,0.14574734892043034,0.4470271244947935,0.512287869640117,0.40972010775386036,7731,2947,4784,2812,4919,1402,1545
CA->HI,CA,HI,large,2718,source_calibrated,0.05,0.7544810772205308,source_calibration_labels,156532,39133,7731,0.637502300000051,0.07817725752508362,0.5436036647438073,0.2555943603673522,0.11134751773049645,0.06431535269709543,0.04703216503340102,0.5776092184898379,0.14574734892043034,0.4470271244947935,0.512287869640117,0.40972010775386036,7731,2947,4784,2812,4919,1402,1545
CA->HI,CA,HI,large,2718,target_oracle,0.1,0.6973263128836278,target_labels,156532,39133,7731,0.637502300000051,0.09991638795986622,0.6053613844587716,0.2925882809468374,0.1425531914893617,0.08209839952578542,0.060454791963576296,0.5759141459271514,0.14574734892043034,0.4470271244947935,0.512287869640117,0.40972010775386036,7731,2947,4784,2812,4919,1402,1545
CA->HI,CA,HI,large,2718,source_calibrated,0.1,0.6055031955223348,source_calibration_labels,156532,39133,7731,0.637502300000051,0.14172240802675584,0.6884967763827621,0.35014875177855387,0.21134751773049645,0.11262596324836989,0.09872155448212656,0.532894658322824,0.14574734892043034,0.4470271244947935,0.512287869640117,0.40972010775386036,7731,2947,4784,2812,4919,1402,1545
CA->HI,CA,HI,large,1618,target_oracle,0.01,0.9298924978342867,target_labels,156532,39133,7731,0.5965646999975434,0.009824414715719064,0.18018323719036308,0.07476393739490364,0.01276595744680851,0.008595139300533492,0.004170818146275018,0.6732859118751235,0.14492619367227377,0.4447501701035063,0.507749566994715,0.4087358777558587,7731,2947,4784,2812,4919,1402,1545
CA->HI,CA,HI,large,1618,source_calibrated,0.01,0.9089774863508921,source_calibration_labels,156532,39133,7731,0.5965646999975434,0.016304347826086956,0.2483881913810655,0.10477299185098952,0.023404255319148935,0.013337285121517486,0.01006697019763145,0.5698658188284744,0.14492619367227377,0.4447501701035063,0.507749566994715,0.4087358777558587,7731,2947,4784,2812,4919,1402,1545
CA->HI,CA,HI,large,1618,target_oracle,0.02,0.9009518822200676,target_labels,156532,39133,7731,0.5965646999975434,0.019857859531772576,0.2673905666779776,0.11421549605484413,0.027659574468085105,0.016597510373443983,0.011062064094641121,0.6000638365783595,0.14492619367227377,0.4447501701035063,0.507749566994715,0.4087358777558587,7731,2947,4784,2812,4919,1402,1545
CA->HI,CA,HI,large,1618,source_calibrated,0.02,0.8670151725940951,source_calibration_labels,156532,39133,7731,0.5965646999975434,0.032399665551839464,0.35188327112317613,0.1541844522054068,0.04397163120567376,0.02756372258446947,0.016407908621204288,0.6268524007113219,0.14492619367227377,0.4447501701035063,0.507749566994715,0.4087358777558587,7731,2947,4784,2812,4919,1402,1545
CA->HI,CA,HI,large,1618,target_oracle,0.05,0.8110326014058045,target_labels,156532,39133,7731,0.5965646999975434,0.04995819397993311,0.46114692908042076,0.20670029750355712,0.0673758865248227,0.04267931238885596,0.024696574135966737,0.633450847034599,0.14492619367227377,0.4447501701035063,0.507749566994715,0.4087358777558587,7731,2947,4784,2812,4919,1402,1545
CA->HI,CA,HI,large,1618,source_calibrated,0.05,0.7614669762039428,source_calibration_labels,156532,39133,7731,0.5965646999975434,0.07044314381270902,0.5276552426196132,0.24472901306428663,0.09574468085106383,0.05986959098992294,0.03587508986114089,0.6253046170058618,0.14492619367227377,0.4447501701035063,0.507749566994715,0.4087358777558587,7731,2947,4784,2812,4919,1402,1545
CA->HI,CA,HI,large,1618,target_oracle,0.1,0.6839336595180763,target_labels,156532,39133,7731,0.5965646999975434,0.09991638795986622,0.6135052595860196,0.2956926658905704,0.14184397163120568,0.08239478363959692,0.05944918799160877,0.5808832246591582,0.14492619367227377,0.4447501701035063,0.507749566994715,0.4087358777558587,7731,2947,4784,2812,4919,1402,1545
CA->HI,CA,HI,large,1618,source_calibrated,0.1,0.6112747294642116,source_calibration_labels,156532,39133,7731,0.5965646999975434,0.13294314381270902,0.6793349168646081,0.34122364506532143,0.19432624113475178,0.10729104919976289,0.08703519193498889,0.5521181728892908,0.14492619367227377,0.4447501701035063,0.507749566994715,0.4087358777558587,7731,2947,4784,2812,4919,1402,1545
CA->HI,CA,HI,large,8675309,target_oracle,0.01,0.923298883747682,target_labels,156532,39133,7731,0.6290972999995574,0.009824414715719064,0.19613165931455717,0.08084335790971414,0.016312056737588652,0.007113218731475993,0.00919883800611266,0.4360712352774413,0.1450987098759946,0.4443420757216628,0.5066686810586168,0.4087123920039325,7731,2947,4784,2812,4919,1402,1545
CA->HI,CA,HI,large,8675309,source_calibrated,0.01,0.9119668840611869,source_calibration_labels,156532,39133,7731,0.6290972999995574,0.014214046822742474,0.23108245673566338,0.09688268011900142,0.02198581560283688,0.010966212211025488,0.011019603391811392,0.4987857812111593,0.1450987098759946,0.4443420757216628,0.5066686810586168,0.4087123920039325,7731,2947,4784,2812,4919,1402,1545
CA->HI,CA,HI,large,8675309,target_oracle,0.02,0.8981830122890856,target_labels,156532,39133,7731,0.6290972999995574,0.019857859531772576,0.2734984730234136,0.1165437847626439,0.029787234042553193,0.015708358032009484,0.014078876010543709,0.5273520196460326,0.1450987098759946,0.4443420757216628,0.5066686810586168,0.4087123920039325,7731,2947,4784,2812,4919,1402,1545
CA->HI,CA,HI,large,8675309,source_calibrated,0.02,0.871594744127851,source_calibration_labels,156532,39133,7731,0.6290972999995574,0.028010033444816052,0.34034611469290804,0.14707023670935196,0.03475177304964539,0.025192649673977476,0.009559123375667916,0.7249313477613927,0.1450987098759946,0.4443420757216628,0.5066686810586168,0.4087123920039325,7731,2947,4784,2812,4919,1402,1545
CA->HI,CA,HI,large,8675309,target_oracle,0.05,0.816069184615573,target_labels,156532,39133,7731,0.6290972999995574,0.04995819397993311,0.4458771632168307,0.20087957573405768,0.06524822695035461,0.043568464730290454,0.021679762220064153,0.667734079018582,0.1450987098759946,0.4443420757216628,0.5066686810586168,0.4087123920039325,7731,2947,4784,2812,4919,1402,1545
CA->HI,CA,HI,large,8675309,source_calibrated,0.05,0.7597953586592918,source_calibration_labels,156532,39133,7731,0.6290972999995574,0.07148829431438126,0.5276552426196132,0.24537575992756436,0.09716312056737589,0.06075874333135744,0.03640437723601845,0.6253272123884233,0.1450987098759946,0.4443420757216628,0.5066686810586168,0.4087123920039325,7731,2947,4784,2812,4919,1402,1545
CA->HI,CA,HI,large,8675309,target_oracle,0.1,0.6846764521361235,target_labels,156532,39133,7731,0.6290972999995574,0.09991638795986622,0.6114692908042076,0.2949165696546372,0.14113475177304965,0.08269116775340841,0.05844358401964124,0.5859022438809339,0.1450987098759946,0.4443420757216628,0.5066686810586168,0.4087123920039325,7731,2947,4784,2812,4919,1402,1545
CA->HI,CA,HI,large,8675309,source_calibrated,0.1,0.6081875093166154,source_calibration_labels,156532,39133,7731,0.6290972999995574,0.1362876254180602,0.67967424499491,0.34342258440046564,0.1921985815602837,0.11292234736218139,0.0792762341981023,0.5875295563862574,0.1450987098759946,0.4443420757216628,0.5066686810586168,0.4087123920039325,7731,2947,4784,2812,4919,1402,1545
MS->HI,MS,HI,small,42,target_oracle,0.01,0.7495075112906024,target_labels,10551,2638,7731,0.04490020000230288,0.009824414715719064,0.16559212758737699,0.06920191437071531,0.019148936170212766,0.005927682276229994,0.013221253893982772,0.3095567410920108,0.17013624532091318,0.5105766139350211,0.6055237076812029,0.45629907223665483,7731,2947,4784,2812,4919,1402,1545
MS->HI,MS,HI,small,42,source_calibrated,0.01,0.7443121247432908,source_calibration_labels,10551,2638,7731,0.04490020000230288,0.011078595317725752,0.16966406515100102,0.07153020307851507,0.019858156028368795,0.007409602845287492,0.012448553183081303,0.3731264289948344,0.17013624532091318,0.5105766139350211,0.6055237076812029,0.45629907223665483,7731,2947,4784,2812,4919,1402,1545
MS->HI,MS,HI,small,42,target_oracle,0.02,0.6645927288950988,target_labels,10551,2638,7731,0.04490020000230288,0.019857859531772576,0.25517475398710554,0.10955891863924459,0.03971631205673759,0.011558980438648489,0.0281573316180891,0.29103861461597086,0.17013624532091318,0.5105766139350211,0.6055237076812029,0.45629907223665483,7731,2947,4784,2812,4919,1402,1545
MS->HI,MS,HI,small,42,source_calibrated,0.02,0.6642072336873387,source_calibration_labels,10551,2638,7731,0.04490020000230288,0.020066889632107024,0.25551408211740756,0.10981761738455569,0.04042553191489362,0.011558980438648489,0.02886655147624513,0.2859326740086731,0.17013624532091318,0.5105766139350211,0.6055237076812029,0.45629907223665483,7731,2947,4784,2812,4919,1402,1545
MS->HI,MS,HI,small,42,target_oracle,0.05,0.5210756513343482,target_labels,10551,2638,7731,0.04490020000230288,0.04995819397993311,0.39769256871394637,0.18251196481697063,0.08652482269503546,0.03467694131594547,0.051847881379089994,0.4007744857006812,0.17013624532091318,0.5105766139350211,0.6055237076812029,0.45629907223665483,7731,2947,4784,2812,4919,1402,1545
MS->HI,MS,HI,small,42,source_calibrated,0.05,0.5200945003533815,source_calibration_labels,10551,2638,7731,0.04490020000230288,0.05037625418060201,0.3990498812351544,0.1832880610529039,0.08652482269503546,0.035269709543568464,0.051255113151467,0.40762533161009457,0.17013624532091318,0.5105766139350211,0.6055237076812029,0.45629907223665483,7731,2947,4784,2812,4919,1402,1545
MS->HI,MS,HI,small,42,target_oracle,0.1,0.375393772265281,target_labels,10551,2638,7731,0.04490020000230288,0.09991638795986622,0.5693926026467594,0.27887724744534986,0.16666666666666666,0.07202133965619442,0.09464532701047224,0.43212803793716653,0.17013624532091318,0.5105766139350211,0.6055237076812029,0.45629907223665483,7731,2947,4784,2812,4919,1402,1545
MS->HI,MS,HI,small,42,source_calibrated,0.1,0.399389482691972,source_calibration_labels,10551,2638,7731,0.04490020000230288,0.0898829431438127,0.5357991177468612,0.2598628896649851,0.14822695035460992,0.06550088915234144,0.08272606120226848,0.4418959507406767,0.17013624532091318,0.5105766139350211,0.6055237076812029,0.45629907223665483,7731,2947,4784,2812,4919,1402,1545
MS->HI,MS,HI,small,314,target_oracle,0.01,0.7492588427900824,target_labels,10551,2638,7731,0.04610349999711616,0.009824414715719064,0.17237869019341703,0.07178890182382615,0.01773049645390071,0.006520450503852994,0.011210045950047716,0.3677534084173088,0.16824896286464772,0.5063083400563245,0.598079714662307,0.45384623284103215,7731,2947,4784,2812,4919,1402,1545
MS->HI,MS,HI,small,314,source_calibrated,0.01,0.7231154845462976,source_calibration_labels,10551,2638,7731,0.04610349999711616,0.012750836120401338,0.2015609093993892,0.08472383908938041,0.023404255319148935,0.008298755186721992,0.015105500132426944,0.3545831761599397,0.16824896286464772,0.5063083400563245,0.598079714662307,0.45384623284103215,7731,2947,4784,2812,4919,1402,1545
MS->HI,MS,HI,small,314,target_oracle,0.02,0.6643458534408715,target_labels,10551,2638,7731,0.04610349999711616,0.019857859531772576,0.26128266033254155,0.11188720734704437,0.036170212765957444,0.013040901007705987,0.023129311758251454,0.36054255727187146,0.16824896286464772,0.5063083400563245,0.598079714662307,0.45384623284103215,7731,2947,4784,2812,4919,1402,1545
MS->HI,MS,HI,small,314,source_calibrated,0.02,0.6711255988622914,source_calibration_labels,10551,2638,7731,0.04610349999711616,0.019021739130434784,0.25415676959619954,0.1086534730306558,0.03546099290780142,0.012151748666271488,0.023309244241529935,0.34267931238885596,0.16824896286464772,0.5063083400563245,0.598079714662307,0.45384623284103215,7731,2947,4784,2812,4919,1402,1545
MS->HI,MS,HI,small,314,target_oracle,0.05,0.5362359358164257,target_labels,10551,2638,7731,0.04610349999711616,0.04995819397993311,0.40821174075330846,0.18652179536929245,0.08368794326241134,0.03586247777119146,0.04782546549121988,0.4285262174354234,0.16824896286464772,0.5063083400563245,0.598079714662307,0.45384623284103215,7731,2947,4784,2812,4919,1402,1545
MS->HI,MS,HI,small,314,source_calibrated,0.05,0.5770554520796104,source_calibration_labels,10551,2638,7731,0.04610349999711616,0.04013377926421405,0.3637597556837462,0.16349760703660587,0.06808510638297872,0.02845287492590397,0.03963223145707476,0.41790160047421454,0.16824896286464772,0.5063083400563245,0.598079714662307,0.45384623284103215,7731,2947,4784,2812,4919,1402,1545
MS->HI,MS,HI,small,314,target_oracle,0.1,0.3979520468487506,target_labels,10551,2638,7731,0.04610349999711616,0.09991638795986622,0.5575161180861894,0.2743500194024059,0.16453900709219857,0.07291049199762893,0.09162851509456964,0.44311980050283106,0.16824896286464772,0.5063083400563245,0.598079714662307,0.45384623284103215,7731,2947,4784,2812,4919,1402,1545
MS->HI,MS,HI,small,314,source_calibrated,0.1,0.44464670259717565,source_calibration_labels,10551,2638,7731,0.04610349999711616,0.07838628762541806,0.5086528673227011,0.24240072435648688,0.13404255319148936,0.05512744516893894,0.07891510802255042,0.41126824173652865,0.16824896286464772,0.5063083400563245,0.598079714662307,0.45384623284103215,7731,2947,4784,2812,4919,1402,1545
MS->HI,MS,HI,small,2718,target_oracle,0.01,0.7656460255562143,target_labels,10551,2638,7731,0.0465563999969163,0.009824414715719064,0.15405497115710892,0.06480403570042685,0.018439716312056736,0.006224066390041493,0.012215649922015244,0.3375359080753272,0.16952938684694585,0.509953482573708,0.609116557536504,0.4532658292304712,7731,2947,4784,2812,4919,1402,1545
MS->HI,MS,HI,small,2718,source_calibrated,0.01,0.7725027703744782,source_calibration_labels,10551,2638,7731,0.0465563999969163,0.008361204013377926,0.14523243976925687,0.06053550640279395,0.016312056737588652,0.005038529934795495,0.011273526802793157,0.3088837916548543,0.16952938684694585,0.509953482573708,0.609116557536504,0.4532658292304712,7731,2947,4784,2812,4919,1402,1545
MS->HI,MS,HI,small,2718,target_oracle,0.02,0.6580247671637369,target_labels,10551,2638,7731,0.0465563999969163,0.019857859531772576,0.2650152697658636,0.11331005044625533,0.0375886524822695,0.012448132780082987,0.025140519702186517,0.33116730603617006,0.16952938684694585,0.509953482573708,0.609116557536504,0.4532658292304712,7731,2947,4784,2812,4919,1402,1545
MS->HI,MS,HI,small,2718,source_calibrated,0.02,0.6917616434484095,source_calibration_labels,10551,2638,7731,0.0465563999969163,0.017140468227424748,0.2317611129962674,0.0989522700814901,0.031205673758865248,0.011262596324836989,0.01994307743402826,0.36091501859136715,0.16952938684694585,0.509953482573708,0.609116557536504,0.4532658292304712,7731,2947,4784,2812,4919,1402,1545
MS->HI,MS,HI,small,2718,target_oracle,0.05,0.5218559217879003,target_labels,10551,2638,7731,0.0465563999969163,0.04995819397993311,0.4041398031896844,0.18496960289742595,0.08723404255319149,0.03438055720213397,0.05285348535105752,0.3941185825610479,0.16952938684694585,0.509953482573708,0.609116557536504,0.4532658292304712,7731,2947,4784,2812,4919,1402,1545
MS->HI,MS,HI,small,2718,source_calibrated,0.05,0.5835059625606674,source_calibration_labels,10551,2638,7731,0.0465563999969163,0.03177257525083612,0.335934848998982,0.14771698357262966,0.05531914893617021,0.021932424422050976,0.03338672451411923,0.3964707491678446,0.16952938684694585,0.509953482573708,0.609116557536504,0.4532658292304712,7731,2947,4784,2812,4919,1402,1545
MS->HI,MS,HI,small,2718,target_oracle,0.1,0.37229607637588596,target_labels,10551,2638,7731,0.0465563999969163,0.09991638795986622,0.5782151340346114,0.282240331134394,0.16595744680851063,0.07231772377000593,0.0936397230385047,0.43576064322952296,0.16952938684694585,0.509953482573708,0.609116557536504,0.4532658292304712,7731,2947,4784,2812,4919,1402,1545
MS->HI,MS,HI,small,2718,source_calibrated,0.1,0.4500619142609066,source_calibration_labels,10551,2638,7731,0.0465563999969163,0.07023411371237458,0.47743467933491684,0.22545595653861078,0.11914893617021277,0.04979253112033195,0.06935640504988083,0.41790160047421454,0.16952938684694585,0.509953482573708,0.609116557536504,0.4532658292304712,7731,2947,4784,2812,4919,1402,1545
MS->HI,MS,HI,small,1618,target_oracle,0.01,0.7491663965320926,target_labels,10551,2638,7731,0.04714819999935571,0.009824414715719064,0.17237869019341703,0.07178890182382615,0.019858156028368795,0.005631298162418494,0.0142268578659503,0.28357608603607415,0.1690523737493922,0.5090964744536697,0.6091385257774188,0.4519063446869727,7731,2947,4784,2812,4919,1402,1545
MS->HI,MS,HI,small,1618,source_calibrated,0.01,0.7487709040937405,source_calibration_labels,10551,2638,7731,0.04714819999935571,0.01024247491638796,0.17305734645402104,0.07230629931444832,0.02056737588652482,0.005927682276229994,0.014639693610294827,0.2882080003270445,0.1690523737493922,0.5090964744536697,0.6091385257774188,0.4519063446869727,7731,2947,4784,2812,4919,1402,1545
MS->HI,MS,HI,small,1618,target_oracle,0.02,0.6772603394364876,target_labels,10551,2638,7731,0.04714819999935571,0.019857859531772576,0.2473702069901595,0.10658388306816712,0.04042553191489362,0.011262596324836989,0.02916293559005663,0.2786010669828097,0.1690523737493922,0.5090964744536697,0.6091385257774188,0.4519063446869727,7731,2947,4784,2812,4919,1402,1545
MS->HI,MS,HI,small,1618,source_calibrated,0.02,0.6864312104128358,source_calibration_labels,10551,2638,7731,0.04714819999935571,0.018812709030100336,0.23685103495079743,0.10192730565256758,0.03900709219858156,0.01037344398340249,0.028633648215179074,0.2659373821199547,0.1690523737493922,0.5090964744536697,0.6091385257774188,0.4519063446869727,7731,2947,4784,2812,4919,1402,1545
MS->HI,MS,HI,small,1618,target_oracle,0.05,0.5263498594215159,target_labels,10551,2638,7731,0.04714819999935571,0.04995819397993311,0.4116050220563285,0.18781528909584788,0.0851063829787234,0.035269709543568464,0.04983667343515494,0.4144190871369295,0.1690523737493922,0.5090964744536697,0.6091385257774188,0.4519063446869727,7731,2947,4784,2812,4919,1402,1545
MS->HI,MS,HI,small,1618,source_calibrated,0.05,0.5605808161926267,source_calibration_labels,10551,2638,7731,0.04714819999935571,0.040342809364548496,0.36952833389888023,0.16582589574440565,0.07234042553191489,0.026970954356846474,0.04536947117506841,0.3728337808152307,0.1690523737493922,0.5090964744536697,0.6091385257774188,0.4519063446869727,7731,2947,4784,2812,4919,1402,1545
MS->HI,MS,HI,small,1618,target_oracle,0.1,0.3808497216907256,target_labels,10551,2638,7731,0.04714819999935571,0.09991638795986622,0.5697319307770614,0.27900659681800544,0.16879432624113475,0.07113218731475993,0.09766213892637482,0.4214133786294601,0.1690523737493922,0.5090964744536697,0.6091385257774188,0.4519063446869727,7731,2947,4784,2812,4919,1402,1545
MS->HI,MS,HI,small,1618,source_calibrated,0.1,0.44120448744314017,source_calibration_labels,10551,2638,7731,0.04714819999935571,0.07545986622073579,0.5022056328469631,0.23813219505885397,0.13404255319148936,0.05097806757557795,0.08306448561591141,0.38031256762732757,0.1690523737493922,0.5090964744536697,0.6091385257774188,0.4519063446869727,7731,2947,4784,2812,4919,1402,1545
MS->HI,MS,HI,small,8675309,target_oracle,0.01,0.7514302196894171,target_labels,10551,2638,7731,0.04461829999490874,0.009824414715719064,0.166270783847981,0.06946061311602639,0.019858156028368795,0.005631298162418494,0.0142268578659503,0.28357608603607415,0.17020708972216397,0.5121033226391063,0.6083195371203203,0.45710027423065464,7731,2947,4784,2812,4919,1402,1545
MS->HI,MS,HI,small,8675309,source_calibrated,0.01,0.7739205612320075,source_calibration_labels,10551,2638,7731,0.04461829999490874,0.008779264214046822,0.13946386155412283,0.05859526581296081,0.01702127659574468,0.005334914048606995,0.011686362547137686,0.31342620035566093,0.17020708972216397,0.5121033226391063,0.6083195371203203,0.45710027423065464,7731,2947,4784,2812,4919,1402,1545
MS->HI,MS,HI,small,8675309,target_oracle,0.02,0.673359844841252,target_labels,10551,2638,7731,0.04461829999490874,0.019857859531772576,0.25551408211740756,0.10968826801190014,0.0375886524822695,0.012448132780082987,0.025140519702186517,0.33116730603617006,0.17020708972216397,0.5121033226391063,0.6083195371203203,0.45710027423065464,7731,2947,4784,2812,4919,1402,1545
MS->HI,MS,HI,small,8675309,source_calibrated,0.02,0.7262872853822294,source_calibration_labels,10551,2638,7731,0.04461829999490874,0.011705685618729096,0.19477434679334918,0.08149010477299184,0.024113475177304965,0.006520450503852994,0.01759302467345197,0.27040691795390354,0.17020708972216397,0.5121033226391063,0.6083195371203203,0.45710027423065464,7731,2947,4784,2812,4919,1402,1545
MS->HI,MS,HI,small,8675309,target_oracle,0.05,0.5285433600731273,target_labels,10551,2638,7731,0.04461829999490874,0.04995819397993311,0.40515778758059046,0.1853576510153926,0.08368794326241134,0.03586247777119146,0.04782546549121988,0.4285262174354234,0.17020708972216397,0.5121033226391063,0.6083195371203203,0.45710027423065464,7731,2947,4784,2812,4919,1402,1545
MS->HI,MS,HI,small,8675309,source_calibrated,0.05,0.5964786166646188,source_calibration_labels,10551,2638,7731,0.04461829999490874,0.0338628762541806,0.33389888021717,0.14823438106325185,0.06028368794326241,0.022821576763485476,0.037462111179776936,0.37856968513546496,0.17020708972216397,0.5121033226391063,0.6083195371203203,0.45710027423065464,7731,2947,4784,2812,4919,1402,1545
MS->HI,MS,HI,small,8675309,target_oracle,0.1,0.3940623867495538,target_labels,10551,2638,7731,0.04461829999490874,0.09991638795986622,0.5520868680013573,0.2722804294399172,0.16595744680851063,0.07231772377000593,0.0936397230385047,0.43576064322952296,0.17020708972216397,0.5121033226391063,0.6083195371203203,0.45710027423065464,7731,2947,4784,2812,4919,1402,1545
MS->HI,MS,HI,small,8675309,source_calibrated,0.1,0.4616525106534345,source_calibration_labels,10551,2638,7731,0.04461829999490874,0.06918896321070234,0.47539871055310484,0.22403311343939983,0.11560283687943262,0.04979253112033195,0.06581030575910068,0.43072066797342357,0.17020708972216397,0.5121033226391063,0.6083195371203203,0.45710027423065464,7731,2947,4784,2812,4919,1402,1545
MS->HI,MS,HI,reference,42,target_oracle,0.01,0.7995814510660201,target_labels,10551,2638,7731,0.06804689999989932,0.009824414715719064,0.16491347132677298,0.06894321562540422,0.02269503546099291,0.004445761707172495,0.018249273753820412,0.19589137522228806,0.16833296413793594,0.5114824855041132,0.6004879106325095,0.4606015634750321,7731,2947,4784,2812,4919,1402,1545
MS->HI,MS,HI,reference,42,source_calibrated,0.01,0.7740218235724498,source_calibration_labels,10551,2638,7731,0.06804689999989932,0.012332775919732442,0.18968442483881914,0.07993791230112533,0.02624113475177305,0.006520450503852994,0.019720684247920055,0.24848203271439787,0.16833296413793594,0.5114824855041132,0.6004879106325095,0.4606015634750321,7731,2947,4784,2812,4919,1402,1545
MS->HI,MS,HI,reference,42,target_oracle,0.02,0.719589413907418,target_labels,10551,2638,7731,0.06804689999989932,0.019857859531772576,0.24703087885985747,0.10645453369551158,0.03900709219858156,0.011855364552459988,0.027151727646121573,0.30392843670851966,0.16833296413793594,0.5114824855041132,0.6004879106325095,0.4606015634750321,7731,2947,4784,2812,4919,1402,1545
MS->HI,MS,HI,reference,42,source_calibrated,0.02,0.6899774331140737,source_calibration_labels,10551,2638,7731,0.06804689999989932,0.023829431438127092,0.27790973871733965,0.12068296468762127,0.04893617021276596,0.013337285121517486,0.03559888509124847,0.2725445220484008,0.16833296413793594,0.5114824855041132,0.6004879106325095,0.4606015634750321,7731,2947,4784,2812,4919,1402,1545
MS->HI,MS,HI,reference,42,target_oracle,0.05,0.5566893220936027,target_labels,10551,2638,7731,0.06804689999989932,0.04995819397993311,0.41126569392602647,0.18768593972319234,0.09290780141843971,0.032009484291641965,0.060898317126797746,0.34452956374973415,0.16833296413793594,0.5114824855041132,0.6004879106325095,0.4606015634750321,7731,2947,4784,2812,4919,1402,1545
MS->HI,MS,HI,reference,42,source_calibrated,0.05,0.5497186034864613,source_calibration_labels,10551,2638,7731,0.06804689999989932,0.051839464882943144,0.4207668815744825,0.19247186651144743,0.0950354609929078,0.033787788974510964,0.061247672018396836,0.35552822726910793,0.16833296413793594,0.5114824855041132,0.6004879106325095,0.4606015634750321,7731,2947,4784,2812,4919,1402,1545
MS->HI,MS,HI,reference,42,target_oracle,0.1,0.4050174366349296,target_labels,10551,2638,7731,0.06804689999989932,0.09991638795986622,0.5483542585680353,0.2708575863407062,0.16879432624113475,0.07113218731475993,0.09766213892637482,0.4214133786294601,0.16833296413793594,0.5114824855041132,0.6004879106325095,0.4606015634750321,7731,2947,4784,2812,4919,1402,1545
MS->HI,MS,HI,reference,42,source_calibrated,0.1,0.41181888843380815,source_calibration_labels,10551,2638,7731,0.06804689999989932,0.09698996655518395,0.5405497115710892,0.26607165955245116,0.16382978723404254,0.06905749851807944,0.0947722887159631,0.42151979614931606,0.16833296413793594,0.5114824855041132,0.6004879106325095,0.4606015634750321,7731,2947,4784,2812,4919,1402,1545
MS->HI,MS,HI,reference,314,target_oracle,0.01,0.7891440709287135,target_labels,10551,2638,7731,0.06373560000065481,0.009824414715719064,0.17237869019341703,0.07178890182382615,0.01773049645390071,0.006520450503852994,0.011210045950047716,0.3677534084173088,0.16724873544063468,0.5089760074492475,0.5994350522335865,0.45726410788967026,7731,2947,4784,2812,4919,1402,1545
MS->HI,MS,HI,reference,314,source_calibrated,0.01,0.7582141188577988,source_calibration_labels,10551,2638,7731,0.06373560000065481,0.013795986622073578,0.20936545639633525,0.08834562152373561,0.024822695035460994,0.009187907528156491,0.0156347875073045,0.3701414175628758,0.16724873544063468,0.5089760074492475,0.5994350522335865,0.45726410788967026,7731,2947,4784,2812,4919,1402,1545
MS->HI,MS,HI,reference,314,target_oracle,0.02,0.7123953704443925,target_labels,10551,2638,7731,0.06373560000065481,0.019857859531772576,0.2639972853749576,0.11292200232828871,0.03829787234042553,0.012151748666271488,0.026146123674154045,0.31729565961931105,0.16724873544063468,0.5089760074492475,0.5994350522335865,0.45726410788967026,7731,2947,4784,2812,4919,1402,1545
MS->HI,MS,HI,reference,314,source_calibrated,0.02,0.7109847700965622,source_calibration_labels,10551,2638,7731,0.06373560000065481,0.020066889632107024,0.2660332541567696,0.1138274479368775,0.03829787234042553,0.012448132780082987,0.025849739560342547,0.3250345781466113,0.16724873544063468,0.5089760074492475,0.5994350522335865,0.45726410788967026,7731,2947,4784,2812,4919,1402,1545
MS->HI,MS,HI,reference,314,target_oracle,0.05,0.5710790143667306,target_labels,10551,2638,7731,0.06373560000065481,0.04995819397993311,0.4044791313199864,0.1850989522700815,0.08226950354609928,0.036455245998814466,0.04581425754728482,0.44311980050283106,0.16724873544063468,0.5089760074492475,0.5994350522335865,0.45726410788967026,7731,2947,4784,2812,4919,1402,1545
MS->HI,MS,HI,reference,314,source_calibrated,0.05,0.5883946324622259,source_calibration_labels,10551,2638,7731,0.06373560000065481,0.04598662207357859,0.38954869358669836,0.1769499417927823,0.08014184397163121,0.03171310017783047,0.048428743793800744,0.39571213496230934,0.16724873544063468,0.5089760074492475,0.5994350522335865,0.45726410788967026,7731,2947,4784,2812,4919,1402,1545
MS->HI,MS,HI,reference,314,target_oracle,0.1,0.4112032688760098,target_labels,10551,2638,7731,0.06373560000065481,0.09991638795986622,0.5629453681710214,0.27641960936489457,0.16595744680851063,0.07231772377000593,0.0936397230385047,0.43576064322952296,0.16724873544063468,0.5089760074492475,0.5994350522335865,0.45726410788967026,7731,2947,4784,2812,4919,1402,1545
MS->HI,MS,HI,reference,314,source_calibrated,0.1,0.46583133202252264,source_calibration_labels,10551,2638,7731,0.06373560000065481,0.0798494983277592,0.5106888361045131,0.24408226620100892,0.13333333333333333,0.05749851807943094,0.0758348152539024,0.43123888559573204,0.16724873544063468,0.5089760074492475,0.5994350522335865,0.45726410788967026,7731,2947,4784,2812,4919,1402,1545
MS->HI,MS,HI,reference,2718,target_oracle,0.01,0.8000759747495723,target_labels,10551,2638,7731,0.06509150000056252,0.009824414715719064,0.15812690872073296,0.06635622817229336,0.02056737588652482,0.005334914048606995,0.015232461837917826,0.2593872002943401,0.16829257316585508,0.5129704215724947,0.6077953967661677,0.45876269027657923,7731,2947,4784,2812,4919,1402,1545
MS->HI,MS,HI,reference,2718,source_calibrated,0.01,0.776181368184893,source_calibration_labels,10551,2638,7731,0.06509150000056252,0.012959866220735786,0.1835765184933831,0.0779976717112922,0.027659574468085105,0.006816834617664493,0.02084273985042061,0.24645479002325477,0.16829257316585508,0.5129704215724947,0.6077953967661677,0.45876269027657923,7731,2947,4784,2812,4919,1402,1545
MS->HI,MS,HI,reference,2718,target_oracle,0.02,0.704047913474602,target_labels,10551,2638,7731,0.06509150000056252,0.019857859531772576,0.2599253478113336,0.1113698098564222,0.03687943262411347,0.012744516893894487,0.024134915730218986,0.3455724773152159,0.16829257316585508,0.5129704215724947,0.6077953967661677,0.45876269027657923,7731,2947,4784,2812,4919,1402,1545
MS->HI,MS,HI,reference,2718,source_calibrated,0.02,0.7313304385855293,source_calibration_labels,10551,2638,7731,0.06509150000056252,0.016722408026755852,0.2327790973871734,0.09908161945414565,0.032624113475177303,0.01007705986959099,0.022547053605586315,0.3088837916548543,0.16829257316585508,0.5129704215724947,0.6077953967661677,0.45876269027657923,7731,2947,4784,2812,4919,1402,1545
MS->HI,MS,HI,reference,2718,target_oracle,0.05,0.5467875325016962,target_labels,10551,2638,7731,0.06509150000056252,0.04995819397993311,0.4146589752290465,0.18897943344974777,0.09219858156028368,0.03230586840545347,0.05989271315483021,0.3503944188591492,0.16829257316585508,0.5129704215724947,0.6077953967661677,0.45876269027657923,7731,2947,4784,2812,4919,1402,1545
MS->HI,MS,HI,reference,2718,source_calibrated,0.05,0.6227360481372664,source_calibration_labels,10551,2638,7731,0.06509150000056252,0.034489966555183944,0.33864947404139806,0.15043332039839608,0.06382978723404255,0.02222880853586248,0.041600978698180066,0.3482513337285122,0.16829257316585508,0.5129704215724947,0.6077953967661677,0.45876269027657923,7731,2947,4784,2812,4919,1402,1545
MS->HI,MS,HI,reference,2718,target_oracle,0.1,0.3898668667604026,target_labels,10551,2638,7731,0.06509150000056252,0.09991638795986622,0.5629453681710214,0.27641960936489457,0.1673758865248227,0.07172495554238292,0.09565093098243976,0.4285262174354234,0.16829257316585508,0.5129704215724947,0.6077953967661677,0.45876269027657923,7731,2947,4784,2812,4919,1402,1545
MS->HI,MS,HI,reference,2718,source_calibrated,0.1,0.4687382267950306,source_calibration_labels,10551,2638,7731,0.06509150000056252,0.07086120401337792,0.48795385137427894,0.22985383520889924,0.12411347517730496,0.04860699466508595,0.075506480512219,0.39163349987297824,0.16829257316585508,0.5129704215724947,0.6077953967661677,0.45876269027657923,7731,2947,4784,2812,4919,1402,1545
MS->HI,MS,HI,reference,1618,target_oracle,0.01,0.79326606177079,target_labels,10551,2638,7731,0.06887879999703728,0.009824414715719064,0.16457414319647098,0.06881386625274867,0.019858156028368795,0.005631298162418494,0.0142268578659503,0.28357608603607415,0.1687038866144255,0.5144618766360263,0.6139512180578357,0.45758770951300776,7731,2947,4784,2812,4919,1402,1545
MS->HI,MS,HI,reference,1618,source_calibrated,0.01,0.7936826558459851,source_calibration_labels,10551,2638,7731,0.06887879999703728,0.009824414715719064,0.164234815066169,0.06868451688009314,0.019858156028368795,0.005631298162418494,0.0142268578659503,0.28357608603607415,0.1687038866144255,0.5144618766360263,0.6139512180578357,0.45758770951300776,7731,2947,4784,2812,4919,1402,1545
MS->HI,MS,HI,reference,1618,target_oracle,0.02,0.7057608157197932,target_labels,10551,2638,7731,0.06887879999703728,0.019857859531772576,0.2524601289446895,0.10852412365800027,0.03971631205673759,0.011558980438648489,0.0281573316180891,0.29103861461597086,0.1687038866144255,0.5144618766360263,0.6139512180578357,0.45758770951300776,7731,2947,4784,2812,4919,1402,1545
MS->HI,MS,HI,reference,1618,source_calibrated,0.02,0.7192328161882633,source_calibration_labels,10551,2638,7731,0.06887879999703728,0.018812709030100336,0.23956565999321344,0.10296210063381192,0.0375886524822695,0.010966212211025488,0.026622440271244014,0.2917426267461498,0.1687038866144255,0.5144618766360263,0.6139512180578357,0.45758770951300776,7731,2947,4784,2812,4919,1402,1545
MS->HI,MS,HI,reference,1618,target_oracle,0.05,0.5476788374901136,target_labels,10551,2638,7731,0.06887879999703728,0.04995819397993311,0.4187309127926705,0.19053162592161427,0.09148936170212765,0.03260225251926497,0.05888710918286268,0.3563502019547567,0.1687038866144255,0.5144618766360263,0.6139512180578357,0.45758770951300776,7731,2947,4784,2812,4919,1402,1545
MS->HI,MS,HI,reference,1618,source_calibrated,0.05,0.5823537070509164,source_calibration_labels,10551,2638,7731,0.06887879999703728,0.04285117056856187,0.3803868340685443,0.1715172681412495,0.07588652482269503,0.029045643153526972,0.04684088166916806,0.38275099856516853,0.1687038866144255,0.5144618766360263,0.6139512180578357,0.45758770951300776,7731,2947,4784,2812,4919,1402,1545
MS->HI,MS,HI,reference,1618,target_oracle,0.1,0.3902385702972963,target_labels,10551,2638,7731,0.06887879999703728,0.09991638795986622,0.5690532745164574,0.27874789807269434,0.17163120567375886,0.06994665085951393,0.10168455481424493,0.40754040376824235,0.1687038866144255,0.5144618766360263,0.6139512180578357,0.45758770951300776,7731,2947,4784,2812,4919,1402,1545
MS->HI,MS,HI,reference,1618,source_calibrated,0.1,0.46235899375272954,source_calibration_labels,10551,2638,7731,0.06887879999703728,0.07357859531772576,0.49643705463182897,0.23476911136980985,0.13049645390070921,0.04979253112033195,0.08070392278037727,0.38156233086776115,0.1687038866144255,0.5144618766360263,0.6139512180578357,0.45758770951300776,7731,2947,4784,2812,4919,1402,1545
MS->HI,MS,HI,reference,8675309,target_oracle,0.01,0.7950681205672481,target_labels,10551,2638,7731,0.06535079999594018,0.009824414715719064,0.16491347132677298,0.06894321562540422,0.02198581560283688,0.004742145820983995,0.017243669781852884,0.21569114863185265,0.1681247291521369,0.512297382327939,0.6081720323437166,0.45748959297149117,7731,2947,4784,2812,4919,1402,1545
MS->HI,MS,HI,reference,8675309,source_calibrated,0.01,0.814132330237532,source_calibration_labels,10551,2638,7731,0.06535079999594018,0.00919732441471572,0.14421445537835087,0.060664855775449486,0.02056737588652482,0.004445761707172495,0.016121614179352324,0.21615600024528342,0.1681247291521369,0.512297382327939,0.6081720323437166,0.45748959297149117,7731,2947,4784,2812,4919,1402,1545
MS->HI,MS,HI,reference,8675309,target_oracle,0.02,0.7233229787892017,target_labels,10551,2638,7731,0.06535079999594018,0.019857859531772576,0.2524601289446895,0.10852412365800027,0.04113475177304964,0.010966212211025488,0.030168539562024154,0.2665924003025162,0.1681247291521369,0.512297382327939,0.6081720323437166,0.45748959297149117,7731,2947,4784,2812,4919,1402,1545
MS->HI,MS,HI,reference,8675309,source_calibrated,0.02,0.7501087839961537,source_calibration_labels,10551,2638,7731,0.06535079999594018,0.015468227424749164,0.22158126908720732,0.09403699392057949,0.032624113475177303,0.008298755186721992,0.024325358288455314,0.2543748872451741,0.1681247291521369,0.512297382327939,0.6081720323437166,0.45748959297149117,7731,2947,4784,2812,4919,1402,1545
MS->HI,MS,HI,reference,8675309,target_oracle,0.05,0.5671215897925449,target_labels,10551,2638,7731,0.06535079999594018,0.04995819397993311,0.4085510688836104,0.186651144741948,0.08581560283687943,0.034973325429756966,0.050842277407122466,0.40754040376824235,0.1681247291521369,0.512297382327939,0.6081720323437166,0.45748959297149117,7731,2947,4784,2812,4919,1402,1545
MS->HI,MS,HI,reference,8675309,source_calibrated,0.05,0.6302155919428958,source_calibration_labels,10551,2638,7731,0.06535079999594018,0.035535117056856184,0.34340006786562605,0.15289095847885137,0.06595744680851064,0.022821576763485476,0.04313587004502516,0.34600455093026367,0.1681247291521369,0.512297382327939,0.6081720323437166,0.45748959297149117,7731,2947,4784,2812,4919,1402,1545
MS->HI,MS,HI,reference,8675309,target_oracle,0.1,0.4095538662119601,target_labels,10551,2638,7731,0.06535079999594018,0.09991638795986622,0.5568374618255854,0.2740913206570948,0.16950354609929077,0.07083580320094843,0.09866774289834235,0.4179016004742146,0.1681247291521369,0.512297382327939,0.6081720323437166,0.45748959297149117,7731,2947,4784,2812,4919,1402,1545
MS->HI,MS,HI,reference,8675309,source_calibrated,0.1,0.4844769360008846,source_calibration_labels,10551,2638,7731,0.06535079999594018,0.07169732441471571,0.4835425856803529,0.22868969085499935,0.12056737588652482,0.05127445168938945,0.06929292419713537,0.4252763346002301,0.1681247291521369,0.512297382327939,0.6081720323437166,0.45748959297149117,7731,2947,4784,2812,4919,1402,1545
MS->HI,MS,HI,large,42,target_oracle,0.01,0.8854186262854287,target_labels,10551,2638,7731,0.18916920000629034,0.009824414715719064,0.14353579911774686,0.06079420514810503,0.02269503546099291,0.004445761707172495,0.018249273753820412,0.19589137522228806,0.18069207172850382,0.5735479478464218,0.6631299657881364,0.5223374102468893,7731,2947,4784,2812,4919,1402,1545
MS->HI,MS,HI,large,42,source_calibrated,0.01,0.8369129890013586,source_calibration_labels,10551,2638,7731,0.18916920000629034,0.01484113712374582,0.19307770614183917,0.08278359849954728,0.03333333333333333,0.007113218731475993,0.02622011460185734,0.21339656194427978,0.18069207172850382,0.5735479478464218,0.6631299657881364,0.5223374102468893,7731,2947,4784,2812,4919,1402,1545
MS->HI,MS,HI,large,42,target_oracle,0.02,0.7818379001993713,target_labels,10551,2638,7731,0.18916920000629034,0.019857859531772576,0.2463522225992535,0.10619583495020049,0.04113475177304964,0.010966212211025488,0.030168539562024154,0.2665924003025162,0.18069207172850382,0.5735479478464218,0.6631299657881364,0.5223374102468893,7731,2947,4784,2812,4919,1402,1545
MS->HI,MS,HI,large,42,source_calibrated,0.02,0.7516276467882211,source_calibration_labels,10551,2638,7731,0.18916920000629034,0.02403846153846154,0.2724804886325076,0.11874272409778813,0.05035460992907802,0.013040901007705987,0.03731370892137203,0.25898127353331607,0.18069207172850382,0.5735479478464218,0.6631299657881364,0.5223374102468893,7731,2947,4784,2812,4919,1402,1545
MS->HI,MS,HI,large,42,target_oracle,0.05,0.5838597133210968,target_labels,10551,2638,7731,0.18916920000629034,0.04995819397993311,0.39565659993213437,0.18173586858103738,0.09078014184397164,0.03289863663307647,0.05788150521089517,0.3623990441612329,0.18069207172850382,0.5735479478464218,0.6631299657881364,0.5223374102468893,7731,2947,4784,2812,4919,1402,1545
MS->HI,MS,HI,large,42,source_calibrated,0.05,0.5881531715043943,source_calibration_labels,10551,2638,7731,0.18916920000629034,0.04891304347826087,0.39158466236851036,0.17953692924589315,0.09007092198581561,0.03171310017783047,0.05835782180798514,0.3520903248089839,0.18069207172850382,0.5735479478464218,0.6631299657881364,0.5223374102468893,7731,2947,4784,2812,4919,1402,1545
MS->HI,MS,HI,large,42,target_oracle,0.1,0.38968954622679153,target_labels,10551,2638,7731,0.18916920000629034,0.09991638795986622,0.5344418052256532,0.265554262061829,0.17872340425531916,0.06698280972139893,0.11174059453392023,0.3747847686792559,0.18069207172850382,0.5735479478464218,0.6631299657881364,0.5223374102468893,7731,2947,4784,2812,4919,1402,1545
MS->HI,MS,HI,large,42,source_calibrated,0.1,0.4396310335388699,source_calibration_labels,10551,2638,7731,0.18916920000629034,0.08423913043478261,0.500169664065151,0.2427887724744535,0.150354609929078,0.056609365737996444,0.09374524419108157,0.37650568721969335,0.18069207172850382,0.5735479478464218,0.6631299657881364,0.5223374102468893,7731,2947,4784,2812,4919,1402,1545
MS->HI,MS,HI,large,314,target_oracle,0.01,0.874830908408668,target_labels,10551,2638,7731,0.17625659999612253,0.009824414715719064,0.13640990838140482,0.05807786832233864,0.01773049645390071,0.006520450503852994,0.011210045950047716,0.3677534084173088,0.1782427741085703,0.5648058449296802,0.6620088048608331,0.5092387127226458,7731,2947,4784,2812,4919,1402,1545
MS->HI,MS,HI,large,314,source_calibrated,0.01,0.8388123712006177,source_calibration_labels,10551,2638,7731,0.17625659999612253,0.013377926421404682,0.17780794027824906,0.07605743112145906,0.02553191489361702,0.008298755186721992,0.017233159706895027,0.32503457814661135,0.1782427741085703,0.5648058449296802,0.6620088048608331,0.5092387127226458,7731,2947,4784,2812,4919,1402,1545
MS->HI,MS,HI,large,314,target_oracle,0.02,0.7715310628548335,target_labels,10551,2638,7731,0.17625659999612253,0.019857859531772576,0.24261961316593145,0.10477299185098952,0.03475177304964539,0.013633669235328987,0.021118103814316405,0.39231578820028307,0.1782427741085703,0.5648058449296802,0.6620088048608331,0.5092387127226458,7731,2947,4784,2812,4919,1402,1545
MS->HI,MS,HI,large,314,source_calibrated,0.02,0.7697552112317797,source_calibration_labels,10551,2638,7731,0.17625659999612253,0.020275919732441472,0.24363759755683745,0.10541973871426724,0.03546099290780142,0.013930053349140487,0.021530939558660936,0.3928275044457617,0.1782427741085703,0.5648058449296802,0.6620088048608331,0.5092387127226458,7731,2947,4784,2812,4919,1402,1545
MS->HI,MS,HI,large,314,target_oracle,0.05,0.6035460495722903,target_labels,10551,2638,7731,0.17625659999612253,0.04995819397993311,0.38106549032914827,0.17617384555684906,0.08652482269503546,0.03467694131594547,0.051847881379089994,0.4007744857006812,0.1782427741085703,0.5648058449296802,0.6620088048608331,0.5092387127226458,7731,2947,4784,2812,4919,1402,1545
MS->HI,MS,HI,large,314,source_calibrated,0.05,0.6561633419549299,source_calibration_labels,10551,2638,7731,0.17625659999612253,0.04096989966555184,0.33864947404139806,0.1544431509507179,0.07092198581560284,0.02845287492590397,0.042469110889698874,0.40118553645524596,0.1782427741085703,0.5648058449296802,0.6620088048608331,0.5092387127226458,7731,2947,4784,2812,4919,1402,1545
MS->HI,MS,HI,large,314,target_oracle,0.1,0.40788042347196074,target_labels,10551,2638,7731,0.17625659999612253,0.09991638795986622,0.5419070240922973,0.26839994826025093,0.16595744680851063,0.07231772377000593,0.0936397230385047,0.43576064322952296,0.1782427741085703,0.5648058449296802,0.6620088048608331,0.5092387127226458,7731,2947,4784,2812,4919,1402,1545
MS->HI,MS,HI,large,314,source_calibrated,0.1,0.50250546720339,source_calibration_labels,10551,2638,7731,0.17625659999612253,0.07211538461538461,0.46182558534102475,0.2206700297503557,0.1198581560283688,0.05216360403082395,0.06769455199754484,0.43521113422166724,0.1782427741085703,0.5648058449296802,0.6620088048608331,0.5092387127226458,7731,2947,4784,2812,4919,1402,1545
MS->HI,MS,HI,large,2718,target_oracle,0.01,0.8705497318817375,target_labels,10551,2638,7731,0.1823837999982061,0.009824414715719064,0.14116050220563284,0.05988875953951623,0.019148936170212766,0.005927682276229994,0.013221253893982772,0.3095567410920108,0.1811860068228945,0.5774284136376306,0.6847036500897237,0.5161033547022199,7731,2947,4784,2812,4919,1402,1545
MS->HI,MS,HI,large,2718,source_calibrated,0.01,0.8431309138750206,source_calibration_labels,10551,2638,7731,0.1823837999982061,0.01254180602006689,0.16355615880556498,0.0701073599793041,0.02553191489361702,0.007113218731475993,0.018418696162141028,0.27860106698280973,0.1811860068228945,0.5774284136376306,0.6847036500897237,0.5161033547022199,7731,2947,4784,2812,4919,1402,1545
MS->HI,MS,HI,large,2718,target_oracle,0.02,0.7732562028113028,target_labels,10551,2638,7731,0.1823837999982061,0.019857859531772576,0.22531387852052936,0.09817617384555685,0.03829787234042553,0.012151748666271488,0.026146123674154045,0.31729565961931105,0.1811860068228945,0.5774284136376306,0.6847036500897237,0.5161033547022199,7731,2947,4784,2812,4919,1402,1545
MS->HI,MS,HI,large,2718,source_calibrated,0.02,0.7922126414732648,source_calibration_labels,10551,2638,7731,0.1823837999982061,0.017558528428093644,0.21072276891754327,0.09119130772215754,0.03475177304964539,0.01037344398340249,0.024378329066242904,0.2985011431958675,0.1811860068228945,0.5774284136376306,0.6847036500897237,0.5161033547022199,7731,2947,4784,2812,4919,1402,1545
MS->HI,MS,HI,large,2718,target_oracle,0.05,0.549239434207872,target_labels,10551,2638,7731,0.1823837999982061,0.04995819397993311,0.39769256871394637,0.18251196481697063,0.08723404255319149,0.03438055720213397,0.05285348535105752,0.3941185825610479,0.1811860068228945,0.5774284136376306,0.6847036500897237,0.5161033547022199,7731,2947,4784,2812,4919,1402,1545
MS->HI,MS,HI,large,2718,source_calibrated,0.05,0.6743083066072934,source_calibration_labels,10551,2638,7731,0.1823837999982061,0.032399665551839464,0.3108245673566339,0.13853317811408614,0.05815602836879433,0.021636040308239478,0.03651998806055485,0.3720343516416788,0.1811860068228945,0.5774284136376306,0.6847036500897237,0.5161033547022199,7731,2947,4784,2812,4919,1402,1545
MS->HI,MS,HI,large,2718,target_oracle,0.1,0.3518927765549263,target_labels,10551,2638,7731,0.1823837999982061,0.09991638795986622,0.5561588055649813,0.2738326219117837,0.1652482269503546,0.07261410788381743,0.09263411906653717,0.43942442968318707,0.1811860068228945,0.5774284136376306,0.6847036500897237,0.5161033547022199,7731,2947,4784,2812,4919,1402,1545
MS->HI,MS,HI,large,2718,source_calibrated,0.1,0.48151220348076335,source_calibration_labels,10551,2638,7731,0.1823837999982061,0.06124581939799331,0.45503902273498475,0.21135687491915664,0.10780141843971631,0.041790160047421455,0.06601125839229485,0.38765872149252795,0.1811860068228945,0.5774284136376306,0.6847036500897237,0.5161033547022199,7731,2947,4784,2812,4919,1402,1545
MS->HI,MS,HI,large,1618,target_oracle,0.01,0.8688676586729563,target_labels,10551,2638,7731,0.1788410999943153,0.009824414715719064,0.14794706481167288,0.06247574699262708,0.024822695035460994,0.0035566093657379964,0.021266085669722996,0.1432805487340164,0.18084787338765745,0.5792100520530372,0.6816964389373796,0.520622591203521,7731,2947,4784,2812,4919,1402,1545
MS->HI,MS,HI,large,1618,source_calibrated,0.01,0.8404095740132626,source_calibration_labels,10551,2638,7731,0.1788410999943153,0.013168896321070234,0.17373600271462505,0.074375889276937,0.029078014184397163,0.006520450503852994,0.02255756368054417,0.22423988318128588,0.18084787338765745,0.5792100520530372,0.6816964389373796,0.520622591203521,7731,2947,4784,2812,4919,1402,1545
MS->HI,MS,HI,large,1618,target_oracle,0.02,0.7814358954638543,target_labels,10551,2638,7731,0.1788410999943153,0.019857859531772576,0.23583305055989143,0.10218600439787867,0.04184397163120567,0.01066982809721399,0.031174143533991682,0.2549908070690123,0.18084787338765745,0.5792100520530372,0.6816964389373796,0.520622591203521,7731,2947,4784,2812,4919,1402,1545
MS->HI,MS,HI,large,1618,source_calibrated,0.02,0.7896692210645727,source_calibration_labels,10551,2638,7731,0.1788410999943153,0.019021739130434784,0.22904648795385138,0.09908161945414565,0.03900709219858156,0.01066982809721399,0.02833726410136757,0.2735355930376677,0.18084787338765745,0.5792100520530372,0.6816964389373796,0.520622591203521,7731,2947,4784,2812,4919,1402,1545
MS->HI,MS,HI,large,1618,target_oracle,0.05,0.5719196736995468,target_labels,10551,2638,7731,0.1788410999943153,0.04995819397993311,0.40278249066847643,0.18445220540680377,0.08652482269503546,0.03467694131594547,0.051847881379089994,0.4007744857006812,0.18084787338765745,0.5792100520530372,0.6816964389373796,0.520622591203521,7731,2947,4784,2812,4919,1402,1545
MS->HI,MS,HI,large,1618,source_calibrated,0.05,0.633189877901484,source_calibration_labels,10551,2638,7731,0.1788410999943153,0.040342809364548496,0.35731252120800816,0.1611693183288061,0.075177304964539,0.025785417901600473,0.04939188706293853,0.3429947098231761,0.18084787338765745,0.5792100520530372,0.6816964389373796,0.520622591203521,7731,2947,4784,2812,4919,1402,1545
MS->HI,MS,HI,large,1618,target_oracle,0.1,0.36705093566561464,target_labels,10551,2638,7731,0.1788410999943153,0.09991638795986622,0.5442823210044113,0.2693053938688397,0.17163120567375886,0.06994665085951393,0.10168455481424493,0.40754040376824235,0.18084787338765745,0.5792100520530372,0.6816964389373796,0.520622591203521,7731,2947,4784,2812,4919,1402,1545
MS->HI,MS,HI,large,1618,source_calibrated,0.1,0.47596802938139154,source_calibration_labels,10551,2638,7731,0.1788410999943153,0.06960702341137123,0.4675941635561588,0.22131677661363341,0.12411347517730496,0.04682868998221695,0.07728478519508801,0.3773054449995766,0.18084787338765745,0.5792100520530372,0.6816964389373796,0.520622591203521,7731,2947,4784,2812,4919,1402,1545
MS->HI,MS,HI,large,8675309,target_oracle,0.01,0.875950956756662,target_labels,10551,2638,7731,0.1701993999959086,0.009824414715719064,0.14353579911774686,0.06079420514810503,0.02198581560283688,0.004742145820983995,0.017243669781852884,0.21569114863185265,0.17778147630514926,0.56405229886028,0.661808940538459,0.5081686484437238,7731,2947,4784,2812,4919,1402,1545
MS->HI,MS,HI,large,8675309,source_calibrated,0.01,0.8755824169439501,source_calibration_labels,10551,2638,7731,0.1701993999959086,0.010033444816053512,0.14387512724804885,0.06105290389341612,0.02198581560283688,0.005038529934795495,0.016947285668041386,0.2291718454213435,0.17778147630514926,0.56405229886028,0.661808940538459,0.5081686484437238,7731,2947,4784,2812,4919,1402,1545
MS->HI,MS,HI,large,8675309,target_oracle,0.02,0.7788089934703848,target_labels,10551,2638,7731,0.1701993999959086,0.019857859531772576,0.23617237869019342,0.10231535377053422,0.03829787234042553,0.012151748666271488,0.026146123674154045,0.31729565961931105,0.17778147630514926,0.56405229886028,0.661808940538459,0.5081686484437238,7731,2947,4784,2812,4919,1402,1545
MS->HI,MS,HI,large,8675309,source_calibrated,0.02,0.8189630610762617,source_calibration_labels,10551,2638,7731,0.1701993999959086,0.013795986622073578,0.2022395656599932,0.08562928469796921,0.027659574468085105,0.008002371072910491,0.019657203395174613,0.2893164926359947,0.17778147630514926,0.56405229886028,0.661808940538459,0.5081686484437238,7731,2947,4784,2812,4919,1402,1545
MS->HI,MS,HI,large,8675309,target_oracle,0.05,0.5948473672503818,target_labels,10551,2638,7731,0.1701993999959086,0.04995819397993311,0.39056667797760436,0.17979562799120424,0.08723404255319149,0.03438055720213397,0.05285348535105752,0.3941185825610479,0.17778147630514926,0.56405229886028,0.661808940538459,0.5081686484437238,7731,2947,4784,2812,4919,1402,1545
MS->HI,MS,HI,large,8675309,source_calibrated,0.05,0.6879015628492888,source_calibration_labels,10551,2638,7731,0.1701993999959086,0.032190635451505016,0.3210044112656939,0.1422843099210969,0.058865248226950356,0.02104327208061648,0.037821976146333876,0.3574820919719185,0.17778147630514926,0.56405229886028,0.661808940538459,0.5081686484437238,7731,2947,4784,2812,4919,1402,1545
MS->HI,MS,HI,large,8675309,target_oracle,0.1,0.39364857072113907,target_labels,10551,2638,7731,0.1701993999959086,0.09991638795986622,0.5442823210044113,0.2693053938688397,0.17446808510638298,0.06876111440426794,0.10570697070211504,0.3941185825610479,0.17778147630514926,0.56405229886028,0.661808940538459,0.5081686484437238,7731,2947,4784,2812,4919,1402,1545
MS->HI,MS,HI,large,8675309,source_calibrated,0.1,0.5011115949726853,source_calibration_labels,10551,2638,7731,0.1701993999959086,0.0681438127090301,0.4614862572107228,0.21808304229724484,0.1148936170212766,0.04860699466508595,0.06628662235619065,0.4230608794924148,0.17778147630514926,0.56405229886028,0.661808940538459,0.5081686484437238,7731,2947,4784,2812,4919,1402,1545
MA->PR,MA,PR,small,42,target_oracle,0.01,0.8711515240332652,target_labels,32091,8023,9071,0.07822260000102688,0.009988901220865706,0.19750519750519752,0.029875427185536325,0.012810248198558846,0.008732846194974157,0.004077402003584689,0.6817078060951702,0.160755119764989,0.47501307789655506,0.5468480710327116,0.43981534719268583,9071,962,8109,2983,6088,485,477
MA->PR,MA,PR,small,42,source_calibrated,0.01,0.8860506983181526,source_calibration_labels,32091,8023,9071,0.07822260000102688,0.006535947712418301,0.15904365904365905,0.022709734318156764,0.009607686148919135,0.005168419176617358,0.004439266972301776,0.5379462959662568,0.160755119764989,0.47501307789655506,0.5468480710327116,0.43981534719268583,9071,962,8109,2983,6088,485,477
MA->PR,MA,PR,small,42,target_oracle,0.02,0.849511030228582,target_labels,32091,8023,9071,0.07822260000102688,0.01997780244173141,0.2525987525987526,0.04464777863521111,0.02642113690952762,0.017109249688112636,0.009311887221414985,0.6475591775894752,0.160755119764989,0.47501307789655506,0.5468480710327116,0.43981534719268583,9071,962,8109,2983,6088,485,477
MA->PR,MA,PR,small,42,source_calibrated,0.02,0.8514916843794547,source_calibration_labels,32091,8023,9071,0.07822260000102688,0.019114564064619557,0.2505197505197505,0.04365560577665087,0.02642113690952762,0.015861700231687755,0.010559436677839866,0.6003413208902426,0.160755119764989,0.47501307789655506,0.5468480710327116,0.43981534719268583,9071,962,8109,2983,6088,485,477
MA->PR,MA,PR,small,42,target_oracle,0.05,0.7942840242504394,target_labels,32091,8023,9071,0.07822260000102688,0.049944506104328525,0.37733887733887733,0.08466541726380773,0.057646116893514815,0.04651577258955623,0.011130344303958588,0.8069194439493851,0.160755119764989,0.47501307789655506,0.5468480710327116,0.43981534719268583,9071,962,8109,2983,6088,485,477
MA->PR,MA,PR,small,42,source_calibrated,0.05,0.7654301619981934,source_calibration_labels,32091,8023,9071,0.07822260000102688,0.0701689480823776,0.4521829521829522,0.11068239444383199,0.08046437149719776,0.0655854571377651,0.014878914359432657,0.8150869250255584,0.160755119764989,0.47501307789655506,0.5468480710327116,0.43981534719268583,9071,962,8109,2983,6088,485,477
MA->PR,MA,PR,small,42,target_oracle,0.1,0.7310100719226412,target_labels,32091,8023,9071,0.07822260000102688,0.09988901220865705,0.5239085239085239,0.14485723734979605,0.11088871096877502,0.0949919800392087,0.015896730929566324,0.8566424770322864,0.160755119764989,0.47501307789655506,0.5468480710327116,0.43981534719268583,9071,962,8109,2983,6088,485,477
MA->PR,MA,PR,small,42,source_calibrated,0.1,0.6546679447712815,source_calibration_labels,32091,8023,9071,0.07822260000102688,0.1522999136761623,0.632016632016632,0.20317495314739278,0.17053642914331466,0.1441810728925325,0.02635535625078214,0.8454561504355544,0.160755119764989,0.47501307789655506,0.5468480710327116,0.43981534719268583,9071,962,8109,2983,6088,485,477
MA->PR,MA,PR,small,314,target_oracle,0.01,0.8876101964348135,target_labels,32091,8023,9071,0.07594770000287099,0.009988901220865706,0.14760914760914762,0.02458383860654834,0.014811849479583666,0.007841739440384958,0.006970110039198708,0.5294233816778818,0.162891505458685,0.48232403899992543,0.5553298700869882,0.4465526207783899,9071,962,8109,2983,6088,485,477
MA->PR,MA,PR,small,314,source_calibrated,0.01,0.8749764751573684,source_calibration_labels,32091,8023,9071,0.07594770000287099,0.01344185472931311,0.19126819126819128,0.03230073861757248,0.016413130504403524,0.012119051862413117,0.004294078641990407,0.7383754037148283,0.162891505458685,0.48232403899992543,0.5553298700869882,0.4465526207783899,9071,962,8109,2983,6088,485,477
MA->PR,MA,PR,small,314,target_oracle,0.02,0.8598680242647053,target_labels,32091,8023,9071,0.07594770000287099,0.01997780244173141,0.2203742203742204,0.041230294344614705,0.024819855884707767,0.017822135091783996,0.006997720792923771,0.7180595719238132,0.162891505458685,0.48232403899992543,0.5553298700869882,0.4465526207783899,9071,962,8109,2983,6088,485,477
MA->PR,MA,PR,small,314,source_calibrated,0.02,0.837643528494252,source_calibration_labels,32091,8023,9071,0.07594770000287099,0.029843383894438278,0.2733887733887734,0.05567192150810275,0.03562850280224179,0.027267866690429514,0.00836063611181228,0.7653385504796958,0.162891505458685,0.48232403899992543,0.5553298700869882,0.4465526207783899,9071,962,8109,2983,6088,485,477
MA->PR,MA,PR,small,314,target_oracle,0.05,0.8035191461713198,target_labels,32091,8023,9071,0.07594770000287099,0.049944506104328525,0.369022869022869,0.0837834858339764,0.05644515612489992,0.04705043664230975,0.009394719482590172,0.8335602179609202,0.162891505458685,0.48232403899992543,0.5553298700869882,0.4465526207783899,9071,962,8109,2983,6088,485,477
MA->PR,MA,PR,small,314,source_calibrated,0.05,0.7553287372733553,source_calibration_labels,32091,8023,9071,0.07594770000287099,0.08620051794302627,0.47713097713097713,0.1276595744680851,0.09367493995196156,0.08287292817679558,0.010802011775165987,0.8846862161779289,0.162891505458685,0.48232403899992543,0.5553298700869882,0.4465526207783899,9071,962,8109,2983,6088,485,477
MA->PR,MA,PR,small,314,target_oracle,0.1,0.7340135010150605,target_labels,32091,8023,9071,0.07594770000287099,0.09988901220865705,0.5103950103950103,0.14342409877632015,0.1076861489191353,0.09641775084655142,0.011268398072583882,0.8953588907609125,0.162891505458685,0.48232403899992543,0.5553298700869882,0.4465526207783899,9071,962,8109,2983,6088,485,477
MA->PR,MA,PR,small,314,source_calibrated,0.1,0.6475272113600095,source_calibration_labels,32091,8023,9071,0.07594770000287099,0.15525958811197435,0.6351351351351351,0.20615147172307352,0.17173738991192955,0.14792372126180717,0.023813668650122383,0.8613367266013853,0.162891505458685,0.48232403899992543,0.5553298700869882,0.4465526207783899,9071,962,8109,2983,6088,485,477
MA->PR,MA,PR,small,2718,target_oracle,0.01,0.8777282674142936,target_labels,32091,8023,9071,0.08560020000004442,0.009988901220865706,0.19230769230769232,0.02932422004189174,0.010008006405124099,0.009980395651399038,2.7610753725060624e-05,0.997241133487792,0.16301342345039488,0.4809726428456766,0.5552999383629584,0.4445537331005957,9071,962,8109,2983,6088,485,477
MA->PR,MA,PR,small,2718,source_calibrated,0.01,0.8849604804583785,source_calibration_labels,32091,8023,9071,0.08560020000004442,0.008015784930324331,0.17463617463617465,0.025686252893837504,0.008406725380304243,0.007841739440384958,0.0005649859399192853,0.9327935772419822,0.16301342345039488,0.4809726428456766,0.5552999383629584,0.4445537331005957,9071,962,8109,2983,6088,485,477
MA->PR,MA,PR,small,2718,target_oracle,0.02,0.8472354168563478,target_labels,32091,8023,9071,0.08560020000004442,0.01997780244173141,0.26715176715176714,0.04619115863741594,0.020416333066453164,0.019782569951880234,0.00063376311457293,0.9689580341136631,0.16301342345039488,0.4809726428456766,0.5552999383629584,0.4445537331005957,9071,962,8109,2983,6088,485,477
MA->PR,MA,PR,small,2718,source_calibrated,0.02,0.8483202153219156,source_calibration_labels,32091,8023,9071,0.08560020000004442,0.019854482673572572,0.26403326403326405,0.04575019292250027,0.020016012810248198,0.019782569951880234,0.00023344285836796388,0.9883371947959365,0.16301342345039488,0.4809726428456766,0.5552999383629584,0.4445537331005957,9071,962,8109,2983,6088,485,477
MA->PR,MA,PR,small,2718,target_oracle,0.05,0.7924839947451947,target_labels,32091,8023,9071,0.08560020000004442,0.049944506104328525,0.3918918918918919,0.08620879726601256,0.053242594075260205,0.04847620744965247,0.004766386625607737,0.910477941422796,0.16301342345039488,0.4809726428456766,0.5552999383629584,0.4445537331005957,9071,962,8109,2983,6088,485,477
MA->PR,MA,PR,small,2718,source_calibrated,0.05,0.775387128487046,source_calibration_labels,32091,8023,9071,0.08560020000004442,0.058823529411764705,0.4158004158004158,0.09668173299525962,0.06405124099279423,0.05649616824095527,0.007555072751838962,0.8820464266619142,0.16301342345039488,0.4809726428456766,0.5552999383629584,0.4445537331005957,9071,962,8109,2983,6088,485,477
MA->PR,MA,PR,small,2718,target_oracle,0.1,0.7282272855375904,target_labels,32091,8023,9071,0.08560020000004442,0.09988901220865705,0.5301455301455301,0.14551868592216954,0.11088871096877502,0.0949919800392087,0.015896730929566324,0.8566424770322864,0.16301342345039488,0.4809726428456766,0.5552999383629584,0.4445537331005957,9071,962,8109,2983,6088,485,477
MA->PR,MA,PR,small,2718,source_calibrated,0.1,0.663798484965627,source_calibration_labels,32091,8023,9071,0.08560020000004442,0.14292761129609077,0.6278586278586279,0.19435563884907947,0.16373098478783027,0.13366601318837998,0.03006497159945029,0.8163757969304968,0.16301342345039488,0.4809726428456766,0.5552999383629584,0.4445537331005957,9071,962,8109,2983,6088,485,477
MA->PR,MA,PR,small,1618,target_oracle,0.01,0.8771655358807979,target_labels,32091,8023,9071,0.07785549999971408,0.009988901220865706,0.20893970893970895,0.031088082901554404,0.012409927942353884,0.008911067545891998,0.0034988603964618854,0.7180595719238132,0.1661358213816368,0.4892282498553626,0.5634600118710409,0.4528561496430157,9071,962,8109,2983,6088,485,477
MA->PR,MA,PR,small,1618,source_calibrated,0.01,0.8853412893909072,source_calibration_labels,32091,8023,9071,0.07785549999971408,0.008262424466642002,0.19230769230769232,0.027780840039686915,0.01120896717373899,0.006950632685795759,0.004258334487943232,0.6200957303256359,0.1661358213816368,0.4892282498553626,0.5634600118710409,0.4528561496430157,9071,962,8109,2983,6088,485,477
MA->PR,MA,PR,small,1618,target_oracle,0.02,0.8543989533398189,target_labels,32091,8023,9071,0.07785549999971408,0.019854482673572572,0.26195426195426197,0.045529710065042445,0.021617293835068056,0.019069684548208874,0.0025476092868591815,0.8821494815078845,0.1661358213816368,0.4892282498553626,0.5634600118710409,0.4528561496430157,9071,962,8109,2983,6088,485,477
MA->PR,MA,PR,small,1618,source_calibrated,0.02,0.86217800314479,source_calibration_labels,32091,8023,9071,0.07785549999971408,0.01553829078801332,0.23804573804573806,0.039135707198765295,0.01721377101681345,0.014792372126180717,0.0024213988906327324,0.8593336179348705,0.1661358213816368,0.4892282498553626,0.5634600118710409,0.4528561496430157,9071,962,8109,2983,6088,485,477
MA->PR,MA,PR,small,1618,target_oracle,0.05,0.8024604525852211,target_labels,32091,8023,9071,0.07785549999971408,0.049944506104328525,0.38565488565488565,0.08554734869363907,0.051240992794235385,0.04936731420424167,0.0018736785899937172,0.9634339912671539,0.1661358213816368,0.4892282498553626,0.5634600118710409,0.4528561496430157,9071,962,8109,2983,6088,485,477
MA->PR,MA,PR,small,1618,source_calibrated,0.05,0.790835635643204,source_calibration_labels,32091,8023,9071,0.07785549999971408,0.06165988407941793,0.40540540540540543,0.09811487156873554,0.06485188150520416,0.06023881661022991,0.0046130648949742475,0.9288676783478662,0.1661358213816368,0.4892282498553626,0.5634600118710409,0.4528561496430157,9071,962,8109,2983,6088,485,477
MA->PR,MA,PR,small,1618,target_oracle,0.1,0.7462573676706934,target_labels,32091,8023,9071,0.07785549999971408,0.09988901220865705,0.5197505197505198,0.14441627163488038,0.11168935148118495,0.09463553733737302,0.01705381414381192,0.8473102948700997,0.1661358213816368,0.4892282498553626,0.5634600118710409,0.4528561496430157,9071,962,8109,2983,6088,485,477
MA->PR,MA,PR,small,1618,source_calibrated,0.1,0.6593626593010407,source_calibration_labels,32091,8023,9071,0.07785549999971408,0.15279319274879763,0.6299376299376299,0.20339543600485063,0.17253803042433946,0.14400285154161468,0.028535178882724777,0.8346151349210058,0.1661358213816368,0.4892282498553626,0.5634600118710409,0.4528561496430157,9071,962,8109,2983,6088,485,477
MA->PR,MA,PR,small,8675309,target_oracle,0.01,0.8766776287193795,target_labels,32091,8023,9071,0.07262810000247555,0.009988901220865706,0.18711018711018712,0.02877301289824716,0.013610888710968775,0.008376403493138477,0.005234485217830298,0.6154192919370564,0.1611114541378265,0.47718119915364066,0.5478885327871794,0.4425359993788631,9071,962,8109,2983,6088,485,477
MA->PR,MA,PR,small,8675309,source_calibrated,0.01,0.8817128190743677,source_calibration_labels,32091,8023,9071,0.07262810000247555,0.008139104698483167,0.17463617463617465,0.02579649432256642,0.011609287429943955,0.006594189983960079,0.005015097445983876,0.5680098820666303,0.1611114541378265,0.47718119915364066,0.5478885327871794,0.4425359993788631,9071,962,8109,2983,6088,485,477
MA->PR,MA,PR,small,8675309,target_oracle,0.02,0.8527605082465962,target_labels,32091,8023,9071,0.07262810000247555,0.01997780244173141,0.24532224532224534,0.0438760886341087,0.023618895116092876,0.018356799144537514,0.005262095971555362,0.7772082078483848,0.1611114541378265,0.47718119915364066,0.5478885327871794,0.4425359993788631,9071,962,8109,2983,6088,485,477
MA->PR,MA,PR,small,8675309,source_calibrated,0.02,0.8460790349442452,source_calibration_labels,32091,8023,9071,0.07262810000247555,0.0226908373412258,0.2598752598752599,0.047844780068349683,0.02802241793434748,0.020317234004633755,0.0077051839297137235,0.7250350077653589,0.1611114541378265,0.47718119915364066,0.5478885327871794,0.4425359993788631,9071,962,8109,2983,6088,485,477
MA->PR,MA,PR,small,8675309,target_oracle,0.05,0.7989863276918631,target_labels,32091,8023,9071,0.07262810000247555,0.049944506104328525,0.37525987525987525,0.08444493440634991,0.05644515612489992,0.04705043664230975,0.009394719482590172,0.8335602179609202,0.1611114541378265,0.47718119915364066,0.5478885327871794,0.4425359993788631,9071,962,8109,2983,6088,485,477
MA->PR,MA,PR,small,8675309,source_calibrated,0.05,0.7745339865616044,source_calibration_labels,32091,8023,9071,0.07262810000247555,0.06955234924158342,0.43347193347193347,0.10814684158306692,0.0756605284227382,0.06683300659418999,0.008827521828548207,0.8833272511761194,0.1611114541378265,0.47718119915364066,0.5478885327871794,0.4425359993788631,9071,962,8109,2983,6088,485,477
MA->PR,MA,PR,small,8675309,target_oracle,0.1,0.7372140658287519,target_labels,32091,8023,9071,0.07262810000247555,0.09988901220865705,0.5124740124740125,0.14364458163377797,0.10848678943154523,0.09606130814471574,0.012425481286829493,0.8854654898357931,0.1611114541378265,0.47718119915364066,0.5478885327871794,0.4425359993788631,9071,962,8109,2983,6088,485,477
MA->PR,MA,PR,small,8675309,source_calibrated,0.1,0.6574872134356735,source_calibration_labels,32091,8023,9071,0.07262810000247555,0.14551732642742632,0.6195426195426196,0.1957887774225554,0.16493194555644516,0.1368739975049011,0.028057948051544074,0.8298816644835992,0.1611114541378265,0.47718119915364066,0.5478885327871794,0.4425359993788631,9071,962,8109,2983,6088,485,477
MA->PR,MA,PR,reference,42,target_oracle,0.01,0.9111097604560008,target_labels,32091,8023,9071,0.10390989999723388,0.009988901220865706,0.16735966735966737,0.02667842575239775,0.014811849479583666,0.007841739440384958,0.006970110039198708,0.5294233816778818,0.16026384925218762,0.477710403041609,0.554341900434023,0.44016247979562156,9071,962,8109,2983,6088,485,477
MA->PR,MA,PR,reference,42,source_calibrated,0.01,0.9067719296272866,source_calibration_labels,32091,8023,9071,0.10390989999723388,0.010975459366136392,0.183991683991684,0.02932422004189174,0.016012810248198558,0.008732846194974157,0.0072799640532244005,0.5453662448761362,0.16026384925218762,0.477710403041609,0.554341900434023,0.44016247979562156,9071,962,8109,2983,6088,485,477
MA->PR,MA,PR,reference,42,target_oracle,0.02,0.8797810870212605,target_labels,32091,8023,9071,0.10390989999723388,0.01997780244173141,0.24532224532224534,0.0438760886341087,0.026821457165732587,0.016931028337194797,0.00989042882853779,0.6312493848703373,0.16026384925218762,0.477710403041609,0.554341900434023,0.44016247979562156,9071,962,8109,2983,6088,485,477
MA->PR,MA,PR,reference,42,source_calibrated,0.02,0.8711815740926476,source_calibration_labels,32091,8023,9071,0.10390989999723388,0.024047354790972992,0.27754677754677753,0.050931540072759345,0.029623698959167333,0.021564783461058636,0.008058915498108696,0.7279571498070875,0.16026384925218762,0.477710403041609,0.554341900434023,0.44016247979562156,9071,962,8109,2983,6088,485,477
MA->PR,MA,PR,reference,42,target_oracle,0.05,0.8223702233298988,target_labels,32091,8023,9071,0.10390989999723388,0.049944506104328525,0.38357588357588357,0.08532686583618124,0.0588470776621297,0.045981108536802706,0.012865969125326997,0.7813660484689331,0.16026384925218762,0.477710403041609,0.554341900434023,0.44016247979562156,9071,962,8109,2983,6088,485,477
MA->PR,MA,PR,reference,42,source_calibrated,0.05,0.7820451930957029,source_calibration_labels,32091,8023,9071,0.10390989999723388,0.07941793069429029,0.4760914760914761,0.12148605445926579,0.09127301841473179,0.07414008198182143,0.01713293643291036,0.8122891438183768,0.16026384925218762,0.477710403041609,0.554341900434023,0.44016247979562156,9071,962,8109,2983,6088,485,477
MA->PR,MA,PR,reference,42,target_oracle,0.1,0.7528960910457323,target_labels,32091,8023,9071,0.10390989999723388,0.09988901220865705,0.525987525987526,0.14507772020725387,0.11449159327461969,0.09338798788094814,0.02110360539367155,0.8156755025405891,0.16026384925218762,0.477710403041609,0.554341900434023,0.44016247979562156,9071,962,8109,2983,6088,485,477
MA->PR,MA,PR,reference,42,source_calibrated,0.1,0.6689944348349948,source_calibration_labels,32091,8023,9071,0.10390989999723388,0.1478604020224442,0.6257796257796258,0.1985448131407783,0.17053642914331466,0.1377651042594903,0.032771324883824365,0.8078338742727857,0.16026384925218762,0.477710403041609,0.554341900434023,0.44016247979562156,9071,962,8109,2983,6088,485,477
MA->PR,MA,PR,reference,314,target_oracle,0.01,0.9103680160198067,target_labels,32091,8023,9071,0.10806500000035157,0.009988901220865706,0.14033264033264034,0.023812148605445928,0.01200960768614892,0.009089288896809837,0.002920318789339082,0.7568347888076992,0.16326419744364565,0.4862222202696571,0.5618845197215928,0.449149184910734,9071,962,8109,2983,6088,485,477
MA->PR,MA,PR,reference,314,source_calibrated,0.01,0.889317192328169,source_calibration_labels,32091,8023,9071,0.10806500000035157,0.017758046614872364,0.19750519750519752,0.036820637195458056,0.02241793434747798,0.015683478880769916,0.006734455466708065,0.6995951829314867,0.16326419744364565,0.4862222202696571,0.5618845197215928,0.449149184910734,9071,962,8109,2983,6088,485,477
MA->PR,MA,PR,reference,314,target_oracle,0.02,0.8857961939010347,target_labels,32091,8023,9071,0.10806500000035157,0.01997780244173141,0.2079002079002079,0.03990739719986771,0.0244195356285028,0.018000356442701836,0.0064191791858009654,0.737129350719167,0.16326419744364565,0.4862222202696571,0.5618845197215928,0.449149184910734,9071,962,8109,2983,6088,485,477
MA->PR,MA,PR,reference,314,source_calibrated,0.02,0.8586440223117291,source_calibration_labels,32091,8023,9071,0.10806500000035157,0.03440621531631521,0.29313929313929316,0.06184544151692206,0.04043234587670136,0.03172340046337551,0.008708945413325848,0.784604498589228,0.16326419744364565,0.4862222202696571,0.5618845197215928,0.449149184910734,9071,962,8109,2983,6088,485,477
MA->PR,MA,PR,reference,314,target_oracle,0.05,0.8310108263434862,target_labels,32091,8023,9071,0.10806500000035157,0.049944506104328525,0.3586278586278586,0.08268107154668725,0.05604483586869496,0.04722865799322759,0.008816177875467367,0.842694197622018,0.16326419744364565,0.4862222202696571,0.5618845197215928,0.449149184910734,9071,962,8109,2983,6088,485,477
MA->PR,MA,PR,reference,314,source_calibrated,0.05,0.7684747452780433,source_calibration_labels,32091,8023,9071,0.10806500000035157,0.09446294240966827,0.4875259875259875,0.13614816448021166,0.10528422738190553,0.0896453395116735,0.01563888787023203,0.8514602969587848,0.16326419744364565,0.4862222202696571,0.5618845197215928,0.449149184910734,9071,962,8109,2983,6088,485,477
MA->PR,MA,PR,reference,314,target_oracle,0.1,0.7594930008399396,target_labels,32091,8023,9071,0.10806500000035157,0.09988901220865705,0.4979209979209979,0.14210120163157314,0.10968775020016013,0.09552664409196222,0.014161106108197902,0.8708961932179622,0.16326419744364565,0.4862222202696571,0.5618845197215928,0.449149184910734,9071,962,8109,2983,6088,485,477
MA->PR,MA,PR,reference,314,source_calibrated,0.1,0.6587929094066466,source_calibration_labels,32091,8023,9071,0.10806500000035157,0.15858922185226293,0.6340956340956341,0.20901774887002536,0.18054443554843874,0.14881482801639637,0.031729607532042375,0.8242559653768473,0.16326419744364565,0.4862222202696571,0.5618845197215928,0.449149184910734,9071,962,8109,2983,6088,485,477
MA->PR,MA,PR,reference,2718,target_oracle,0.01,0.9002161335219506,target_labels,32091,8023,9071,0.10740480000094976,0.009988901220865706,0.18295218295218296,0.028332047183331495,0.010808646917534028,0.009623952949563358,0.0011846939679706694,0.8903938691855284,0.15930304901277173,0.47352118651402836,0.5537009299283392,0.43423469265645787,9071,962,8109,2983,6088,485,477
MA->PR,MA,PR,reference,2718,source_calibrated,0.01,0.9036638921600167,source_calibration_labels,32091,8023,9071,0.10740480000094976,0.00924898261191269,0.1735966735966736,0.02667842575239775,0.010408326661329063,0.008732846194974157,0.001675480466354906,0.8390249921171324,0.15930304901277173,0.47352118651402836,0.5537009299283392,0.43423469265645787,9071,962,8109,2983,6088,485,477
MA->PR,MA,PR,reference,2718,target_oracle,0.02,0.8735510521345315,target_labels,32091,8023,9071,0.10740480000094976,0.01997780244173141,0.24844074844074845,0.04420681292029545,0.02401921537229784,0.018178577793619675,0.005840637578678164,0.7568347888076992,0.15930304901277173,0.47352118651402836,0.5537009299283392,0.43423469265645787,9071,962,8109,2983,6088,485,477
MA->PR,MA,PR,reference,2718,source_calibrated,0.02,0.8760793639775055,source_calibration_labels,32091,8023,9071,0.10740480000094976,0.018621284991984215,0.2442827442827443,0.0425531914893617,0.02241793434747798,0.016931028337194797,0.005486906010283184,0.7552447997555822,0.15930304901277173,0.47352118651402836,0.5537009299283392,0.43423469265645787,9071,962,8109,2983,6088,485,477
MA->PR,MA,PR,reference,2718,target_oracle,0.05,0.8176000927829669,target_labels,32091,8023,9071,0.10740480000094976,0.049944506104328525,0.37422037422037424,0.08433469297762099,0.0588470776621297,0.045981108536802706,0.012865969125326997,0.7813660484689331,0.15930304901277173,0.47352118651402836,0.5537009299283392,0.43423469265645787,9071,962,8109,2983,6088,485,477
MA->PR,MA,PR,reference,2718,source_calibrated,0.05,0.7932301603400707,source_calibration_labels,32091,8023,9071,0.10740480000094976,0.06375632013811815,0.4313929313929314,0.10274501157535001,0.07646116893514812,0.058100160399215825,0.018361008535932297,0.7598649250117336,0.15930304901277173,0.47352118651402836,0.5537009299283392,0.43423469265645787,9071,962,8109,2983,6088,485,477
MA->PR,MA,PR,reference,2718,target_oracle,0.1,0.7441685830777728,target_labels,32091,8023,9071,0.10740480000094976,0.09988901220865705,0.5176715176715176,0.14419578877742256,0.11809447558046438,0.09178399572268758,0.026310479857776792,0.777208207848385,0.15930304901277173,0.47352118651402836,0.5537009299283392,0.43423469265645787,9071,962,8109,2983,6088,485,477
MA->PR,MA,PR,reference,2718,source_calibrated,0.1,0.6575115280438512,source_calibration_labels,32091,8023,9071,0.10740480000094976,0.14638056480453818,0.6268191268191268,0.19733215742476024,0.16853482786228982,0.1365175548030654,0.032017273059224416,0.8100257764799463,0.15930304901277173,0.47352118651402836,0.5537009299283392,0.43423469265645787,9071,962,8109,2983,6088,485,477
MA->PR,MA,PR,reference,1618,target_oracle,0.01,0.9028982308603881,target_labels,32091,8023,9071,0.10522889999992913,0.009988901220865706,0.1787941787941788,0.027891081468415832,0.010408326661329063,0.009802174300481198,0.0006061523608478659,0.9417627462539243,0.16371472914764992,0.4860763342968387,0.5660203692451113,0.4469053329415993,9071,962,8109,2983,6088,485,477
MA->PR,MA,PR,reference,1618,source_calibrated,0.01,0.9025666020568686,source_calibration_labels,32091,8023,9071,0.10522889999992913,0.010112220989024541,0.1787941787941788,0.028001322897144746,0.010808646917534028,0.009802174300481198,0.0010064726170528303,0.9068826445408159,0.16371472914764992,0.4860763342968387,0.5660203692451113,0.4469053329415993,9071,962,8109,2983,6088,485,477
MA->PR,MA,PR,reference,1618,target_oracle,0.02,0.8810418310160789,target_labels,32091,8023,9071,0.10522889999992913,0.01997780244173141,0.24220374220374222,0.04354536434792195,0.023618895116092876,0.018356799144537514,0.005262095971555362,0.7772082078483848,0.16371472914764992,0.4860763342968387,0.5660203692451113,0.4469053329415993,9071,962,8109,2983,6088,485,477
MA->PR,MA,PR,reference,1618,source_calibrated,0.02,0.8820535209835194,source_calibration_labels,32091,8023,9071,0.10522889999992913,0.019237883832778396,0.24220374220374222,0.04288391577554845,0.02321857485988791,0.017465692389948315,0.005752882469939595,0.7522293032774292,0.16371472914764992,0.4860763342968387,0.5660203692451113,0.4469053329415993,9071,962,8109,2983,6088,485,477
MA->PR,MA,PR,reference,1618,target_oracle,0.05,0.8262294190266483,target_labels,32091,8023,9071,0.10522889999992913,0.049821186336169686,0.3700623700623701,0.0837834858339764,0.0544435548438751,0.04776332204598111,0.006680232797893988,0.877299841697506,0.16371472914764992,0.4860763342968387,0.5660203692451113,0.4469053329415993,9071,962,8109,2983,6088,485,477
MA->PR,MA,PR,reference,1618,source_calibrated,0.05,0.8122225822645621,source_calibration_labels,32091,8023,9071,0.10522889999992913,0.06338636083364163,0.40332640332640335,0.09943776871348253,0.07205764611689351,0.059525931206558545,0.012531714910334966,0.826087645299907,0.16371472914764992,0.4860763342968387,0.5660203692451113,0.4469053329415993,9071,962,8109,2983,6088,485,477
MA->PR,MA,PR,reference,1618,target_oracle,0.1,0.7604929732283431,target_labels,32091,8023,9071,0.10522889999992913,0.09988901220865705,0.5124740124740125,0.14364458163377797,0.11529223378702963,0.09303154517911245,0.022260688607917176,0.8069194439493851,0.16371472914764992,0.4860763342968387,0.5660203692451113,0.4469053329415993,9071,962,8109,2983,6088,485,477
MA->PR,MA,PR,reference,1618,source_calibrated,0.1,0.6697257425854989,source_calibration_labels,32091,8023,9071,0.10522889999992913,0.14564064619558514,0.606029106029106,0.1944658802778084,0.16613290632506006,0.1365175548030654,0.029615351521994654,0.8217369925254394,0.16371472914764992,0.4860763342968387,0.5660203692451113,0.4469053329415993,9071,962,8109,2983,6088,485,477
MA->PR,MA,PR,reference,8675309,target_oracle,0.01,0.9056781370542679,target_labels,32091,8023,9071,0.10315470000205096,0.009988901220865706,0.16112266112266113,0.026016977180024253,0.014411529223378704,0.008019960791302799,0.006391568432075905,0.5564961682409553,0.16327933863921426,0.48506937901512637,0.5665993379834049,0.44512130615008444,9071,962,8109,2983,6088,485,477
MA->PR,MA,PR,reference,8675309,source_calibrated,0.01,0.9045026812648415,source_calibration_labels,32091,8023,9071,0.10315470000205096,0.010605500061659884,0.16424116424116425,0.026898908609855585,0.016012810248198558,0.008198182142220638,0.00781462810597792,0.5119764747816788,0.16327933863921426,0.48506937901512637,0.5665993379834049,0.44512130615008444,9071,962,8109,2983,6088,485,477
MA->PR,MA,PR,reference,8675309,target_oracle,0.02,0.87979713069024,target_labels,32091,8023,9071,0.10315470000205096,0.01997780244173141,0.23076923076923078,0.042332708631903866,0.02922337870296237,0.015861700231687755,0.013361678471274615,0.542774344914466,0.16327933863921426,0.48506937901512637,0.5665993379834049,0.44512130615008444,9071,962,8109,2983,6088,485,477
MA->PR,MA,PR,reference,8675309,source_calibrated,0.02,0.8718435426205322,source_calibration_labels,32091,8023,9071,0.10315470000205096,0.024787273399926008,0.2577962577962578,0.04949840149928343,0.03242594075260208,0.021386562110140794,0.011039378642461285,0.6595510142115025,0.16327933863921426,0.48506937901512637,0.5665993379834049,0.44512130615008444,9071,962,8109,2983,6088,485,477
MA->PR,MA,PR,reference,8675309,target_oracle,0.05,0.8271561852357945,target_labels,32091,8023,9071,0.10315470000205096,0.049944506104328525,0.369022869022869,0.0837834858339764,0.05804643714971978,0.04633755123863839,0.011708885911081386,0.7982841585801289,0.16327933863921426,0.48506937901512637,0.5665993379834049,0.44512130615008444,9071,962,8109,2983,6088,485,477
MA->PR,MA,PR,reference,8675309,source_calibrated,0.05,0.7946741420709373,source_calibration_labels,32091,8023,9071,0.10315470000205096,0.07621161672216056,0.4573804573804574,0.11663543159519348,0.09167333867093674,0.06932810550703974,0.022345233163897,0.7562515613824685,0.16327933863921426,0.48506937901512637,0.5665993379834049,0.44512130615008444,9071,962,8109,2983,6088,485,477
MA->PR,MA,PR,reference,8675309,target_oracle,0.1,0.7591810749767965,target_labels,32091,8023,9071,0.10315470000205096,0.09988901220865705,0.5103950103950103,0.14342409877632015,0.11609287429943956,0.09267510247727678,0.023417771822162772,0.7982841585801289,0.16327933863921426,0.48506937901512637,0.5665993379834049,0.44512130615008444,9071,962,8109,2983,6088,485,477
MA->PR,MA,PR,reference,8675309,source_calibrated,0.1,0.6653086309349537,source_calibration_labels,32091,8023,9071,0.10315470000205096,0.1503267973856209,0.6247401247401247,0.20063940028662772,0.17694155324259409,0.13847798966316166,0.038463563579432425,0.7826199506302666,0.16327933863921426,0.48506937901512637,0.5665993379834049,0.44512130615008444,9071,962,8109,2983,6088,485,477
MA->PR,MA,PR,large,42,target_oracle,0.01,0.9489386780376794,target_labels,32091,8023,9071,0.27680700000200886,0.009988901220865706,0.14241164241164242,0.02403263146290376,0.013610888710968775,0.008376403493138477,0.005234485217830298,0.6154192919370564,0.16528607886408667,0.4979132150806604,0.6054889715311527,0.4452032148356178,9071,962,8109,2983,6088,485,477
MA->PR,MA,PR,large,42,source_calibrated,0.01,0.9402303435054266,source_calibration_labels,32091,8023,9071,0.27680700000200886,0.014058453570107288,0.18087318087318088,0.0317495314739279,0.020016012810248198,0.011406166458741757,0.008609846351506441,0.5698520762787382,0.16528607886408667,0.4979132150806604,0.6054889715311527,0.4452032148356178,9071,962,8109,2983,6088,485,477
MA->PR,MA,PR,large,42,target_oracle,0.02,0.9264376598074846,target_labels,32091,8023,9071,0.27680700000200886,0.01997780244173141,0.23076923076923078,0.042332708631903866,0.026821457165732587,0.016931028337194797,0.00989042882853779,0.6312493848703373,0.16528607886408667,0.4979132150806604,0.6054889715311527,0.4452032148356178,9071,962,8109,2983,6088,485,477
MA->PR,MA,PR,large,42,source_calibrated,0.02,0.9121213924507655,source_calibration_labels,32091,8023,9071,0.27680700000200886,0.024910593168084843,0.2806652806652807,0.052033954360048505,0.034027221777421936,0.020851898057387276,0.01317532372003466,0.612800486439452,0.16528607886408667,0.4979132150806604,0.6054889715311527,0.4452032148356178,9071,962,8109,2983,6088,485,477
MA->PR,MA,PR,large,42,target_oracle,0.05,0.8659702705159369,target_labels,32091,8023,9071,0.27680700000200886,0.049944506104328525,0.4106029106029106,0.08819314298313306,0.06405124099279423,0.04366423097487079,0.020387010017923445,0.6817078060951702,0.16528607886408667,0.4979132150806604,0.6054889715311527,0.4452032148356178,9071,962,8109,2983,6088,485,477
MA->PR,MA,PR,large,42,source_calibrated,0.05,0.8205363644294189,source_calibration_labels,32091,8023,9071,0.27680700000200886,0.07880133185349611,0.49272349272349275,0.12269871017528387,0.0976781425140112,0.07039743361254679,0.027280708901464418,0.7207081523120569,0.16528607886408667,0.4979132150806604,0.6054889715311527,0.4452032148356178,9071,962,8109,2983,6088,485,477
MA->PR,MA,PR,large,42,target_oracle,0.1,0.7880968907120598,target_labels,32091,8023,9071,0.27680700000200886,0.09988901220865705,0.5353430353430353,0.14606989306581414,0.1301040832666133,0.08643735519515237,0.04366672807146092,0.6643708100845865,0.16528607886408667,0.4979132150806604,0.6054889715311527,0.4452032148356178,9071,962,8109,2983,6088,485,477
MA->PR,MA,PR,large,42,source_calibrated,0.1,0.6810700125340932,source_calibration_labels,32091,8023,9071,0.27680700000200886,0.1564927857935627,0.6486486486486487,0.20868702458383862,0.1989591673338671,0.13758688290857243,0.06137228442529466,0.6915332666108932,0.16528607886408667,0.4979132150806604,0.6054889715311527,0.4452032148356178,9071,962,8109,2983,6088,485,477
MA->PR,MA,PR,large,314,target_oracle,0.01,0.9432309593006751,target_labels,32091,8023,9071,0.2640711999993073,0.009988901220865706,0.09875259875259876,0.019402491456289275,0.013610888710968775,0.008376403493138477,0.005234485217830298,0.6154192919370564,0.1632719449942115,0.49120465461557217,0.606589824918158,0.4346681955136316,9071,962,8109,2983,6088,485,477
MA->PR,MA,PR,large,314,source_calibrated,0.01,0.9221876464151866,source_calibration_labels,32091,8023,9071,0.2640711999993073,0.017758046614872364,0.16632016632016633,0.03351339433359057,0.0244195356285028,0.014792372126180717,0.009627163502322084,0.6057597634622858,0.1632719449942115,0.49120465461557217,0.606589824918158,0.4346681955136316,9071,962,8109,2983,6088,485,477
MA->PR,MA,PR,large,314,target_oracle,0.02,0.9146524032489627,target_labels,32091,8023,9071,0.2640711999993073,0.01997780244173141,0.19230769230769232,0.03825377576893396,0.026821457165732587,0.016931028337194797,0.00989042882853779,0.6312493848703373,0.1632719449942115,0.49120465461557217,0.606589824918158,0.4346681955136316,9071,962,8109,2983,6088,485,477
MA->PR,MA,PR,large,314,source_calibrated,0.02,0.8866198725786624,source_calibration_labels,32091,8023,9071,0.2640711999993073,0.03366629670736219,0.27754677754677753,0.059530371513614816,0.043634907926341074,0.02922830155052575,0.014406606375815322,0.6698375896625076,0.1632719449942115,0.49120465461557217,0.606589824918158,0.4346681955136316,9071,962,8109,2983,6088,485,477
MA->PR,MA,PR,large,314,target_oracle,0.05,0.8545427582152674,target_labels,32091,8023,9071,0.2640711999993073,0.049944506104328525,0.36174636174636177,0.08301179583287399,0.0656525220176141,0.04295134557119943,0.022701176446414666,0.6542223246149766,0.1632719449942115,0.49120465461557217,0.606589824918158,0.4346681955136316,9071,962,8109,2983,6088,485,477
MA->PR,MA,PR,large,314,source_calibrated,0.05,0.7972727053853922,source_calibration_labels,32091,8023,9071,0.2640711999993073,0.08114440744851399,0.47713097713097713,0.12313967589019954,0.10688550840672538,0.06968454820887543,0.03720096019784995,0.6519550615197409,0.1632719449942115,0.49120465461557217,0.606589824918158,0.4346681955136316,9071,962,8109,2983,6088,485,477
MA->PR,MA,PR,large,314,target_oracle,0.1,0.7682197651776462,target_labels,32091,8023,9071,0.2640711999993073,0.09988901220865705,0.5301455301455301,0.14551868592216954,0.13290632506004804,0.0851898057387275,0.04771651932132054,0.6409763094437991,0.1632719449942115,0.49120465461557217,0.606589824918158,0.4346681955136316,9071,962,8109,2983,6088,485,477
MA->PR,MA,PR,large,314,source_calibrated,0.1,0.6742363508055091,source_calibration_labels,32091,8023,9071,0.2640711999993073,0.15143667529905044,0.6340956340956341,0.20262374600374822,0.1921537229783827,0.1333095704865443,0.058844152491838414,0.6937652230737242,0.1632719449942115,0.49120465461557217,0.606589824918158,0.4346681955136316,9071,962,8109,2983,6088,485,477
MA->PR,MA,PR,large,2718,target_oracle,0.01,0.9392294926626635,target_labels,32091,8023,9071,0.2735584999973071,0.009988901220865706,0.14656964656964658,0.024473597177819426,0.012409927942353884,0.008911067545891998,0.0034988603964618854,0.7180595719238132,0.1674485365748669,0.5007948069004928,0.6112755479052211,0.4466614214837542,9071,962,8109,2983,6088,485,477
MA->PR,MA,PR,large,2718,source_calibrated,0.01,0.9416952870298277,source_calibration_labels,32091,8023,9071,0.2735584999973071,0.009125662843753853,0.13721413721413722,0.022709734318156764,0.01200960768614892,0.007841739440384958,0.004167868245763961,0.6529555040693875,0.1674485365748669,0.5007948069004928,0.6112755479052211,0.4466614214837542,9071,962,8109,2983,6088,485,477
MA->PR,MA,PR,large,2718,target_oracle,0.02,0.9187735554279961,target_labels,32091,8023,9071,0.2735584999973071,0.01997780244173141,0.2079002079002079,0.03990739719986771,0.025620496397117692,0.017465692389948315,0.008154804007169378,0.6817078060951702,0.1674485365748669,0.5007948069004928,0.6112755479052211,0.4466614214837542,9071,962,8109,2983,6088,485,477
MA->PR,MA,PR,large,2718,source_calibrated,0.02,0.9080076885506342,source_calibration_labels,32091,8023,9071,0.2735584999973071,0.024047354790972992,0.24116424116424118,0.04707309006724727,0.03042433947157726,0.021208340759222954,0.009215998712354307,0.6970846739018282,0.1674485365748669,0.5007948069004928,0.6112755479052211,0.4466614214837542,9071,962,8109,2983,6088,485,477
MA->PR,MA,PR,large,2718,target_oracle,0.05,0.8642099298990644,target_labels,32091,8023,9071,0.2735584999973071,0.049944506104328525,0.3586278586278586,0.08268107154668725,0.0644515612489992,0.04348600962395295,0.02096555162504625,0.6747083977679159,0.1674485365748669,0.5007948069004928,0.6112755479052211,0.4466614214837542,9071,962,8109,2983,6088,485,477
MA->PR,MA,PR,large,2718,source_calibrated,0.05,0.8314618168871536,source_calibration_labels,32091,8023,9071,0.2735584999973071,0.0680725120236774,0.44386694386694386,0.10792635872560909,0.0844675740592474,0.06077348066298342,0.02369409339626398,0.7194888848157942,0.1674485365748669,0.5007948069004928,0.6112755479052211,0.4466614214837542,9071,962,8109,2983,6088,485,477
MA->PR,MA,PR,large,2718,target_oracle,0.1,0.7726730745857084,target_labels,32091,8023,9071,0.2735584999973071,0.09988901220865705,0.5363825363825364,0.14618013449454306,0.12690152121697357,0.0878631260024951,0.039038395214478466,0.6923725197294409,0.1674485365748669,0.5007948069004928,0.6112755479052211,0.4466614214837542,9071,962,8109,2983,6088,485,477
MA->PR,MA,PR,large,2718,source_calibrated,0.1,0.680475701993372,source_calibration_labels,32091,8023,9071,0.2735584999973071,0.14847700086323837,0.6361746361746362,0.20019843457171205,0.18855084067253802,0.1306362502227767,0.05791459044976133,0.6928436370626246,0.1674485365748669,0.5007948069004928,0.6112755479052211,0.4466614214837542,9071,962,8109,2983,6088,485,477
MA->PR,MA,PR,large,1618,target_oracle,0.01,0.9458215155415681,target_labels,32091,8023,9071,0.27311159999953816,0.009988901220865706,0.12162162162162163,0.021827802888325434,0.01200960768614892,0.009089288896809837,0.002920318789339082,0.7568347888076992,0.16821617208073333,0.5088115147000684,0.6196851425040971,0.45448562249582763,9071,962,8109,2983,6088,485,477
MA->PR,MA,PR,large,1618,source_calibrated,0.01,0.9364327233476921,source_calibration_labels,32091,8023,9071,0.27311159999953816,0.01640152916512517,0.16216216216216217,0.03185977290265682,0.022818254603682947,0.013544822669755837,0.00927343193392711,0.5935959127903523,0.16821617208073333,0.5088115147000684,0.6196851425040971,0.45448562249582763,9071,962,8109,2983,6088,485,477
MA->PR,MA,PR,large,1618,target_oracle,0.02,0.9298284145211512,target_labels,32091,8023,9071,0.27311159999953816,0.01997780244173141,0.18711018711018712,0.03770256862528938,0.027622097678142513,0.016574585635359115,0.011047512042783397,0.600048042277204,0.16821617208073333,0.5088115147000684,0.6196851425040971,0.45448562249582763,9071,962,8109,2983,6088,485,477
MA->PR,MA,PR,large,1618,source_calibrated,0.02,0.9125499418278543,source_calibration_labels,32091,8023,9071,0.27311159999953816,0.029226785053644098,0.2515592515592516,0.05280564436115092,0.03562850280224179,0.026376759935840315,0.009251742866401479,0.7403274867385293,0.16821617208073333,0.5088115147000684,0.6196851425040971,0.45448562249582763,9071,962,8109,2983,6088,485,477
MA->PR,MA,PR,large,1618,target_oracle,0.05,0.8803834510068065,target_labels,32091,8023,9071,0.27311159999953816,0.049944506104328525,0.3503118503118503,0.08179914011685592,0.06285028022417935,0.04419889502762431,0.018651385196555043,0.703241017700672,0.16821617208073333,0.5088115147000684,0.6196851425040971,0.45448562249582763,9071,962,8109,2983,6088,485,477
MA->PR,MA,PR,large,1618,source_calibrated,0.05,0.8352397648990717,source_calibration_labels,32091,8023,9071,0.27311159999953816,0.07732149463559009,0.45634095634095634,0.1175173630250248,0.09647718174539632,0.06879344145428622,0.027683740291110107,0.7130540114224355,0.16821617208073333,0.5088115147000684,0.6196851425040971,0.45448562249582763,9071,962,8109,2983,6088,485,477
MA->PR,MA,PR,large,1618,target_oracle,0.1,0.7869997662454046,target_labels,32091,8023,9071,0.27311159999953816,0.09988901220865705,0.5374220374220374,0.14629037592327196,0.1265012009607686,0.08804134735341294,0.03845985360735567,0.6959724230659036,0.16821617208073333,0.5088115147000684,0.6196851425040971,0.45448562249582763,9071,962,8109,2983,6088,485,477
MA->PR,MA,PR,large,1618,source_calibrated,0.1,0.6981186138062848,source_calibration_labels,32091,8023,9071,0.27311159999953816,0.14662720434085583,0.6216216216216216,0.1970014331385735,0.18574859887910328,0.12921047941543398,0.056538119463669295,0.6956202103011941,0.16821617208073333,0.5088115147000684,0.6196851425040971,0.45448562249582763,9071,962,8109,2983,6088,485,477
MA->PR,MA,PR,large,8675309,target_oracle,0.01,0.9407026895664102,target_labels,32091,8023,9071,0.2821006000012858,0.009865581452706869,0.12162162162162163,0.021717561459596517,0.01321056845476381,0.008376403493138477,0.004834164961625333,0.6340683613896945,0.16755654619979754,0.502593888716018,0.6195756544049411,0.4452751293451149,9071,962,8109,2983,6088,485,477
MA->PR,MA,PR,large,8675309,source_calibrated,0.01,0.9397417307604625,source_calibration_labels,32091,8023,9071,0.2821006000012858,0.01072881982981872,0.12266112266112267,0.022599492889427846,0.013610888710968775,0.009445731598645517,0.0041651571123232575,0.6939834568651913,0.16755654619979754,0.502593888716018,0.6195756544049411,0.4452751293451149,9071,962,8109,2983,6088,485,477
MA->PR,MA,PR,large,8675309,target_oracle,0.02,0.9186606549764764,target_labels,32091,8023,9071,0.2821006000012858,0.01997780244173141,0.18814968814968816,0.0378128100540183,0.02922337870296237,0.015861700231687755,0.013361678471274615,0.542774344914466,0.16755654619979754,0.502593888716018,0.6195756544049411,0.4452751293451149,9071,962,8109,2983,6088,485,477
MA->PR,MA,PR,large,8675309,source_calibrated,0.02,0.90266902603872,source_calibration_labels,32091,8023,9071,0.2821006000012858,0.027623628067579235,0.2494802494802495,0.05115202293021717,0.040032025620496396,0.022099447513812154,0.017932578106684242,0.5520441988950276,0.16755654619979754,0.502593888716018,0.6195756544049411,0.4452751293451149,9071,962,8109,2983,6088,485,477
MA->PR,MA,PR,large,8675309,target_oracle,0.05,0.8660339346679975,target_labels,32091,8023,9071,0.2821006000012858,0.049944506104328525,0.3575883575883576,0.08257083011795834,0.06725380304243395,0.04223846016752807,0.025015342874905873,0.628045675586221,0.16755654619979754,0.502593888716018,0.6195756544049411,0.4452751293451149,9071,962,8109,2983,6088,485,477
MA->PR,MA,PR,large,8675309,source_calibrated,0.05,0.8222740065016425,source_calibration_labels,32091,8023,9071,0.2821006000012858,0.07793809347638427,0.4625779625779626,0.11873001874104289,0.10288230584467574,0.06683300659418999,0.03604929925048575,0.649606422071154,0.16755654619979754,0.502593888716018,0.6195756544049411,0.4452751293451149,9071,962,8109,2983,6088,485,477
MA->PR,MA,PR,large,8675309,target_oracle,0.1,0.7858348075695166,target_labels,32091,8023,9071,0.2821006000012858,0.09988901220865705,0.5176715176715176,0.14419578877742256,0.1289031224979984,0.0869720192479059,0.0419311032500925,0.6747083977679159,0.16755654619979754,0.502593888716018,0.6195756544049411,0.4452751293451149,9071,962,8109,2983,6088,485,477
MA->PR,MA,PR,large,8675309,source_calibrated,0.1,0.685701523070642,source_calibration_labels,32091,8023,9071,0.2821006000012858,0.15180663460352695,0.6330561330561331,0.20284422886120604,0.19375500400320256,0.13313134913562644,0.06062365486757612,0.6871117978115596,0.16755654619979754,0.502593888716018,0.6195756544049411,0.4452751293451149,9071,962,8109,2983,6088,485,477
