pair,source,target,model_config,seed,policy,target_fpr,global_fpr_weighted,recall_weighted,alert_rate_weighted,fpr_older_weighted,fpr_younger_weighted,fpr_difference_weighted,pe_ratio_weighted,brier_weighted,logloss_weighted,global_fpr_unweighted,recall_unweighted,alert_rate_unweighted,fpr_older_unweighted,fpr_younger_unweighted,fpr_difference_unweighted,pe_ratio_unweighted,brier_unweighted,logloss_unweighted,delta_global_fpr,delta_recall,delta_alert_rate,delta_fpr_older,delta_fpr_younger,delta_fpr_difference,delta_pe_ratio,delta_brier,delta_logloss
CA->HI,CA,HI,large,42,source_calibrated,0.01,0.0193164632306942,0.251727471777519,0.103655901773196,0.0290371724558196,0.0157975574312493,0.0132396150245703,0.544045996740402,0.151339784375865,0.463524745718099,0.0167224080267559,0.240583644384119,0.102056655025223,0.025531914893617,0.013040901007706,0.012491013885911,0.510768622801818,0.145733977033846,0.446654528662366,0.00259405520393831,0.0111438273933993,0.00159924674797243,0.0035052575622026,0.00275665642354334,0.000748601138659261,0.033277373938584,0.00560580734201857,0.0168702170557339
CA->HI,CA,HI,large,42,source_calibrated,0.02,0.0331281089868828,0.352379361333068,0.148980931730617,0.0476386349786715,0.0278752850536742,0.0197633499249973,0.585140297704885,0.151339784375865,0.463524745718099,0.0309364548494983,0.357312521208008,0.155348596559307,0.0418439716312057,0.0263781861292235,0.0154657855019822,0.630393939698392,0.145733977033846,0.446654528662366,0.00219165413738445,-0.00493315987494025,-0.00636766482869,0.00579466334746587,0.00149709892445072,0.00429756442301515,-0.0452536419935069,0.00560580734201857,0.0168702170557339
CA->HI,CA,HI,large,42,source_calibrated,0.05,0.0788288242689768,0.528872949071573,0.242144964251026,0.110374771480804,0.0674091619766663,0.0429656095041381,0.610729798778243,0.151339784375865,0.463524745718099,0.0696070234113712,0.519172039362063,0.240977881257276,0.0971631205673759,0.0580912863070539,0.0390718342603219,0.597873822576249,0.145733977033846,0.446654528662366,0.00922180085760561,0.00970090970950965,0.00116708299374987,0.0132116509134285,0.00931787566961233,0.00389377524381618,0.0128559762019947,0.00560580734201857,0.0168702170557339
CA->HI,CA,HI,large,42,source_calibrated,0.1,0.147666374453112,0.670330139050815,0.337335395418611,0.224984765386959,0.119677044872343,0.105307720514616,0.531933994137364,0.151339784375865,0.463524745718099,0.132316053511706,0.676620291822192,0.33980080196611,0.195035460992908,0.106105512744517,0.0889299482483909,0.54403190170825,0.145733977033846,0.446654528662366,0.0153503209414062,-0.00629015277137734,-0.00246540654749983,0.0299493043940514,0.0135715321278259,0.0163777722662254,-0.0120979075708867,0.00560580734201857,0.0168702170557339
CA->HI,CA,HI,large,42,target_oracle,0.01,0.00990826653925346,0.18059899906162,0.0718500851964549,0.0168037781840341,0.00741208489704978,0.00939169328698435,0.44109633059143,0.151339784375865,0.463524745718099,0.00982441471571906,0.193756362402443,0.0799379123011253,0.0177304964539007,0.00652045050385299,0.0112100459500477,0.367753408417309,0.145733977033846,0.446654528662366,8.38518235343946e-05,-0.0131573633408229,-0.00808782710467043,-0.000926718269866584,0.000891634393196787,-0.00181835266306337,0.0733429221741215,0.00560580734201857,0.0168702170557339
CA->HI,CA,HI,large,42,target_oracle,0.02,0.0198469016927466,0.255299712798931,0.105290177448544,0.0290371724558196,0.0165200151109469,0.0125171573448727,0.568926438553281,0.151339784375865,0.463524745718099,0.0198578595317726,0.268069222938582,0.114474194800155,0.0290780141843972,0.016004742145821,0.0130732720385762,0.550406985990429,0.145733977033846,0.446654528662366,-1.09578390260177e-05,-0.0127695101396508,-0.00918401735161169,-4.08417285775418e-05,0.000515272965125907,-0.000556114693703449,0.0185194525628523,0.00560580734201857,0.0168702170557339
CA->HI,CA,HI,large,42,target_oracle,0.05,0.0499928127612966,0.416018568544374,0.182819596345517,0.0709323583180987,0.0424126777535427,0.0285196805645561,0.597931307504841,0.151339784375865,0.463524745718099,0.0499581939799331,0.442823210044113,0.199715431380158,0.0702127659574468,0.04149377593361,0.0287189900238369,0.590971960266566,0.145733977033846,0.446654528662366,3.46187813635088e-05,-0.0268046414997387,-0.0168958350346407,0.000719592360651902,0.000918901819932705,-0.000199309459280803,0.00695934723827507,0.00560580734201857,0.0168702170557339
CA->HI,CA,HI,large,42,target_oracle,0.1,0.0999896746711585,0.584720760940655,0.27589333739215,0.150358013406459,0.0817562891044007,0.0686017243020588,0.543744142744096,0.151339784375865,0.463524745718099,0.0999163879598662,0.613844587716322,0.295822015263226,0.143262411347518,0.0818020154119739,0.0614603959355438,0.570994265994471,0.145733977033846,0.446654528662366,7.32867112922947e-05,-0.029123826775667,-0.0199286778710759,0.00709560205894175,-4.57263075732683e-05,0.00714132836651502,-0.027250123250375,0.00560580734201857,0.0168702170557339
CA->HI,CA,HI,large,314,source_calibrated,0.01,0.0180713500468689,0.248773708306082,0.10179073790062,0.0296541742839732,0.0138783568775489,0.0157758174064242,0.468006856122431,0.151936601789261,0.464637880665472,0.0156772575250836,0.247030878859857,0.103867546242401,0.025531914893617,0.0115589804386485,0.0139729344549685,0.452726733847066,0.145837097489604,0.446631415550379,0.00239409252178528,0.00174282944622495,-0.00207680834178069,0.00412225939035617,0.00231937643890045,0.00180288295145572,0.0152801222753653,0.00609950429965697,0.0180064651150935
CA->HI,CA,HI,large,314,source_calibrated,0.02,0.0352478382608097,0.364773793613331,0.154829239474916,0.0530316879951249,0.0288100680819852,0.0242216199131398,0.543261381471274,0.151936601789261,0.464637880665472,0.0330267558528428,0.369867662029182,0.161428017074117,0.0453900709219858,0.027860106698281,0.0175299642237048,0.613792975696503,0.145837097489604,0.446631415550379,0.0022210824079669,-0.00509386841585152,-0.0065987775992008,0.0076416170731391,0.000949961383704186,0.00669165568943492,-0.0705315942252284,0.00609950429965697,0.0180064651150935
CA->HI,CA,HI,large,314,source_calibrated,0.05,0.0839084811441274,0.532377655188102,0.246653088548848,0.128717245581962,0.0676876666547176,0.0610295789272446,0.525863231058784,0.151936601789261,0.464637880665472,0.0723244147157191,0.534781133355955,0.248609494243953,0.102127659574468,0.0598695909899229,0.0422580685845451,0.586223078442995,0.145837097489604,0.446631415550379,0.0115840664284084,-0.0024034781678528,-0.00195640569510461,0.0265895860074941,0.00781807566479468,0.0187715103426995,-0.0603598473842116,0.00609950429965697,0.0180064651150935
CA->HI,CA,HI,large,314,source_calibrated,0.1,0.149124067936615,0.664511473824893,0.336152577112143,0.233539000609385,0.118565783632197,0.114973216977187,0.507691577521604,0.151936601789261,0.464637880665472,0.13252508361204,0.670173057346454,0.337472513258311,0.200709219858156,0.104030823947836,0.0966783959103196,0.518316119316075,0.145837097489604,0.446631415550379,0.0165989843245745,-0.00566158352156143,-0.00131993614616738,0.0328297807512285,0.0145349596843609,0.0182948210668675,-0.010624541794471,0.00609950429965697,0.0180064651150935
CA->HI,CA,HI,large,314,target_oracle,0.01,0.00998520036199388,0.182625046208093,0.0726343311401104,0.0192413162705667,0.00663447777615393,0.0126068384944128,0.344803738105102,0.151936601789261,0.464637880665472,0.00982441471571906,0.182558534102477,0.0756693830034924,0.0184397163120567,0.00622406639004149,0.0122156499220152,0.337535908075327,0.145837097489604,0.446631415550379,0.000160785646274818,6.65121056157014e-05,-0.003035051863382,0.00080159995850999,0.00041041138611244,0.00039118857239755,0.0072678300297751,0.00609950429965697,0.0180064651150935
CA->HI,CA,HI,large,314,target_oracle,0.02,0.0198792948812688,0.265682315807433,0.109078549712551,0.0303168799512492,0.0161008793578399,0.0142160005934093,0.531086291984227,0.151936601789261,0.464637880665472,0.0198578595317726,0.272480488632508,0.116155736644677,0.0312056737588652,0.0151155898043865,0.0160900839544788,0.484385946004203,0.145837097489604,0.446631415550379,2.14353494962655e-05,-0.0067981728250745,-0.00707718693212664,-0.000888793807616011,0.000985289553453421,-0.00187408336106943,0.0467003459800236,0.00609950429965697,0.0180064651150935
CA->HI,CA,HI,large,314,target_oracle,0.05,0.0498834857500339,0.423372764239202,0.185418700912073,0.0721282754418038,0.0418308511489007,0.030297424292903,0.57995080143919,0.151936601789261,0.464637880665472,0.0499581939799331,0.462164913471327,0.207088345621524,0.0695035460992908,0.0417901600474215,0.0277133860518693,0.60126658843739,0.145837097489604,0.446631415550379,-7.47082298992036e-05,-0.0387921492321253,-0.0216696447094508,0.002624729342513,4.06911014792788e-05,0.00258403824103372,-0.0213157869982006,0.00609950429965697,0.0180064651150935
CA->HI,CA,HI,large,314,target_oracle,0.1,0.0999633552054842,0.583931668894134,0.275590216015902,0.155545399146862,0.0798426034948201,0.0757027956520416,0.513307394064642,0.151936601789261,0.464637880665472,0.0999163879598662,0.612147947064812,0.295175268399948,0.15177304964539,0.0782454060462359,0.0735276435991541,0.515542161332676,0.145837097489604,0.446631415550379,4.69672456179376e-05,-0.028216278170678,-0.0195850523840467,0.00377234950147159,0.00159719744858416,0.00217515205288743,-0.0022347672680344,0.00609950429965697,0.0180064651150935
CA->HI,CA,HI,large,1618,source_calibrated,0.01,0.0196464688387649,0.244010720277533,0.101065826354017,0.026820536258379,0.0170494497464504,0.00977108651192859,0.635686385320652,0.150734362761785,0.462346761616987,0.016304347826087,0.248388191381065,0.10477299185099,0.0234042553191489,0.0133372851215175,0.0100669701976314,0.569865818828474,0.144926193672274,0.444750170103506,0.00334212101267797,-0.00437747110353257,-0.00370716549697213,0.0034162809392301,0.00371216462493296,-0.000295883685702858,0.0658205664921773,0.00580816908951109,0.0175965915134808
CA->HI,CA,HI,large,1618,source_calibrated,0.02,0.0361568721137163,0.346763300821793,0.148872581962085,0.0498171846435101,0.0312118262461706,0.0186053583973395,0.626527301161662,0.150734362761785,0.462346761616987,0.0323996655518395,0.351883271123176,0.154184452205407,0.0439716312056738,0.0275637225844695,0.0164079086212043,0.626852400711322,0.144926193672274,0.444750170103506,0.00375720656187682,-0.00511997030138295,-0.00531187024332147,0.0058455534378363,0.00364810366170109,0.00219744977613521,-0.000325099549659646,0.00580816908951109,0.0175965915134808
CA->HI,CA,HI,large,1618,source_calibrated,0.05,0.0795070566536621,0.526064918815935,0.241558069671481,0.114579524680073,0.0668107905396649,0.0477687341404083,0.583095371762213,0.150734362761785,0.462346761616987,0.070443143812709,0.527655242619613,0.244729013064287,0.0957446808510638,0.0598695909899229,0.0358750898611409,0.625304617005862,0.144926193672274,0.444750170103506,0.00906391284095312,-0.00159032380367774,-0.00317094339280571,0.0188348438290093,0.00694119954974192,0.0118936442792674,-0.0422092452436491,0.00580816908951109,0.0175965915134808
CA->HI,CA,HI,large,1618,source_calibrated,0.1,0.146763414323053,0.667639406261552,0.335783671947858,0.225129494210847,0.118394820364483,0.106734673846364,0.525896532480097,0.150734362761785,0.462346761616987,0.132943143812709,0.679334916864608,0.341223645065321,0.194326241134752,0.107291049199763,0.0870351919349889,0.552118172889291,0.144926193672274,0.444750170103506,0.0138202705103442,-0.0116955106030561,-0.00543997311746347,0.0308032530760953,0.0111037711647198,0.0196994819113755,-0.0262216404091933,0.00580816908951109,0.0175965915134808
CA->HI,CA,HI,large,1618,target_oracle,0.01,0.00989206994499232,0.173155941649842,0.0691387612267774,0.0153031687995125,0.00793324711637359,0.0073699216831389,0.518405515897225,0.150734362761785,0.462346761616987,0.00982441471571906,0.180183237190363,0.0747639373949036,0.0127659574468085,0.00859513930053349,0.00417081814627502,0.673285911875124,0.144926193672274,0.444750170103506,6.7655229273253e-05,-0.00702729554052089,-0.00562517616812629,0.00253721135270398,-0.000661892184159898,0.00319910353686388,-0.154880395977898,0.00580816908951109,0.0175965915134808
CA->HI,CA,HI,large,1618,target_oracle,0.02,0.0199643270011398,0.247238177837177,0.102439546633611,0.026820536258379,0.017482372859857,0.00933816339852204,0.651827863971039,0.150734362761785,0.462346761616987,0.0198578595317726,0.267390566677978,0.114215496054844,0.0276595744680851,0.016597510373444,0.0110620640946411,0.600063836578359,0.144926193672274,0.444750170103506,0.000106467469367259,-0.0201523888408007,-0.0117759494212327,-0.000839038209706069,0.000884862486413014,-0.00172390069611908,0.051764027392679,0.00580816908951109,0.0175965915134808
CA->HI,CA,HI,large,1618,target_oracle,0.05,0.0498753874529033,0.435952028890721,0.189978420337768,0.0665371724558196,0.0438438057526382,0.0226933667031814,0.658937014219387,0.150734362761785,0.462346761616987,0.0499581939799331,0.461146929080421,0.206700297503557,0.0673758865248227,0.042679312388856,0.0246965741359667,0.633450847034599,0.144926193672274,0.444750170103506,-8.28065270297718e-05,-0.0251949001896993,-0.0167218771657896,-0.000838714069003071,0.00116449336378225,-0.00200320743278532,0.0254861671847878,0.00580816908951109,0.0175965915134808
CA->HI,CA,HI,large,1618,target_oracle,0.1,0.0999593060569189,0.589569056217477,0.277633383079636,0.145802864107252,0.0833638953153307,0.062438968791921,0.571757597669746,0.150734362761785,0.462346761616987,0.0999163879598662,0.61350525958602,0.29569266589057,0.141843971631206,0.0823947836395969,0.0594491879916088,0.580883224659158,0.144926193672274,0.444750170103506,4.29180970526605e-05,-0.0239362033685431,-0.0180592828109346,0.003958892476046,0.000969111675733797,0.0029897808003122,-0.00912562698941177,0.00580816908951109,0.0175965915134808
CA->HI,CA,HI,large,2718,source_calibrated,0.01,0.0170327434398732,0.237538032814855,0.09705172540557,0.0252056672760512,0.0140741373938029,0.0111315298822483,0.558371942296295,0.152284980616003,0.466017938779635,0.0171404682274247,0.239226331862911,0.101797956279912,0.0269503546099291,0.013040901007706,0.0139094536022231,0.483886063706985,0.14574734892043,0.447027124494793,-0.000107724787551569,-0.00168829904805659,-0.00474623087434209,-0.00174468733387789,0.00103323638609687,-0.00277792371997476,0.0744858785893093,0.00653763169557289,0.0189908142848416
CA->HI,CA,HI,large,2718,source_calibrated,0.02,0.0362196339164782,0.35038174993602,0.15022566419053,0.0517138939670932,0.0306106973371092,0.021103196629984,0.591924045723332,0.152284980616003,0.466017938779635,0.0319816053511706,0.360027146250424,0.157030138403829,0.0453900709219858,0.0263781861292235,0.0190118847927623,0.581144413159455,0.14574734892043,0.447027124494793,0.00423802856530765,-0.00964539631440459,-0.00680447421329824,0.00632382304510742,0.00423251120788576,0.00209131183722166,0.0107796325638773,0.00653763169557289,0.0189908142848416
CA->HI,CA,HI,large,2718,source_calibrated,0.05,0.088421257220138,0.535047061165297,0.250496925575318,0.124291590493601,0.075436163143077,0.0488554273505245,0.6069289389853,0.152284980616003,0.466017938779635,0.0781772575250836,0.543603664743807,0.255594360367352,0.111347517730496,0.0643153526970954,0.047032165033401,0.577609218489838,0.14574734892043,0.447027124494793,0.0102439996950544,-0.00855660357851029,-0.00509743479203428,0.012944072763105,0.0111208104459815,0.00182326231712349,0.0293197204954623,0.00653763169557289,0.0189908142848416
CA->HI,CA,HI,large,2718,source_calibrated,0.1,0.153689482943974,0.668432052776751,0.340483988097004,0.234811090798294,0.124323385293299,0.110487705504995,0.529461299594635,0.152284980616003,0.466017938779635,0.141722408026756,0.688496776382762,0.350148751778554,0.211347517730496,0.11262596324837,0.0987215544821266,0.532894658322824,0.14574734892043,0.447027124494793,0.0119670749172181,-0.0200647236060112,-0.00966476368154989,0.0234635730677973,0.0116974220449286,0.0117661510228687,-0.00343335872818873,0.00653763169557289,0.0189908142848416
CA->HI,CA,HI,large,2718,target_oracle,0.01,0.00989814366784024,0.175398811385674,0.0699565440035497,0.0164990859232176,0.00750859641914678,0.00899048950407077,0.455091661082913,0.152284980616003,0.466017938779635,0.00982441471571906,0.174414658975229,0.0725649980597594,0.0184397163120567,0.00622406639004149,0.0122156499220152,0.337535908075327,0.14574734892043,0.447027124494793,7.37289521211808e-05,0.000984152410445027,-0.00260845405620967,-0.00194063038883919,0.00128453002910529,-0.00322516041794448,0.117555753007586,0.00653763169557289,0.0189908142848416
CA->HI,CA,HI,large,2718,target_oracle,0.02,0.0199420566840308,0.259689481616288,0.106943801296844,0.028473491773309,0.0168536692301965,0.0116198225431124,0.591907355949759,0.152284980616003,0.466017938779635,0.0198578595317726,0.2711231761113,0.115638339154055,0.0283687943262411,0.0163011262596325,0.0120676680666086,0.574614700652045,0.14574734892043,0.447027124494793,8.41971522581898e-05,-0.0114336944950116,-0.00869453785721157,0.000104697447067825,0.000552542970564042,-0.000447845523496217,0.0172926552977141,0.00653763169557289,0.0189908142848416
CA->HI,CA,HI,large,2718,target_oracle,0.05,0.0499685178699049,0.41859555833594,0.183739279499837,0.0763406459475929,0.0404217829262845,0.0359188630213084,0.52949228323315,0.152284980616003,0.466017938779635,0.0499581939799331,0.453342382083475,0.20372526193248,0.0716312056737589,0.040901007705987,0.0307301979677719,0.570994265994471,0.14574734892043,0.447027124494793,1.03238899717972e-05,-0.0347468237475348,-0.0199859824326428,0.00470944027383406,-0.000479224779702463,0.00518866505353652,-0.0415019827613214,0.00653763169557289,0.0189908142848416
CA->HI,CA,HI,large,2718,target_oracle,0.1,0.099918814571266,0.56564392754571,0.268925415373026,0.143167276051188,0.0842628312068628,0.0589044448443255,0.588562089962062,0.152284980616003,0.466017938779635,0.0999163879598662,0.605361384458772,0.292588280946837,0.142553191489362,0.0820983995257854,0.0604547919635763,0.575914145927151,0.14574734892043,0.447027124494793,2.4266113998056e-06,-0.0397174569130612,-0.0236628655738111,0.0006140845618266,0.00216443168107738,-0.00155034711925078,0.0126479440349102,0.00653763169557289,0.0189908142848416
CA->HI,CA,HI,large,8675309,source_calibrated,0.01,0.0146133771721151,0.220441038473569,0.0893060068337747,0.0225624619134674,0.0117358010869955,0.0108266608264719,0.520147186597153,0.150882062921192,0.461473723314432,0.0142140468227425,0.231082456735663,0.0968826801190014,0.0219858156028369,0.0109662122110255,0.0110196033918114,0.498785781211159,0.145098709875995,0.444342075721663,0.000399330349372659,-0.0106414182620944,-0.00757667328522674,0.000576646310630518,0.000769588875969998,-0.00019294256533948,0.0213614053859938,0.00578335304519778,0.0171316475927691
CA->HI,CA,HI,large,8675309,source_calibrated,0.02,0.0316096782749007,0.337866465720704,0.142746950405473,0.0402726995734308,0.0284736564906756,0.0117990430827552,0.707021302079798,0.150882062921192,0.461473723314432,0.0280100334448161,0.340346114692908,0.147070236709352,0.0347517730496454,0.0251926496739775,0.00955912337566792,0.724931347761393,0.145098709875995,0.444342075721663,0.00359964483008469,-0.00247964897220398,-0.00432328630387874,0.00552092652378544,0.00328100681669813,0.00223991970708731,-0.0179100456815943,0.00578335304519778,0.0171316475927691
CA->HI,CA,HI,large,8675309,source_calibrated,0.05,0.0805476878349405,0.524991469275173,0.241831523849203,0.113284582571603,0.0686969014286463,0.0445876811429564,0.606409979797787,0.150882062921192,0.461473723314432,0.0714882943143813,0.527655242619613,0.245375759927564,0.0971631205673759,0.0607587433313574,0.0364043772360184,0.625327212388423,0.145098709875995,0.444342075721663,0.00905939352055925,-0.00266377334444046,-0.00354423607836143,0.0161214620042268,0.00793815809728884,0.00818330390693795,-0.0189172325906366,0.00578335304519778,0.0171316475927691
CA->HI,CA,HI,large,8675309,source_calibrated,0.1,0.149146338253724,0.659688059828817,0.334416401059248,0.213825411334552,0.125732453515915,0.0880929578186374,0.588014552298432,0.150882062921192,0.461473723314432,0.13628762541806,0.67967424499491,0.343422584400466,0.192198581560284,0.112922347362181,0.0792762341981023,0.587529556386257,0.145098709875995,0.444342075721663,0.0128587128356635,-0.0199861851660932,-0.00900618334121767,0.0216268297742684,0.0128101061537334,0.00881672362053505,0.000484995912174768,0.00578335304519778,0.0171316475927691
CA->HI,CA,HI,large,8675309,target_oracle,0.01,0.0097726200623164,0.184590667387039,0.0732121965722777,0.015699268738574,0.0076271677177231,0.00807210102085094,0.485829489559771,0.150882062921192,0.461473723314432,0.00982441471571906,0.196131659314557,0.0808433579097141,0.0163120567375887,0.00711321873147599,0.00919883800611266,0.436071235277441,0.145098709875995,0.444342075721663,-5.17946534026679e-05,-0.0115409919275182,-0.00763116133743647,-0.000612787999014611,0.000513948986247108,-0.00112673698526172,0.0497582542823299,0.00578335304519778,0.0171316475927691
CA->HI,CA,HI,large,8675309,target_oracle,0.02,0.0199926710410968,0.263020018767595,0.108184664122167,0.029669408897014,0.0164896829182878,0.0131797259787262,0.555780635048222,0.150882062921192,0.461473723314432,0.0198578595317726,0.273498473023414,0.116543784762644,0.0297872340425532,0.0157083580320095,0.0140788760105437,0.527352019646033,0.145098709875995,0.444342075721663,0.000134811509324258,-0.010478454255819,-0.00835912064047696,-0.000117825145539176,0.000781324886278346,-0.000899150031817522,0.0284286154021898,0.00578335304519778,0.0171316475927691
CA->HI,CA,HI,large,8675309,target_oracle,0.05,0.0498450188386637,0.421929649955925,0.184870502678432,0.0676492992078001,0.043399852750992,0.0242494464568081,0.64154179362124,0.150882062921192,0.461473723314432,0.0499581939799331,0.445877163216831,0.200879575734058,0.0652482269503546,0.0435684647302905,0.0216797622200642,0.667734079018582,0.145098709875995,0.444342075721663,-0.000113175141269413,-0.0239475132609061,-0.0160090730556256,0.00240107225744551,-0.000168611979298454,0.00256968423674397,-0.0261922853973422,0.00578335304519778,0.0171316475927691
CA->HI,CA,HI,large,8675309,target_oracle,0.1,0.0997224308658497,0.575756390934683,0.272470000657838,0.145536258379037,0.0831377826064177,0.0623984757726194,0.571251339923088,0.150882062921192,0.461473723314432,0.0999163879598662,0.611469290804208,0.294916569654637,0.14113475177305,0.0826911677534084,0.0584435840196412,0.585902243880934,0.145098709875995,0.444342075721663,-0.000193957094016539,-0.0357128998695245,-0.0224465689967993,0.00440150660598751,0.000446614853009328,0.00395489175297818,-0.0146509039578457,0.00578335304519778,0.0171316475927691
CA->HI,CA,HI,reference,42,source_calibrated,0.01,0.0143501825153716,0.212024056644013,0.0860838910981636,0.0208028641072517,0.0120143057650468,0.00878855834220484,0.577531329489326,0.148474912386001,0.453006345545443,0.0112876254180602,0.209026128266033,0.0866640796792136,0.0177304964539007,0.00859513930053349,0.00913535715336722,0.484765856550089,0.142849234309823,0.437823249641303,0.00306255709731138,0.0029979283779796,-0.000580188581049954,0.00307236765335097,0.00341916646451334,-0.000346798811162377,0.0927654729392368,0.00562567807617786,0.0151830959041397
CA->HI,CA,HI,reference,42,source_calibrated,0.02,0.0304961624194473,0.329580999232235,0.139030811320487,0.0417123705057892,0.0264358846383989,0.0152764858673902,0.633766058314282,0.148474912386001,0.453006345545443,0.0255016722408027,0.317611129962674,0.136851636269564,0.0354609929078014,0.021339656194428,0.0141213367133734,0.601778304682869,0.142849234309823,0.437823249641303,0.00499449017864458,0.0119698692695608,0.00217917505092291,0.00625137759798773,0.00509622844397092,0.00115514915401681,0.031987753631413,0.00562567807617786,0.0151830959041397
CA->HI,CA,HI,reference,42,source_calibrated,0.05,0.0702830962219419,0.495713310774305,0.22466711468436,0.0894576477757465,0.0633418906882926,0.0261157570874539,0.708065685418857,0.148474912386001,0.453006345545443,0.0610367892976589,0.511028164234815,0.232570172034666,0.0794326241134752,0.0533491404860699,0.0260834836274052,0.671627572190702,0.142849234309823,0.437823249641303,0.00924630692428306,-0.0153148534605096,-0.00790305735030528,0.0100250236622713,0.00999275020222266,3.22734600486582e-05,0.0364381132281547,0.00562567807617786,0.0151830959041397
CA->HI,CA,HI,reference,42,source_calibrated,0.1,0.138049646610559,0.641300793357409,0.320674038750521,0.189968007312614,0.119255151647176,0.0707128556654383,0.627764397459451,0.148474912386001,0.453006345545443,0.124163879598662,0.657278588394978,0.327383262191178,0.170212765957447,0.104919976289271,0.0652927896681759,0.616404860699467,0.142849234309823,0.437823249641303,0.0138857670118968,-0.015977795037569,-0.00670922344065755,0.0197552413551675,0.014335175357905,0.00542006599726241,0.0113595367599848,0.00562567807617786,0.0151830959041397
CA->HI,CA,HI,reference,42,target_oracle,0.01,0.00955599061407363,0.187615520232036,0.0741718659506983,0.0153336380255942,0.00746447686618815,0.007869161159406,0.486804035267353,0.148474912386001,0.453006345545443,0.00982441471571906,0.194435018663047,0.0801966110464364,0.0148936170212766,0.00770598695909899,0.0071876300621776,0.517401981539504,0.142849234309823,0.437823249641303,-0.000268424101645438,-0.00681949843101146,-0.00602474509573815,0.000440021004317554,-0.000241510092910839,0.000681531097228393,-0.0305979462721512,0.00562567807617786,0.0151830959041397
CA->HI,CA,HI,reference,42,target_oracle,0.02,0.0199886218925315,0.258001108994228,0.106360776351889,0.0274527726995734,0.0172865923436031,0.0101661803559704,0.629684751073311,0.148474912386001,0.453006345545443,0.0198578595317726,0.280285035629454,0.119130772215755,0.0276595744680851,0.016597510373444,0.0110620640946411,0.600063836578359,0.142849234309823,0.437823249641303,0.000130762360758971,-0.0222839266352261,-0.0127699958638657,-0.000206801768511674,0.000689081970159097,-0.00089588373867077,0.0296209144949514,0.00562567807617786,0.0151830959041397
CA->HI,CA,HI,reference,42,target_oracle,0.05,0.0498348959672505,0.419679671282737,0.184047560388872,0.057205971968312,0.047166559584835,0.010039412383477,0.82450412014609,0.148474912386001,0.453006345545443,0.0499581939799331,0.459789616559213,0.206182900012935,0.0602836879432624,0.045643153526971,0.0146405344162915,0.75713937027093,0.142849234309823,0.437823249641303,-0.000123298012682627,-0.0401099452764761,-0.0221353396240624,-0.0030777159749504,0.00152340605786405,-0.00460112203281445,0.0673647498751605,0.00562567807617786,0.0151830959041397
CA->HI,CA,HI,reference,42,target_oracle,0.1,0.0998216350056992,0.570758807973384,0.270719635944778,0.138429311395491,0.0858456201692536,0.0525836912262369,0.620140484004821,0.148474912386001,0.453006345545443,0.0999163879598662,0.608754665761792,0.293881774673393,0.133333333333333,0.0859513930053349,0.0473819403279984,0.644635447540012,0.142849234309823,0.437823249641303,-9.47529541670405e-05,-0.0379958577884074,-0.0231621387286151,0.00509597806215722,-0.000105772836081278,0.0052017508982385,-0.0244949635351907,0.00562567807617786,0.0151830959041397
CA->HI,CA,HI,reference,314,source_calibrated,0.01,0.0119692831589837,0.198847641254585,0.07978541586318,0.0195079219987812,0.009240288872773,0.0102676331260082,0.473668536984631,0.148142534608004,0.452212088942537,0.010242474916388,0.198846284356973,0.0821368516362696,0.0156028368794326,0.00800237107291049,0.00760046580652213,0.512879236945627,0.142244786978957,0.436348804877275,0.00172680824259579,1.35689761207591e-06,-0.00235143577308952,0.00390508511934861,0.00123791779986251,0.0026671673194861,-0.0392106999609964,0.00589774762904646,0.015863284065262
CA->HI,CA,HI,reference,314,source_calibrated,0.02,0.0328122753987905,0.33325631984531,0.141840166033121,0.0455971968312005,0.0281841219243846,0.0174130749068159,0.618110846347011,0.148142534608004,0.452212088942537,0.0273829431438127,0.323379708177808,0.140214719958608,0.0390070921985816,0.022525192649674,0.0164818995489076,0.577464029746187,0.142244786978957,0.436348804877275,0.00542933225497781,0.00987661166750159,0.00162544607451329,0.00659010463261893,0.00565892927471062,0.000931175357908307,0.040646816600824,0.00589774762904646,0.015863284065262
CA->HI,CA,HI,reference,314,source_calibrated,0.05,0.0692789073777511,0.505264168112151,0.227493237813553,0.0878808653260207,0.0625449812629773,0.0253358840630434,0.711701927728497,0.148142534608004,0.452212088942537,0.0625,0.516457414319647,0.235545207605743,0.0780141843971631,0.0560165975103734,0.0219975868867897,0.718030931723878,0.142244786978957,0.436348804877275,0.00677890737775114,-0.0111932462074965,-0.00805196979218983,0.00986668092885759,0.0065283837526039,0.00333829717625369,-0.00632900399538106,0.00589774762904646,0.015863284065262
CA->HI,CA,HI,reference,314,source_calibrated,0.1,0.136826803743843,0.642569738675463,0.320355438835911,0.192481718464351,0.116679672743216,0.0758020457211351,0.606185738957988,0.148142534608004,0.452212088942537,0.121446488294314,0.656260604004072,0.32531367222869,0.166666666666667,0.102548903378779,0.0641177632878878,0.615293420272673,0.142244786978957,0.436348804877275,0.0153803154495284,-0.0136908653286092,-0.00495823339277895,0.0258150517976843,0.014130769364437,0.0116842824332473,-0.00910768131468587,0.00589774762904646,0.015863284065262
CA->HI,CA,HI,reference,314,target_oracle,0.01,0.00985765218218739,0.181434299200955,0.0721209596177833,0.0176188299817185,0.00704809858514109,0.0105707313965774,0.400032158347307,0.148142534608004,0.452212088942537,0.00982441471571906,0.196131659314557,0.0808433579097141,0.0148936170212766,0.00770598695909899,0.0071876300621776,0.517401981539504,0.142244786978957,0.436348804877275,3.3237466468326e-05,-0.0146973601136017,-0.00872239829193085,0.00272521296044187,-0.000657888373957907,0.00338310133439978,-0.117369823192197,0.00589774762904646,0.015863284065262
CA->HI,CA,HI,reference,314,target_oracle,0.02,0.0195391664017849,0.237459834503938,0.098620217292881,0.0277269957343083,0.0165751645521452,0.0111518311821632,0.597798791869676,0.148142534608004,0.452212088942537,0.0198578595317726,0.263318629114354,0.112663303582978,0.0283687943262411,0.0163011262596325,0.0120676680666086,0.574614700652045,0.142244786978957,0.436348804877275,-0.00031869312998771,-0.0258587946104152,-0.0140430862900966,-0.000641798591932786,0.000274038292512692,-0.000915836884445478,0.0231840912176304,0.00589774762904646,0.015863284065262
CA->HI,CA,HI,reference,314,target_oracle,0.05,0.0499725670184702,0.426788608638781,0.186715028499859,0.064411943936624,0.0447454991162302,0.0196664448203938,0.694677048720282,0.148142534608004,0.452212088942537,0.0499581939799331,0.467594163556159,0.209157935584012,0.0638297872340425,0.0441612329579135,0.0196685542761291,0.691859316340644,0.142244786978957,0.436348804877275,1.43730385370813e-05,-0.0408055549173781,-0.0224429070841536,0.000582156702581466,0.000584266158316749,-2.10945573528298e-06,0.00281773237963734,0.00589774762904646,0.015863284065262
CA->HI,CA,HI,reference,314,target_oracle,0.1,0.0997689960743505,0.576669889384935,0.272831166552942,0.135755636806825,0.0867417985887258,0.0490138382180993,0.638955410095832,0.148142534608004,0.452212088942537,0.0999163879598662,0.613844587716322,0.295822015263226,0.132624113475177,0.0862477771191464,0.0463763363560309,0.650317463839553,0.142244786978957,0.436348804877275,-0.000147391885515755,-0.037174698331387,-0.0229908487102836,0.00313152333164782,0.000494021469579387,0.00263750186206843,-0.0113620537437209,0.00589774762904646,0.015863284065262
CA->HI,CA,HI,reference,1618,source_calibrated,0.01,0.0116534495708915,0.213595131799699,0.0849358995030099,0.0186243144424132,0.00912998999037642,0.00949432445203674,0.490218849053831,0.148127554249911,0.451879323261405,0.012123745819398,0.212080081438751,0.0883456215237356,0.0184397163120567,0.00948429164196799,0.00895542467008875,0.514340431352879,0.14250415574662,0.436737680309585,-0.000470296248506512,0.00151505036094732,-0.00340972202072568,0.000184598130356425,-0.000354301651591567,0.000538899781947991,-0.0241215822990484,0.00562339850329072,0.0151416429518199
CA->HI,CA,HI,reference,1618,source_calibrated,0.02,0.0337719236087632,0.324050245969233,0.139110783768689,0.0416590493601462,0.0309167767357597,0.0107422726243865,0.742138315939027,0.148127554249911,0.451879323261405,0.0275919732441472,0.329148286392942,0.142543008666408,0.0382978723404255,0.023117960877297,0.0151799114631286,0.603635645129421,0.14250415574662,0.436737680309585,0.00617995036461601,-0.00509804042370943,-0.00343222489771924,0.00336117701972072,0.00779881585846275,-0.00443763883874203,0.138502670809606,0.00562339850329072,0.0151416429518199
CA->HI,CA,HI,reference,1618,source_calibrated,0.05,0.0707953135154505,0.512753433616743,0.231177129943619,0.0950639853747715,0.062010031683354,0.0330539536914175,0.652297833284512,0.148127554249911,0.451879323261405,0.0627090301003344,0.520529351883271,0.237226749450265,0.0843971631205674,0.0536455245998814,0.0307516385206859,0.635631846099436,0.14250415574662,0.436737680309585,0.00808628341511609,-0.00777591826652813,-0.00604961950664576,0.0106668222542041,0.00836450708347253,0.00230231517073158,0.0166659871850764,0.00562339850329072,0.0151416429518199
CA->HI,CA,HI,reference,1618,source_calibrated,0.1,0.138871623769312,0.649675121562829,0.324236682330088,0.204737964655698,0.115027946979327,0.0897100176763705,0.561830079598411,0.148127554249911,0.451879323261405,0.125418060200669,0.659993213437394,0.329194153408356,0.176595744680851,0.104030823947836,0.0725649207330147,0.589090207897387,0.14250415574662,0.436737680309585,0.013453563568643,-0.0103180918745651,-0.00495747107826838,0.0281422199748467,0.0109971230314908,0.0171450969433558,-0.0272601282989763,0.00562339850329072,0.0151416429518199
CA->HI,CA,HI,reference,1618,target_oracle,0.01,0.00975237431948997,0.196416384678818,0.0774907225510695,0.0167428397318708,0.00722181932491569,0.00952102040695512,0.431337780243372,0.148127554249911,0.451879323261405,0.00982441471571906,0.198167628096369,0.0816194541456474,0.0170212765957447,0.00681683461766449,0.0102044419780802,0.400489033787789,0.14250415574662,0.436737680309585,-7.20403962290953e-05,-0.00175124341755098,-0.00412873159457788,-0.000278436863873872,0.000404984707251197,-0.000683421571125069,0.0308487464555831,0.00562339850329072,0.0151416429518199
CA->HI,CA,HI,reference,1618,target_oracle,0.02,0.0198833440298341,0.253127932436659,0.10452527967784,0.0301721511273614,0.0161587862710981,0.0140133648562633,0.53555300723801,0.148127554249911,0.451879323261405,0.0198578595317726,0.267390566677978,0.114215496054844,0.0269503546099291,0.0168938944872555,0.0100564601226736,0.626852400711322,0.14250415574662,0.436737680309585,2.54844980615496e-05,-0.0142626342413182,-0.00969021637700411,0.00322179651743229,-0.000735108216157375,0.00395690473358966,-0.0912993934733114,0.00562339850329072,0.0151416429518199
CA->HI,CA,HI,reference,1618,target_oracle,0.05,0.0498875348985992,0.421766144396736,0.184838255723512,0.0652346130408288,0.044331878307243,0.0209027347335857,0.679576014032563,0.148127554249911,0.451879323261405,0.0499581939799331,0.466576179165253,0.208769887466046,0.0680851063829787,0.0423829282750445,0.0257021781079343,0.622499259039715,0.14250415574662,0.436737680309585,-7.06590813339125e-05,-0.0448100347685172,-0.0239316317425338,-0.00285049334214996,0.00194895003219859,-0.00479944337434855,0.0570767549928473,0.00562339850329072,0.0151416429518199
CA->HI,CA,HI,reference,1618,target_oracle,0.1,0.0999633552054842,0.576161600363978,0.272770542277693,0.140562157221207,0.0852665510366716,0.055295606184535,0.606611002010202,0.148127554249911,0.451879323261405,0.0999163879598662,0.610451306413302,0.294528521536671,0.134751773049645,0.0853586247777119,0.0493931482719335,0.633450847034599,0.14250415574662,0.436737680309585,4.69672456179376e-05,-0.0342897060493241,-0.0217579792589778,0.00581038417156118,-9.20737410402966e-05,0.00590245791260148,-0.0268398450243973,0.00562339850329072,0.0151416429518199
CA->HI,CA,HI,reference,2718,source_calibrated,0.01,0.0136193111993376,0.203081013450109,0.0823729115259646,0.0187461913467398,0.0117633758075946,0.00698281553914516,0.627507507525812,0.148720297951535,0.453609140623477,0.0112876254180602,0.202578893790295,0.0842064415987582,0.0191489361702128,0.00800237107291049,0.0111465650973023,0.417901600474215,0.142711685050918,0.437378186391364,0.00233168578127736,0.000502119659814254,-0.00183353007279365,-0.000402744823472974,0.00376100473468414,-0.00416374955815711,0.209605907051597,0.00600861290061663,0.0162309542321129
CA->HI,CA,HI,reference,2718,source_calibrated,0.02,0.031585383383509,0.327988597264481,0.139146900358199,0.0415752589884217,0.0279690391037113,0.0136062198847104,0.672732769061051,0.148720297951535,0.453609140623477,0.0271739130434783,0.326772989480828,0.141378864312508,0.0368794326241135,0.023117960877297,0.0137614717468165,0.626852400711322,0.142711685050918,0.437378186391364,0.00441147034003077,0.00121560778365298,-0.00223196395430891,0.00469582636430822,0.0048510782264143,-0.00015525186210608,0.0458803683497291,0.00600861290061663,0.0162309542321129
CA->HI,CA,HI,reference,2718,source_calibrated,0.05,0.0740305832191136,0.505452554952086,0.230588945485878,0.0977300426569165,0.0654513568141271,0.0322786858427894,0.669715831844007,0.148720297951535,0.453609140623477,0.0633361204013378,0.515100101798439,0.235545207605743,0.0822695035460993,0.0554238292827504,0.0268456742633488,0.673686200764467,0.142711685050918,0.437378186391364,0.0106944628177758,-0.00964754684635338,-0.00495626211986533,0.0154605391108172,0.0100275275313766,0.00543301157944058,-0.00397036892045999,0.00600861290061663,0.0162309542321129
CA->HI,CA,HI,reference,2718,source_calibrated,0.1,0.1373916599687,0.651281741405295,0.32387680631318,0.191704753199269,0.117730269598043,0.0739744836012255,0.61412285106811,0.148720297951535,0.453609140623477,0.129598662207358,0.664743807261622,0.333592032078644,0.180851063829787,0.108180201541197,0.0726708622885898,0.59817287911015,0.142711685050918,0.437378186391364,0.00779299776134224,-0.0134620658563273,-0.00971522576546457,0.0108536893694815,0.0095500680568459,0.0013036213126356,0.0159499719579597,0.00600861290061663,0.0162309542321129
CA->HI,CA,HI,reference,2718,target_oracle,0.01,0.0099811512134286,0.187704381948986,0.0744749873269467,0.0184948202315661,0.00689919509390571,0.0115956251376604,0.373033909360767,0.148720297951535,0.453609140623477,0.00982441471571906,0.188666440447913,0.0779976717112922,0.0163120567375887,0.00711321873147599,0.00919883800611266,0.436071235277441,0.142711685050918,0.437378186391364,0.000156736497709533,-0.000962058498926888,-0.00352268438434548,0.00218276349397747,-0.000214023637570282,0.00239678713154775,-0.0630373259166745,0.00600861290061663,0.0162309542321129
CA->HI,CA,HI,reference,2718,target_oracle,0.02,0.0196849357501351,0.243648164472375,0.100958766463683,0.0268738574040219,0.0170825394111694,0.00979131799285252,0.635656398497256,0.148720297951535,0.453609140623477,0.0198578595317726,0.270783847980998,0.1155089897814,0.0283687943262411,0.0163011262596325,0.0120676680666086,0.574614700652045,0.142711685050918,0.437378186391364,-0.000172923781637437,-0.027135683508623,-0.0145502233177167,-0.0014949369222192,0.00078141315153693,-0.00227635007375613,0.0610416978452113,0.00600861290061663,0.0162309542321129
CA->HI,CA,HI,reference,2718,target_oracle,0.05,0.0499421984042306,0.409058918872807,0.180261767881259,0.062408592321755,0.045429352187089,0.0169792401346661,0.727934255476753,0.148720297951535,0.453609140623477,0.0499581939799331,0.450967085171361,0.202819816323891,0.0659574468085106,0.043272080616479,0.0226853661920317,0.656060577088552,0.142711685050918,0.437378186391364,-1.59955757025598e-05,-0.0419081662985538,-0.0225580484426318,-0.00354885448675561,0.00215727157061001,-0.00570612605736562,0.0718736783882014,0.00600861290061663,0.0162309542321129
CA->HI,CA,HI,reference,2718,target_oracle,0.1,0.0998358070256777,0.572703102340262,0.271434228465806,0.13676873857404,0.0864660513827344,0.0503026871913059,0.632206250377353,0.148720297951535,0.453609140623477,0.0999163879598662,0.608076009501188,0.293623075928082,0.134042553191489,0.0856550088915234,0.0483875442999659,0.639013558397079,0.142711685050918,0.437378186391364,-8.05809341885427e-05,-0.0353729071609254,-0.0221888474622758,0.00272618538255087,0.000811042491210945,0.00191514289133993,-0.00680730801972684,0.00600861290061663,0.0162309542321129
CA->HI,CA,HI,reference,8675309,source_calibrated,0.01,0.0104306067041753,0.188628543805272,0.0750967086178052,0.014945155393053,0.00879633587112679,0.00614881952192623,0.588574400184263,0.148461752678584,0.452459472393541,0.00961538461538462,0.187648456057007,0.07748027422067,0.0148936170212766,0.00740960284528749,0.0074840141759891,0.497501905326446,0.142792954440272,0.437219481406567,0.000815222088790663,0.000980087748264885,-0.0023835656028648,5.15383717764207e-05,0.00138673302583929,-0.00133519465406287,0.0910724948578173,0.00566879823831162,0.0152399909869744
CA->HI,CA,HI,reference,8675309,source_calibrated,0.02,0.0277326185236399,0.306473398356414,0.128884629424443,0.0370505789152955,0.0243595081772834,0.0126910707380122,0.657466330903323,0.148461752678584,0.452459472393541,0.0246655518394649,0.31014591109603,0.13348855258052,0.0333333333333333,0.0210432720806165,0.0122900612527169,0.631298162418494,0.142792954440272,0.437219481406567,0.00306706668417506,-0.00367251273961616,-0.00460392315607652,0.00371724558196222,0.00331623609666691,0.000401009485295301,0.0261681684848288,0.00566879823831162,0.0152399909869744
CA->HI,CA,HI,reference,8675309,source_calibrated,0.05,0.0684285861790412,0.499726305911792,0.224941858740279,0.0830971968312005,0.0631185354514395,0.0199786613797609,0.759574785412502,0.148461752678584,0.452459472393541,0.0599916387959866,0.505259586019681,0.229724485836244,0.075177304964539,0.0536455245998814,0.0215317803646576,0.713586695149366,0.142792954440272,0.437219481406567,0.00843694738305457,-0.00553328010788873,-0.00478262709596453,0.00791989186666148,0.0094730108515581,-0.00155311898489662,0.0459880902631356,0.00566879823831162,0.0152399909869744
CA->HI,CA,HI,reference,8675309,source_calibrated,0.1,0.139308931814363,0.646056672448602,0.323202200016252,0.196404631322364,0.118640235377815,0.0777643959445494,0.604060273828714,0.148461752678584,0.452459472393541,0.129389632107023,0.656939260264676,0.330487647134911,0.173758865248227,0.110847658565501,0.0629112066827261,0.637939586030026,0.142792954440272,0.437219481406567,0.00991929970733932,-0.0108825878160735,-0.00728544711865897,0.0226457660741375,0.00779257681231416,0.0148531892618233,-0.0338793122013117,0.00566879823831162,0.0152399909869744
CA->HI,CA,HI,reference,8675309,target_oracle,0.01,0.00975642346805525,0.185596582022919,0.0735669130763982,0.014945155393053,0.00787809767517531,0.00706705771787771,0.527133875023962,0.148461752678584,0.452459472393541,0.00982441471571906,0.192059721750933,0.0792911654378476,0.0148936170212766,0.00770598695909899,0.0071876300621776,0.517401981539504,0.142792954440272,0.437219481406567,-6.79912476638095e-05,-0.00646313972801396,-0.00572425236144944,5.15383717764207e-05,0.000172110716076314,-0.000120572344299893,0.00973189348445858,0.00566879823831162,0.0152399909869744
CA->HI,CA,HI,reference,8675309,target_oracle,0.02,0.0199926710410968,0.239432564620241,0.0996250324081897,0.0271861669713589,0.0173886188098199,0.00979754816153902,0.639612742323664,0.148461752678584,0.452459472393541,0.0198578595317726,0.273498473023414,0.116543784762644,0.026241134751773,0.017190278601067,0.00905085615070607,0.655088995337958,0.142792954440272,0.437219481406567,0.000134811509324258,-0.0340659084031731,-0.0169187523544542,0.000945032219585879,0.000198340208752926,0.000746692010832953,-0.0154762530142938,0.00566879823831162,0.0152399909869744
CA->HI,CA,HI,reference,8675309,target_oracle,0.05,0.049984714464166,0.428811101316575,0.18745670846302,0.063475015234613,0.0451012130119592,0.0183738022226539,0.710534890700828,0.148461752678584,0.452459472393541,0.0499581939799331,0.466236851034951,0.20864053809339,0.0659574468085106,0.043272080616479,0.0226853661920317,0.656060577088552,0.142792954440272,0.437219481406567,2.65204842329336e-05,-0.0374257497183756,-0.0211838296303704,-0.00248243157389759,0.0018291323954802,-0.00431156396937779,0.0544743136122758,0.00566879823831162,0.0152399909869744
CA->HI,CA,HI,reference,8675309,target_oracle,0.1,0.0998924951055917,0.577782438081156,0.273313580998546,0.137073430834857,0.0864329617180154,0.0506404691168414,0.630559556229011,0.148461752678584,0.452459472393541,0.0999163879598662,0.60841533763149,0.293752425300737,0.134751773049645,0.0853586247777119,0.0493931482719335,0.633450847034599,0.142792954440272,0.437219481406567,-2.38928542745515e-05,-0.0306328995503341,-0.020438844302191,0.0023216577852114,0.00107433694030347,0.00124732084490793,-0.00289129080558759,0.00566879823831162,0.0152399909869744
CA->HI,CA,HI,small,42,source_calibrated,0.01,0.00974832517092468,0.195446014729718,0.077136006046949,0.0120505789152956,0.0089149071697031,0.00313567174559245,0.73979077954401,0.148841598566875,0.453549174091651,0.00836120401337793,0.183237190363081,0.0750226361402147,0.0120567375886525,0.00681683461766449,0.00523990297098799,0.565396282994526,0.14384198371388,0.440664155575847,0.00138712115754676,0.0122088243666371,0.00211336990673427,-6.15867335693014e-06,0.00209807255203861,-0.00210423122539554,0.174394496549484,0.00499961485299419,0.0128850185158041
CA->HI,CA,HI,small,42,source_calibrated,0.02,0.0256007418040172,0.316450791935621,0.131147075781634,0.0357556368068251,0.021924660348379,0.0138309764584461,0.61318053057844,0.148841598566875,0.453549174091651,0.0206939799331104,0.29826942653546,0.126503686457121,0.0283687943262411,0.0174866627148785,0.0108821316113627,0.616404860699467,0.14384198371388,0.440664155575847,0.00490676187090679,0.0181813654001617,0.00464338932451328,0.00738684248058397,0.00443799763350054,0.00294884484708344,-0.00322433012102652,0.00499961485299419,0.0128850185158041
CA->HI,CA,HI,small,42,source_calibrated,0.05,0.0658492785429544,0.473156652543578,0.21365671439646,0.0812233394271785,0.0602838541738476,0.020939485253331,0.742198666036079,0.148841598566875,0.453549174091651,0.0570652173913043,0.476756023074313,0.217048247316001,0.0723404255319149,0.0506816834617664,0.0216587420701484,0.700599741971477,0.14384198371388,0.440664155575847,0.00878406115165004,-0.00359937053073506,-0.003391532919541,0.00888291389526366,0.00960217071208114,-0.000719256816817476,0.0415989240646016,0.00499961485299419,0.0128850185158041
CA->HI,CA,HI,small,42,source_calibrated,0.1,0.132150037150938,0.62622273722524,0.311443670374207,0.177734613040829,0.115648378192808,0.0620862348480208,0.6506801135367,0.148841598566875,0.453549174091651,0.11747491638796,0.636918900576858,0.315483119906868,0.153900709219858,0.102252519264967,0.0516481899548908,0.664405770339189,0.14384198371388,0.440664155575847,0.0146751207629782,-0.0106961633516183,-0.00403944953266189,0.0238339038209706,0.0133958589278406,0.01043804489313,-0.0137256568024887,0.00499961485299419,0.0128850185158041
CA->HI,CA,HI,small,42,target_oracle,0.01,0.00974832517092468,0.197241021412119,0.0777873945363339,0.0120505789152956,0.0089149071697031,0.00313567174559245,0.73979077954401,0.148841598566875,0.453549174091651,0.00982441471571906,0.201560909399389,0.0829129478722028,0.0141843971631206,0.00800237107291049,0.00618202609021008,0.56416716064019,0.14384198371388,0.440664155575847,-7.60895447943794e-05,-0.00431988798726987,-0.00512555333586889,-0.00213381824782501,0.000912536096792612,-0.00304635434461763,0.17562361890382,0.00499961485299419,0.0128850185158041
CA->HI,CA,HI,small,42,target_oracle,0.02,0.019952179555444,0.270466630648051,0.110861161380531,0.0267519804996953,0.0174906452760367,0.00926133522365857,0.653807491981237,0.148841598566875,0.453549174091651,0.0198578595317726,0.290125551408212,0.122881904022765,0.0276595744680851,0.016597510373444,0.0110620640946411,0.600063836578359,0.14384198371388,0.440664155575847,9.43200236714035e-05,-0.019658920760161,-0.0120207426422346,-0.000907593968389797,0.000893134902592758,-0.00180072887098255,0.0537436554028773,0.00499961485299419,0.0128850185158041
CA->HI,CA,HI,small,42,target_oracle,0.05,0.0499745915927528,0.4128444280149,0.181656126212002,0.0625609384521633,0.0454183222988493,0.017142616153314,0.72598531004419,0.148841598566875,0.453549174091651,0.0499581939799331,0.446895147607737,0.201267623852024,0.0645390070921986,0.043864848844102,0.0206741582480966,0.679664141430591,0.14384198371388,0.440664155575847,1.63976128197199e-05,-0.0340507195928363,-0.0196114976400225,-0.00197806864003526,0.00155347345474735,-0.00353154209478261,0.0463211686135997,0.00499961485299419,0.0128850185158041
CA->HI,CA,HI,small,42,target_oracle,0.1,0.099918814571266,0.571014729718202,0.270874421328394,0.128107861060329,0.0897143534693135,0.0383935075910156,0.700303265754042,0.148841598566875,0.453549174091651,0.0999163879598662,0.59653885307092,0.289225197257793,0.128368794326241,0.0880260818020154,0.0403427125242257,0.685728040557137,0.14384198371388,0.440664155575847,2.4266113998056e-06,-0.0255241233527178,-0.0183507759293993,-0.000260933265912061,0.00168827166729806,-0.00194920493321012,0.0145752251969049,0.00499961485299419,0.0128850185158041
CA->HI,CA,HI,small,314,source_calibrated,0.01,0.00797884724789495,0.177982910114596,0.0696714809220565,0.0153031687995125,0.00532743601975453,0.00997573277975796,0.348126331843392,0.14847285839581,0.452852116385464,0.00877926421404682,0.183915846623685,0.0755400336308369,0.0148936170212766,0.00622406639004149,0.0086695506312351,0.417901600474215,0.143382892733736,0.439692308444482,-0.000800416966151874,-0.00593293650908902,-0.00586855270878035,0.000409551778235895,-0.000896630370286963,0.00130618214852286,-0.0697752686308225,0.00508996566207429,0.0131598079409815
CA->HI,CA,HI,small,314,source_calibrated,0.02,0.0291052798872717,0.311986379276026,0.131759767925115,0.0436166971358928,0.0238521333182592,0.0197645638176336,0.54685785225656,0.14847285839581,0.452852116385464,0.0240384615384615,0.30335934848999,0.130513517009442,0.0347517730496454,0.019561351511559,0.0151904215380864,0.562887870026493,0.143382892733736,0.439692308444482,0.00506681834881017,0.00862703078603599,0.00124625091567232,0.00886492408624736,0.00429078180670017,0.00457414227954719,-0.0160300177699333,0.00508996566207429,0.0131598079409815
CA->HI,CA,HI,small,314,source_calibrated,0.05,0.0674223727605678,0.476472971820172,0.215862406112991,0.0861669713589275,0.0606368105975166,0.0255301607614109,0.703712915067361,0.14847285839581,0.452852116385464,0.0566471571906354,0.485578554462165,0.220152632259734,0.0709219858156028,0.0506816834617664,0.0202403023538364,0.714611736810907,0.143382892733736,0.439692308444482,0.0107752155699323,-0.00910558264199257,-0.00429022614674276,0.0152449855433246,0.00995512713575017,0.00528985840757447,-0.0108988217435463,0.00508996566207429,0.0131598079409815
CA->HI,CA,HI,small,314,source_calibrated,0.1,0.129279190818151,0.634081667472346,0.31246654378427,0.174436319317489,0.112932268213792,0.061504051103697,0.64741258389112,0.14847285839581,0.452852116385464,0.11747491638796,0.641330166270784,0.317164661751391,0.158156028368794,0.100474214582098,0.0576818137866959,0.635285392649142,0.143382892733736,0.439692308444482,0.0118042744301908,-0.00724849879843759,-0.00469811796712005,0.016280290948695,0.0124580536316939,0.0038222373170011,0.012127191241978,0.00508996566207429,0.0131598079409815
CA->HI,CA,HI,small,314,target_oracle,0.01,0.00976654633946847,0.201214917394148,0.0792410872641297,0.016323887873248,0.00739278259263038,0.00893110528061764,0.452881240672196,0.14847285839581,0.452852116385464,0.00982441471571906,0.191381065490329,0.0790324666925365,0.0163120567375887,0.00711321873147599,0.00919883800611266,0.436071235277441,0.143382892733736,0.439692308444482,-5.78683762505958e-05,0.00983385190381877,0.000208620571593113,1.1831135659366e-05,0.000279563861154387,-0.000267732725495021,0.0168100053947549,0.00508996566207429,0.0131598079409815
CA->HI,CA,HI,small,314,target_oracle,0.02,0.0197173289386574,0.259316262405096,0.106665187606334,0.0317870201096892,0.0153480894854833,0.0164389306242059,0.482841406099747,0.14847285839581,0.452852116385464,0.0198578595317726,0.275534441805226,0.117319880998577,0.0290780141843972,0.016004742145821,0.0130732720385762,0.550406985990429,0.143382892733736,0.439692308444482,-0.000140530593115151,-0.0162181794001299,-0.0106546933922428,0.00270900592529205,-0.000656652660337695,0.00336565858562975,-0.0675655798906815,0.00508996566207429,0.0131598079409815
CA->HI,CA,HI,small,314,target_oracle,0.05,0.0499442229785132,0.422274433417693,0.185058824895165,0.06397014015844,0.0448668278868664,0.0191033122715735,0.701371417597979,0.14847285839581,0.452852116385464,0.0499581939799331,0.460468272819817,0.206441598758246,0.0659574468085106,0.043272080616479,0.0226853661920317,0.656060577088552,0.143382892733736,0.439692308444482,-1.39710014199212e-05,-0.0381938394021241,-0.0213827738630809,-0.00198730665007066,0.00159474727038748,-0.00358205392045814,0.0453108405094269,0.00508996566207429,0.0131598079409815
CA->HI,CA,HI,small,314,target_oracle,0.1,0.0998641510656347,0.5671012597037,0.269419438722401,0.129334247410116,0.0891959487220496,0.0401382986880662,0.689654523130377,0.14847285839581,0.452852116385464,0.0999163879598662,0.59993213437394,0.290518690984349,0.127659574468085,0.0883224659158269,0.0393371085522582,0.691859316340644,0.143382892733736,0.439692308444482,-5.22368942315471e-05,-0.03283087467024,-0.0210992522619473,0.00167467294203069,0.000873482806222653,0.000801190135808039,-0.00220479321026745,0.00508996566207429,0.0131598079409815
CA->HI,CA,HI,small,1618,source_calibrated,0.01,0.00916322320324094,0.188269542468792,0.0741589671687303,0.013566422912858,0.0075692608044649,0.00599716210839311,0.557940796412213,0.148239723874305,0.452400453904487,0.0100334448160535,0.186969799796403,0.07748027422067,0.0156028368794326,0.00770598695909899,0.00789684992033363,0.493883709651345,0.143721464570021,0.440505969322973,-0.000870221612812574,0.00129974267238864,-0.00332130705193977,-0.00203641396657461,-0.000136726154634094,-0.00189968781194052,0.0640570867608687,0.00451825930428365,0.0118944845815149
CA->HI,CA,HI,small,1618,source_calibrated,0.02,0.0254225792671446,0.302748315181847,0.126061086051644,0.0351005484460695,0.0219191454042592,0.0131814030418103,0.624467319590093,0.148239723874305,0.452400453904487,0.0219481605351171,0.291822192059722,0.124822144612599,0.0312056737588652,0.0180794309425015,0.0131262428163638,0.579363582475616,0.143721464570021,0.440505969322973,0.00347441873202755,0.0109261231221249,0.00123894143904552,0.00389487468720422,0.00383971446175771,5.51602254465142e-05,0.0451037371144769,0.00451825930428365,0.0118944845815149
CA->HI,CA,HI,small,1618,source_calibrated,0.05,0.0670377036468656,0.481339039440384,0.21738317250702,0.0870505789152956,0.0597930241471828,0.0272575547681127,0.6868768122193,0.148239723874305,0.452400453904487,0.0581103678929766,0.482863929419749,0.220023282887078,0.0730496453900709,0.0518672199170125,0.0211824254730585,0.710026991096967,0.143721464570021,0.440505969322973,0.00892733575388906,-0.0015248899793644,-0.00264011038005785,0.0140009335252246,0.00792580423017038,0.00607512929505426,-0.0231501788776666,0.00451825930428365,0.0118944845815149
CA->HI,CA,HI,small,1618,source_calibrated,0.1,0.133646197545811,0.63278073193619,0.314776715634743,0.18125380865326,0.116412197953404,0.064841610699856,0.642260699614327,0.148239723874305,0.452400453904487,0.120610367892977,0.640312181879878,0.318716854223257,0.159574468085106,0.104327208061648,0.0552472600234585,0.653783837186327,0.143721464570021,0.440505969322973,0.0130358296528345,-0.0075314499436876,-0.00394013858851439,0.0216793405681538,0.0120849898917563,0.00959435067639748,-0.011523137572,0.00451825930428365,0.0118944845815149
CA->HI,CA,HI,small,1618,target_oracle,0.01,0.00997710206486331,0.20322319219723,0.0801040157777901,0.0160572821450335,0.00777607120895848,0.00828121093607504,0.484270696542727,0.148239723874305,0.452400453904487,0.00982441471571906,0.186969799796403,0.0773509248480145,0.0156028368794326,0.00740960284528749,0.00819323403414513,0.474888182357062,0.143721464570021,0.440505969322973,0.000152687349144247,0.0162533924008272,0.0027530909297756,0.000454445265600891,0.000366468363670983,8.79769019299093e-05,0.0093825141856651,0.00451825930428365,0.0118944845815149
CA->HI,CA,HI,small,1618,target_oracle,0.02,0.0193954216277172,0.267260499900475,0.109342974742895,0.0307205971968312,0.0152956975163449,0.0154248996804863,0.497897141072591,0.148239723874305,0.452400453904487,0.0198578595317726,0.286732270105192,0.12158841029621,0.0290780141843972,0.016004742145821,0.0130732720385762,0.550406985990429,0.143721464570021,0.440505969322973,-0.000462437904055344,-0.0194717702047168,-0.012245435553315,0.00164258301243404,-0.000709044629476067,0.0023516276419101,-0.0525098449178377,0.00451825930428365,0.0118944845815149
CA->HI,CA,HI,small,1618,target_oracle,0.05,0.0499826898898834,0.416825432934285,0.183105949305207,0.0625685557586837,0.0454265947150291,0.0171419610436547,0.726029139784394,0.148239723874305,0.452400453904487,0.0499581939799331,0.447234475738039,0.20139697322468,0.0652482269503546,0.0435684647302905,0.0216797622200642,0.667734079018582,0.143721464570021,0.440505969322973,2.4495909950295e-05,-0.0304090428037537,-0.0182910239194728,-0.00267967119167088,0.0018581299847386,-0.00453780117640948,0.0582950607658123,0.00451825930428365,0.0118944845815149
CA->HI,CA,HI,small,1618,target_oracle,0.1,0.0999086916998528,0.571739841328518,0.271131107089558,0.134163619744058,0.087508375821382,0.0466552439226765,0.652251154137911,0.148239723874305,0.452400453904487,0.0999163879598662,0.602646759416356,0.291553485965593,0.128368794326241,0.0880260818020154,0.0403427125242257,0.685728040557137,0.143721464570021,0.440505969322973,-7.69626001341506e-06,-0.0309069180878374,-0.0204223788760355,0.00579482541781737,-0.000517705980633429,0.0063125313984508,-0.0334768864192256,0.00451825930428365,0.0118944845815149
CA->HI,CA,HI,small,2718,source_calibrated,0.01,0.00831492657881364,0.192079932891631,0.0750012576312419,0.0153412553321146,0.00577138902140074,0.00956986631071382,0.376200571365188,0.14874725520028,0.453328851623126,0.00940635451505017,0.194435018663047,0.0799379123011253,0.0141843971631206,0.00740960284528749,0.00677479431783307,0.522377000592768,0.143648855331515,0.44009900649771,-0.00109142793623653,-0.0023550857714158,-0.00493665466988345,0.001156858168994,-0.00163821382388675,0.00279507199288075,-0.14617642922758,0.00509839986876551,0.013229845125416
CA->HI,CA,HI,small,2718,source_calibrated,0.02,0.0273661705784816,0.296527994995308,0.125042082276171,0.0389853747714808,0.0231600078312207,0.0158253669402602,0.594069134052881,0.14874725520028,0.453328851623126,0.0232023411371237,0.296233457753648,0.127279782693054,0.0333333333333333,0.018968583283936,0.0143647500493974,0.569057498518079,0.143648855331515,0.44009900649771,0.00416382944135786,0.000294537241660286,-0.00223770041688326,0.00565204143814747,0.00419142454728467,0.0014606168908628,0.025011635534802,0.00509839986876551,0.013229845125416
CA->HI,CA,HI,small,2718,source_calibrated,0.05,0.0675823141288966,0.47998123240538,0.217237416270782,0.0898918342474101,0.0595062470529517,0.0303855871944584,0.661976113304932,0.14874725520028,0.453328851623126,0.0612458193979933,0.479470648116729,0.220670029750356,0.0794326241134752,0.0536455245998814,0.0257870995135937,0.67535883648065,0.143648855331515,0.44009900649771,0.00633649473090324,0.000510584288651139,-0.00343261347957416,0.0104592101339349,0.0058607224530703,0.00459848768086463,-0.0133827231757181,0.00509839986876551,0.013229845125416
CA->HI,CA,HI,small,2718,source_calibrated,0.1,0.13392153964825,0.635969090340376,0.316109159812039,0.178915295551493,0.117633758075946,0.0612815374755467,0.657482959818215,0.14874725520028,0.453328851623126,0.12123745819398,0.645062775704106,0.320915793558401,0.161702127659574,0.104327208061648,0.0573749195979266,0.64518141827598,0.143648855331515,0.44009900649771,0.0126840814542705,-0.0090936853637299,-0.00480663374636225,0.0172131678919185,0.0133065500142984,0.00390661787762012,0.0123015415422344,0.00509839986876551,0.013229845125416
CA->HI,CA,HI,small,2718,target_oracle,0.01,0.00994268430205839,0.207165097961157,0.0815125627686978,0.0172684338817794,0.00729075612641355,0.00997767775536585,0.422201351687504,0.14874725520028,0.453328851623126,0.00982441471571906,0.203257550050899,0.0835596947354805,0.0148936170212766,0.00770598695909899,0.0071876300621776,0.517401981539504,0.143648855331515,0.44009900649771,0.000118269586339322,0.00390754791025755,-0.00204713196678277,0.00237481686050281,-0.000415230832685444,0.00279004769318825,-0.0952006298520002,0.00509839986876551,0.013229845125416
CA->HI,CA,HI,small,2718,target_oracle,0.02,0.0199926710410968,0.264647965422129,0.108775428336302,0.0292580743449116,0.0166385864095232,0.0126194879353884,0.568683578193753,0.14874725520028,0.453328851623126,0.0198578595317726,0.281642348150662,0.119648169706377,0.0283687943262411,0.0163011262596325,0.0120676680666086,0.574614700652045,0.143648855331515,0.44009900649771,0.000134811509324258,-0.016994382728533,-0.0108727413700747,0.000889280018670505,0.000337460149890719,0.000551819868779786,-0.00593112245829186,0.00509839986876551,0.013229845125416
CA->HI,CA,HI,small,2718,target_oracle,0.05,0.0497903553330323,0.416665481843774,0.182925366357655,0.066506703229738,0.0437390218143615,0.0227676814153765,0.657663358583137,0.14874725520028,0.453328851623126,0.0499581939799331,0.447573803868341,0.201526322597335,0.0666666666666667,0.0429756965026675,0.0236909701639992,0.644635447540012,0.143648855331515,0.44009900649771,-0.000167838646900766,-0.0309083220245667,-0.0186009562396806,-0.000159963436928701,0.000763325311694006,-0.000923288748622707,0.0130279110431255,0.00509839986876551,0.013229845125416
CA->HI,CA,HI,small,2718,target_oracle,0.1,0.0997102834201538,0.566838229021526,0.269225956992881,0.134872029250457,0.0869816986579384,0.0478903305925187,0.64492021912426,0.14874725520028,0.453328851623126,0.0999163879598662,0.599253478113336,0.290259992239038,0.130496453900709,0.0871369294605809,0.0433595244401283,0.667734079018582,0.143648855331515,0.44009900649771,-0.000206104539712398,-0.0324152490918098,-0.0210340352461565,0.00437557534974783,-0.000155230802642556,0.00453080615239039,-0.0228138598943221,0.00509839986876551,0.013229845125416
CA->HI,CA,HI,small,8675309,source_calibrated,0.01,0.00766503823408533,0.175484118633947,0.0685647654292005,0.0123781230956734,0.00595889712147492,0.00641922597419845,0.481405547142909,0.148059215400789,0.451627554237964,0.00794314381270903,0.177468612147947,0.0725649980597594,0.0134751773049645,0.00563129816241849,0.00784387914254605,0.417901600474215,0.143490303559204,0.439843399254218,-0.000278105578623703,-0.00198449351400048,-0.00400023263055889,-0.00109705420929117,0.000327598959056422,-0.00142465316834759,0.0635039466686944,0.00456891184158523,0.0117841549837466
CA->HI,CA,HI,small,8675309,source_calibrated,0.02,0.0225112414487044,0.282192822816845,0.116746875592538,0.0324421084704449,0.0189162583310125,0.0135258501394324,0.583077340618764,0.148059215400789,0.451627554237964,0.0204849498327759,0.284356973193078,0.121071012805588,0.0276595744680851,0.0174866627148785,0.0101729117532066,0.632210113537914,0.143490303559204,0.439843399254218,0.00202629161592845,-0.00216415037623241,-0.0043241372130501,0.00478253400235975,0.00142959561613398,0.00335293838622577,-0.0491327729191505,0.00456891184158523,0.0117841549837466
CA->HI,CA,HI,small,8675309,source_calibrated,0.05,0.0654484128349911,0.480848522762817,0.216192614931372,0.0847120658135283,0.0584749525025438,0.0262371133109846,0.690278910577641,0.148059215400789,0.451627554237964,0.0568561872909699,0.479131319986427,0.217824343551934,0.0737588652482269,0.0497925311203319,0.023966334127895,0.675071816150654,0.143490303559204,0.439843399254218,0.00859222554402122,0.00171720277639054,-0.00163172862056174,0.0109532005653014,0.00868242138221182,0.00227077918308956,0.0152070944269866,0.00456891184158523,0.0117841549837466
CA->HI,CA,HI,small,8675309,source_calibrated,0.1,0.128386353559505,0.628422953336935,0.309844221410172,0.171709323583181,0.112703398032819,0.0590059255503616,0.656361551492704,0.148059215400789,0.451627554237964,0.119983277591973,0.638615541228368,0.317682059242013,0.157446808510638,0.104327208061648,0.0531196004489904,0.662618753905061,0.143490303559204,0.439843399254218,0.00840307596753204,-0.0101925878914326,-0.00783783783184039,0.0142625150725427,0.00837618997117154,0.00588632510137116,-0.00625720241235694,0.00456891184158523,0.0117841549837466
CA->HI,CA,HI,small,8675309,target_oracle,0.01,0.00964912103107519,0.204403275798334,0.0803232950712464,0.0152650822669104,0.00761613782948344,0.00764894443742698,0.498925436254784,0.148059215400789,0.451627554237964,0.00982441471571906,0.202239565659993,0.0831716466175139,0.0141843971631206,0.00800237107291049,0.00618202609021008,0.56416716064019,0.143490303559204,0.439843399254218,-0.000175293684643873,0.00216371013834046,-0.00284835154626747,0.00108068510378985,-0.000386233243427048,0.0014669183472169,-0.065241724385406,0.00456891184158523,0.0117841549837466
CA->HI,CA,HI,small,8675309,target_oracle,0.02,0.0192962174878677,0.261189467398413,0.107076658751114,0.0285801340645948,0.015935431034245,0.0126447030303497,0.557570198874118,0.148059215400789,0.451627554237964,0.0198578595317726,0.27960637936885,0.118872073470444,0.026241134751773,0.017190278601067,0.00905085615070607,0.655088995337958,0.143490303559204,0.439843399254218,-0.000561642043904836,-0.0184169119704364,-0.0117954147193295,0.00233899931282171,-0.00125484756682194,0.00359384687964365,-0.0975187964638404,0.00456891184158523,0.0117841549837466
CA->HI,CA,HI,small,8675309,target_oracle,0.05,0.0498146502244241,0.412730685017204,0.181512949732157,0.0621267519804997,0.0453576579135312,0.0167690940669685,0.730082556509119,0.148059215400789,0.451627554237964,0.0499581939799331,0.452324397692569,0.203337213814513,0.0631205673758865,0.044457617071725,0.0186629503041616,0.704328540125081,0.143490303559204,0.439843399254218,-0.000143543755509054,-0.0395937126753651,-0.0218242640823562,-0.000993815395386823,0.000900040841806234,-0.00189385623719306,0.0257540163840382,0.00456891184158523,0.0117841549837466
CA->HI,CA,HI,small,8675309,target_oracle,0.1,0.0999997975425717,0.564506497568743,0.268564249477922,0.129471358927483,0.0893310648529854,0.0401402940744979,0.689967770424188,0.148059215400789,0.451627554237964,0.0999163879598662,0.596878181201222,0.289354546630449,0.127659574468085,0.0883224659158269,0.0393371085522582,0.691859316340644,0.143490303559204,0.439843399254218,8.34095827055154e-05,-0.0323716836324782,-0.0207902971525271,0.00181178445939814,0.00100859893715846,0.00080318552223968,-0.00189154591645635,0.00456891184158523,0.0117841549837466
CA->PR,CA,PR,large,42,source_calibrated,0.01,0.0376454978340663,0.357071108092336,0.06878571368617,0.055402501176904,0.0316493578481312,0.0237531433287728,0.571262256681744,0.178421769205981,0.529250095050658,0.0324330990257738,0.310810810810811,0.061955682945651,0.0420336269015212,0.0281589734450187,0.0138746534565025,0.669915387291969,0.191693497403228,0.565664263874617,0.0052123988082925,0.0462602972815254,0.00683003074051905,0.0133688742753828,0.00349038440311247,0.00987848987227034,-0.0986531306102247,-0.0132717281972477,-0.0364141688239584
CA->PR,CA,PR,large,42,source_calibrated,0.02,0.0674963212195364,0.50445322440233,0.110094446874449,0.100980412223428,0.0561894980419586,0.0447909141814689,0.556439578773304,0.178421769205981,0.529250095050658,0.0627697619928475,0.453222453222453,0.104178150148826,0.0848678943154524,0.0529317412225985,0.0319361530928539,0.623695705537976,0.191693497403228,0.565664263874617,0.00472655922668894,0.0512307711798772,0.00591629672562323,0.0161125179079752,0.00325775681936016,0.012854761088615,-0.0672561267646723,-0.0132717281972477,-0.0364141688239584
CA->PR,CA,PR,large,42,source_calibrated,0.05,0.140944826559968,0.668586352373937,0.192383629457129,0.196549112716704,0.122168511819437,0.0743806008972667,0.621567353476303,0.178421769205981,0.529250095050658,0.132198791466272,0.633056133056133,0.185315841693308,0.17013610888711,0.115309214043842,0.0548268948432672,0.677746862780043,0.191693497403228,0.565664263874617,0.00874603509369623,0.0355302193178039,0.0070677877638203,0.0264130038295942,0.00685929777559476,0.0195537060539994,-0.0561795093037403,-0.0132717281972477,-0.0364141688239584
CA->PR,CA,PR,large,42,source_calibrated,0.1,0.227230829006977,0.795649137576413,0.282644885534342,0.305020774914547,0.200962916783587,0.10405785813096,0.658849931910009,0.178421769205981,0.529250095050658,0.22666173387594,0.771309771309771,0.284422886120604,0.28302642113691,0.201568347888077,0.0814580732488325,0.712189155621522,0.191693497403228,0.565664263874617,0.000569095131036951,0.0243393662666415,-0.00177800058626165,0.021994353777637,-0.000605431104489962,0.022599784882127,-0.0533392237115139,-0.0132717281972477,-0.0364141688239584
CA->PR,CA,PR,large,42,target_oracle,0.01,0.00992237359875666,0.163243439745147,0.0248693626351489,0.0121702110240088,0.00916332954119766,0.00300688148281118,0.752931031608298,0.178421769205981,0.529250095050658,0.00998890122086571,0.16008316008316,0.0259067357512953,0.0120096076861489,0.00908928889680984,0.00292031878933908,0.756834788807699,0.191693497403228,0.565664263874617,-6.65276221090503e-05,0.00316027966198729,-0.0010373731161464,0.000160603337859923,7.40406443878235e-05,8.65626934720993e-05,-0.00390375719940095,-0.0132717281972477,-0.0364141688239584
CA->PR,CA,PR,large,42,target_oracle,0.02,0.0199119159419331,0.261262209296764,0.0434407125996626,0.0289375115131916,0.0168641756528302,0.0120733358603613,0.582779056351907,0.178421769205981,0.529250095050658,0.0199778024417314,0.244282744282744,0.0437658472053798,0.0260208166533227,0.0172874710390305,0.00873334561429218,0.664370810084587,0.191693497403228,0.565664263874617,-6.58864997982733e-05,0.0169794650140193,-0.000325134605717203,0.0029166948598689,-0.000423295386200267,0.00333999024606917,-0.0815917537326799,-0.0132717281972477,-0.0364141688239584
CA->PR,CA,PR,large,42,target_oracle,0.05,0.0498908766244502,0.430389071184625,0.0869849465093267,0.0768856049286694,0.0407753650333759,0.0361102398952935,0.530338092172198,0.178421769205981,0.529250095050658,0.0499445061043285,0.4002079002079,0.0870907286958439,0.0684547638110488,0.0417037961147746,0.0267509676962743,0.609216857863783,0.191693497403228,0.565664263874617,-5.36294798782755e-05,0.0301811709767245,-0.000105782186517189,0.00843084111762055,-0.000928431081398687,0.00935927219901923,-0.0788787656915847,-0.0132717281972477,-0.0364141688239584
CA->PR,CA,PR,large,42,target_oracle,0.1,0.0998840564134784,0.59874104332686,0.148516707500072,0.139844853347524,0.0863901955553221,0.0534546577922023,0.617757418220006,0.178421769205981,0.529250095050658,0.099889012208657,0.577962577962578,0.1505897916437,0.128903122497998,0.0869720192479059,0.0419311032500925,0.674708397767916,0.191693497403228,0.565664263874617,-4.95579517865996e-06,0.020778465364282,-0.00207308414362742,0.010941730849526,-0.000581823692583805,0.0115235545421098,-0.0569509795479095,-0.0132717281972477,-0.0364141688239584
CA->PR,CA,PR,large,314,source_calibrated,0.01,0.0229923778975563,0.284154939682965,0.048452636202801,0.0325234869107804,0.0197739371076833,0.0127495498030972,0.607989455802443,0.158421542013629,0.472598062315394,0.0209643605870021,0.243243243243243,0.0445375372064822,0.0276220976781425,0.0180003564427018,0.00962174123544068,0.651665078172017,0.169433942749913,0.503087911840587,0.0020280173105542,0.0409116964397216,0.00391509899631885,0.00490138923263793,0.00177358066498146,0.00312780856765647,-0.0436756223695739,-0.0110124007362834,-0.0304898495251929
CA->PR,CA,PR,large,314,source_calibrated,0.02,0.051715799742072,0.424744812543647,0.0880817128206946,0.0758663037026424,0.0435607186350523,0.0323055850675901,0.574177421451668,0.158421542013629,0.472598062315394,0.0472314712048341,0.383575883575884,0.0829015544041451,0.0616493194555644,0.0408126893601854,0.0208366300953791,0.662013623517812,0.169433942749913,0.503087911840587,0.00448432853723789,0.0411689289677638,0.00518015841654948,0.014216984247078,0.00274802927486698,0.011468954972211,-0.087836202066144,-0.0110124007362834,-0.0304898495251929
CA->PR,CA,PR,large,314,source_calibrated,0.05,0.114285035217089,0.636653241622103,0.165209751893927,0.152932026117035,0.101234817058252,0.0516972090587835,0.661959562222626,0.158421542013629,0.472598062315394,0.107288198298187,0.601871101871102,0.1597398302282,0.132506004803843,0.0960613081447157,0.0364446966591273,0.724958150288519,0.169433942749913,0.503087911840587,0.00699683691890218,0.0347821397510008,0.00546992166572727,0.0204260213131923,0.00517350891353617,0.0152525123996562,-0.0629985880658938,-0.0110124007362834,-0.0304898495251929
CA->PR,CA,PR,large,314,source_calibrated,0.1,0.198313134486293,0.760597334761937,0.253129188066511,0.257089055815953,0.178465830000816,0.0786232258151371,0.694179024596743,0.158421542013629,0.472598062315394,0.191515599950672,0.724532224532225,0.248043214640062,0.237389911929544,0.171092496881126,0.0662974150484173,0.720723536608859,0.169433942749913,0.503087911840587,0.00679753453562135,0.0360651102297121,0.00508597342644929,0.0196991438864091,0.00737333311968921,0.0123258107667198,-0.0265445120121167,-0.0110124007362834,-0.0304898495251929
CA->PR,CA,PR,large,314,target_oracle,0.01,0.00999780926556662,0.161942390295702,0.0248106072970399,0.0127105634811798,0.00908177328189299,0.00362879019928678,0.714505953677046,0.158421542013629,0.472598062315394,0.00998890122086571,0.150727650727651,0.0249145628927351,0.0120096076861489,0.00908928889680984,0.00292031878933908,0.756834788807699,0.169433942749913,0.503087911840587,8.90804470090982e-06,0.011214739568051,-0.000103955595695145,0.00070095579503085,-7.51561491684795e-06,0.000708471409947698,-0.0423288351306528,-0.0110124007362834,-0.0304898495251929
CA->PR,CA,PR,large,314,target_oracle,0.02,0.0199625508415727,0.255818847997245,0.0429557479041598,0.0285568086456393,0.0170604635989533,0.011496345046686,0.597421925210767,0.158421542013629,0.472598062315394,0.0199778024417314,0.233887733887734,0.0426634329180906,0.0256204963971177,0.0174656923899483,0.00815480400716938,0.68170780609517,0.169433942749913,0.503087911840587,-1.52516001587118e-05,0.021931114109511,0.000292314986069166,0.00293631224852162,-0.000405228790994999,0.00334154103951662,-0.0842858808844033,-0.0110124007362834,-0.0304898495251929
CA->PR,CA,PR,large,314,target_oracle,0.05,0.0499549452729738,0.418239565296419,0.0858583362166972,0.0733405653232904,0.0420581482305748,0.0312824170927157,0.573463649280305,0.158421542013629,0.472598062315394,0.0499445061043285,0.38981288981289,0.0859883144085547,0.0636509207365893,0.0438424523257886,0.0198084684108006,0.688795257294465,0.169433942749913,0.503087911840587,1.04391686452515e-05,0.0284266754835295,-0.000129978191857574,0.00968964458670114,-0.00178430409521388,0.011473948681915,-0.11533160801416,-0.0110124007362834,-0.0304898495251929
CA->PR,CA,PR,large,314,target_oracle,0.1,0.0999336579478192,0.609436435124509,0.149604147567296,0.133589864297849,0.0885687152953926,0.0450211490024562,0.662989784149506,0.158421542013629,0.472598062315394,0.099889012208657,0.577962577962578,0.1505897916437,0.125700560448359,0.0883977900552486,0.0373027703931101,0.703241017700672,0.169433942749913,0.503087911840587,4.46457391621302e-05,0.0314738571619305,-0.000985644076403863,0.00788930384949013,0.000170925240144004,0.00771837860934613,-0.0402512335511659,-0.0110124007362834,-0.0304898495251929
CA->PR,CA,PR,large,1618,source_calibrated,0.01,0.0365160295625145,0.350613693545455,0.0671368337214605,0.0589802894160509,0.0289303551014823,0.0300499343145687,0.49050886979217,0.175833777763389,0.521054000635397,0.0303366629670736,0.301455301455301,0.0590894057986992,0.0452361889511609,0.0237034396720727,0.0215327492790882,0.523992852219802,0.188632027725787,0.555692983778975,0.00617936659544084,0.0491583920901539,0.00804742792276137,0.01374410046489,0.00522691542940954,0.00851718503548045,-0.0334839824276316,-0.012798249962398,-0.0346389831435779
CA->PR,CA,PR,large,1618,source_calibrated,0.02,0.0645264293508813,0.484267824855784,0.105446246792938,0.100636551568864,0.0523328545934835,0.0483036969753807,0.520018360900143,0.175833777763389,0.521054000635397,0.0614132445431003,0.436590436590437,0.101201631573145,0.0840672538030424,0.0513277490643379,0.0327395047387045,0.610555796012934,0.188632027725787,0.555692983778975,0.00311318480778099,0.0476773882653478,0.00424461521979261,0.0165692977658218,0.00100510552914561,0.0155641922366762,-0.0905374351127906,-0.012798249962398,-0.0346389831435779
CA->PR,CA,PR,large,1618,source_calibrated,0.05,0.134460459310208,0.681539447627976,0.187794184713726,0.18770288802014,0.116481690619786,0.0712211974003543,0.620564189759764,0.175833777763389,0.521054000635397,0.130595634480207,0.648648648648649,0.185536324550766,0.168134507606085,0.1138834432365,0.0542510643695851,0.677335336201848,0.188632027725787,0.555692983778975,0.00386482483000083,0.0328907989793277,0.00225786016296009,0.0195683804140555,0.00259824738328636,0.0169701330307692,-0.0567711464420847,-0.012798249962398,-0.0346389831435779
CA->PR,CA,PR,large,1618,source_calibrated,0.1,0.224081131576337,0.798117304914332,0.280042863418087,0.314227234582557,0.193640823469403,0.120586411113154,0.616244558580831,0.175833777763389,0.521054000635397,0.226168454803305,0.762993762993763,0.283099988975857,0.294235388310648,0.195865264658706,0.0983701236519424,0.665675416486324,0.188632027725787,0.555692983778975,-0.0020873232269682,0.0351235419205687,-0.00305712555776999,0.0199918462719088,-0.00222444118930282,0.0222162874612116,-0.0494308579054925,-0.012798249962398,-0.0346389831435779
CA->PR,CA,PR,large,1618,target_oracle,0.01,0.00998954234317648,0.167500550076054,0.0253450010865074,0.0163947847800725,0.00782663627428891,0.00856814850578355,0.477385728405659,0.175833777763389,0.521054000635397,0.00998890122086571,0.155925155925156,0.0254657700363797,0.0156124899919936,0.00748529673854928,0.00812719325344432,0.479442852638361,0.188632027725787,0.555692983778975,6.41122310776968e-07,0.0115753941508981,-0.00012076894987223,0.000782294788078862,0.000341339535739628,0.000440955252339234,-0.00205712423270221,-0.012798249962398,-0.0346389831435779
CA->PR,CA,PR,large,1618,target_oracle,0.02,0.0199811514169505,0.264983593383781,0.0438659893326419,0.0323761180588247,0.0157956504249911,0.0165804676338337,0.487879689476412,0.175833777763389,0.521054000635397,0.0199778024417314,0.241164241164241,0.043435122919193,0.0284227381905524,0.0162181429335234,0.012204595257029,0.570604521801994,0.188632027725787,0.555692983778975,3.34897521908628e-06,0.0238193522195397,0.000430866413448916,0.00395337986827229,-0.000422492508532386,0.00437587237680468,-0.0827248323255821,-0.012798249962398,-0.0346389831435779
CA->PR,CA,PR,large,1618,target_oracle,0.05,0.0499528785423762,0.427031215620247,0.086713552804728,0.0784166035573203,0.0403413198567374,0.0380752837005829,0.514448701253033,0.175833777763389,0.521054000635397,0.0499445061043285,0.396049896049896,0.0866497629809282,0.0696557245796637,0.041169132062021,0.0284865925176427,0.59103730971798,0.188632027725787,0.555692983778975,8.37243804772264e-06,0.0309813195703506,6.37898237998008e-05,0.00876087897765661,-0.000827812205283586,0.00958869118294019,-0.0765886084649468,-0.012798249962398,-0.0346389831435779
CA->PR,CA,PR,large,1618,target_oracle,0.1,0.0999739591944711,0.605341955974783,0.149241356670083,0.138448942833166,0.0869818240126509,0.0514671188205153,0.628259214066125,0.175833777763389,0.521054000635397,0.099889012208657,0.565488565488566,0.149266894498953,0.129303442754203,0.0867937978969881,0.0425096448572153,0.671241198596521,0.188632027725787,0.555692983778975,8.494698581403e-05,0.0398533904862171,-2.55378288695207e-05,0.00914550007896281,0.000188026115662834,0.00895747396329998,-0.0429819845303953,-0.012798249962398,-0.0346389831435779
CA->PR,CA,PR,large,2718,source_calibrated,0.01,0.0326884444958831,0.331710210368216,0.061839527047507,0.0478211924596271,0.0275784564302964,0.0202427360293307,0.576699471757828,0.16604159180348,0.496033952037084,0.0310765815760266,0.302494802494802,0.0598610957998016,0.0412329863891113,0.0265549812867582,0.0146780051023531,0.64402275004196,0.178609201471525,0.530690344376773,0.00161186291985644,0.0292154078734136,0.00197843124770539,0.00658820607051579,0.0010234751435382,0.00556473092697759,-0.0673232782841321,-0.0125676096680454,-0.0346563923396881
CA->PR,CA,PR,large,2718,source_calibrated,0.02,0.061658840646804,0.475543140312443,0.10200766057694,0.0941072927113822,0.0507017294073901,0.0434055633039921,0.538765147169702,0.16604159180348,0.496033952037084,0.058576889875447,0.424116424116424,0.0973431815676331,0.077662129703763,0.050080199607913,0.02758193009585,0.644847106291581,0.178609201471525,0.530690344376773,0.00308195077135697,0.0514267161960191,0.004664479009307,0.0164451630076192,0.00062152979947707,0.0158236332081421,-0.106081959121879,-0.0125676096680454,-0.0346563923396881
CA->PR,CA,PR,large,2718,source_calibrated,0.05,0.12727030356139,0.660033865551846,0.179208444354498,0.175635016476656,0.110938629606028,0.0646963868706284,0.631643005088184,0.16604159180348,0.496033952037084,0.127266000739919,0.627858627858628,0.180354977400507,0.16373098478783,0.111031901621814,0.052699083166016,0.678136161983599,0.178609201471525,0.530690344376773,4.30282147154126e-06,0.032175237693218,-0.00114653304600909,0.0119040316888261,-9.3272015786322e-05,0.0119973037046124,-0.046493156895415,-0.0125676096680454,-0.0346563923396881
CA->PR,CA,PR,large,2718,source_calibrated,0.1,0.208390512879865,0.771991083984655,0.263334897033602,0.282051701905561,0.183516788839786,0.0985349130657749,0.650649464619195,0.16604159180348,0.496033952037084,0.211370082624245,0.752598752598753,0.268768603241098,0.270616493194556,0.184993762252718,0.0856227309418378,0.683601210217883,0.178609201471525,0.530690344376773,-0.00297956974437957,0.0193923313859027,-0.0054337062074965,0.0114352087110055,-0.00147697341293171,0.0129121821239372,-0.0329517455986883,-0.0125676096680454,-0.0346563923396881
CA->PR,CA,PR,large,2718,target_oracle,0.01,0.00995854138421349,0.183247075030374,0.0268521221402238,0.0147491659332337,0.00834085540075225,0.00640831053248147,0.565513700131214,0.16604159180348,0.496033952037084,0.00998890122086571,0.175675675675676,0.0275603571822291,0.0140112089671737,0.00819818214222064,0.0058130268249531,0.585115971179062,0.178609201471525,0.530690344376773,-3.03598366522204e-05,0.00757139935469808,-0.000708235042005272,0.000737956966059983,0.000142673258531614,0.000595283707528369,-0.0196022710478476,-0.0125676096680454,-0.0346563923396881
CA->PR,CA,PR,large,2718,target_oracle,0.02,0.0198747147911775,0.271766270293023,0.0444311597277856,0.0304521358249586,0.0163029580040557,0.0141491778209029,0.535363368197439,0.16604159180348,0.496033952037084,0.0199778024417314,0.256756756756757,0.0450887443501268,0.0280224179343475,0.0163963642844413,0.0116260536499062,0.585115971179062,0.178609201471525,0.530690344376773,-0.000103087650553869,0.0150095135362664,-0.000657584622341188,0.00242971789061107,-9.34062803855801e-05,0.00252312417099665,-0.049752602981623,-0.0125676096680454,-0.0346563923396881
CA->PR,CA,PR,large,2718,target_oracle,0.05,0.0499239443140108,0.412241344672872,0.0852456019764177,0.0728534293959924,0.0421811737742716,0.0306722556217208,0.578986797519129,0.16604159180348,0.496033952037084,0.0499445061043285,0.390852390852391,0.0860985558372837,0.0652522017614091,0.0431295669221173,0.0221226348392919,0.660967228045699,0.178609201471525,0.530690344376773,-2.05617903177441e-05,0.0213889538204813,-0.000852953860865993,0.00760122763458326,-0.000948393147845644,0.00854962078242891,-0.0819804305265698,-0.0125676096680454,-0.0346563923396881
CA->PR,CA,PR,large,2718,target_oracle,0.1,0.0999398581396118,0.608135385675063,0.14948290639342,0.141887549378799,0.0857750678368377,0.0561124815419616,0.604528503116526,0.16604159180348,0.496033952037084,0.099889012208657,0.563409563409563,0.149046411641495,0.129703763010408,0.0866155765460702,0.0430881864643381,0.667795401889146,0.178609201471525,0.530690344376773,5.08459309547377e-05,0.0447258222654995,0.000436494751925282,0.012183786368391,-0.000840508709232496,0.0130242950776235,-0.0632668987726205,-0.0125676096680454,-0.0346563923396881
CA->PR,CA,PR,large,8675309,source_calibrated,0.01,0.0283772444694289,0.317484765284939,0.0565618054862564,0.0413942730826698,0.0239816871640124,0.0174125859186574,0.579347947869934,0.175497111662107,0.5213730134014,0.0270070292267851,0.29002079002079,0.0549002315070003,0.0360288230584468,0.0229905542684014,0.0130382687900454,0.638115606249629,0.188238747176917,0.556154489462646,0.00137021524264387,0.0274639752641494,0.00166157397925605,0.00536545002422308,0.000991132895611049,0.00437431712861203,-0.058767658379695,-0.0127416355148093,-0.0347814760612463
CA->PR,CA,PR,large,8675309,source_calibrated,0.02,0.0627914090142522,0.480517741148559,0.103514781630656,0.0888838856253966,0.0539805674933338,0.0349033181320628,0.60731556809787,0.175497111662107,0.5213730134014,0.0598100875570354,0.429313929313929,0.0989968029985669,0.0768614891913531,0.0522188558189271,0.024642633372426,0.679389072060833,0.188238747176917,0.556154489462646,0.00298132145721678,0.0512038118346295,0.00451797863208962,0.0120223964340435,0.0017617116744067,0.0102606847596368,-0.0720735039629631,-0.0127416355148093,-0.0347814760612463
CA->PR,CA,PR,large,8675309,source_calibrated,0.05,0.13744998511954,0.680123599697697,0.190354238731332,0.185574226825225,0.121199512874139,0.0643747139510853,0.653105309652111,0.175497111662107,0.5213730134014,0.135651744974719,0.639293139293139,0.189064050270091,0.16693354683747,0.121725182676885,0.0452083641605853,0.729183468409731,0.188238747176917,0.556154489462646,0.00179824014482027,0.0408304604045581,0.00129018846124088,0.0186406799877547,-0.000525669802745349,0.0191663497905,-0.0760781587576208,-0.0127416355148093,-0.0347814760612463
CA->PR,CA,PR,large,8675309,source_calibrated,0.1,0.223452845474687,0.799504453224402,0.279611058314207,0.300464621241583,0.197447703776608,0.103016917464975,0.657141273274413,0.175497111662107,0.5213730134014,0.224935257121717,0.762993762993763,0.281997574688568,0.281825460368295,0.199607913027981,0.0822175473403139,0.708267850488489,0.188238747176917,0.556154489462646,-0.00148241164702992,0.0365106902306394,-0.00238651637436121,0.0186391608732879,-0.00216020925137303,0.020799370124661,-0.0511265772140758,-0.0127416355148093,-0.0347814760612463
CA->PR,CA,PR,large,8675309,target_oracle,0.01,0.00990067292748256,0.184959485702806,0.0269668349431985,0.0128988681253454,0.00888824995472936,0.00401061817061603,0.689072085113,0.175497111662107,0.5213730134014,0.00986558145270687,0.171517671517672,0.0270091500385845,0.0120096076861489,0.008911067545892,0.00309854014025692,0.74199489098794,0.188238747176917,0.556154489462646,3.50914747756885e-05,0.0134418141851343,-4.23150953859884e-05,0.000889260439196477,-2.28175911626341e-05,0.000912078030359111,-0.0529228058749405,-0.0127416355148093,-0.0347814760612463
CA->PR,CA,PR,large,8675309,target_oracle,0.02,0.0199935518005357,0.271555806411495,0.0445178937983274,0.0308492130093948,0.016327839574691,0.0145213734347037,0.529278966361916,0.175497111662107,0.5213730134014,0.0199778024417314,0.248440748440748,0.0442068129202954,0.0264211369095276,0.0171092496881126,0.00931188722141498,0.647559177589475,0.188238747176917,0.556154489462646,1.57493588042838e-05,0.0231150579707467,0.000311080878031986,0.00442807609986714,-0.000781410113421616,0.00520948621328876,-0.11828021122756,-0.0127416355148093,-0.0347814760612463
CA->PR,CA,PR,large,8675309,target_oracle,0.05,0.0499931797890281,0.419062287742392,0.0859730490196718,0.0731809157336717,0.042163203751035,0.0310177119826367,0.576150261695004,0.175497111662107,0.5213730134014,0.0499445061043285,0.385654885654886,0.0855473486936391,0.0648518815052042,0.0433077882730351,0.021544093232169,0.667795401889146,0.188238747176917,0.556154489462646,4.86736846996155e-05,0.0334074020875066,0.000425700326032771,0.00832903422846758,-0.00114458452200011,0.00947361875046768,-0.0916451401941424,-0.0127416355148093,-0.0347814760612463
CA->PR,CA,PR,large,8675309,target_oracle,0.1,0.0999512251578982,0.595966746706719,0.148306867006826,0.132017929876988,0.0891230213967684,0.0428949084802195,0.675082706415801,0.175497111662107,0.5213730134014,0.099889012208657,0.568607068607069,0.149597618785139,0.122097678142514,0.0900017822135092,0.0320958959290048,0.737129350719167,0.188238747176917,0.556154489462646,6.22129492411638e-05,0.02735967809965,-0.00129075177831359,0.00992025173447392,-0.000878760816740751,0.0107990125512147,-0.062046644303366,-0.0127416355148093,-0.0347814760612463
CA->PR,CA,PR,reference,42,source_calibrated,0.01,0.0371939171985053,0.370942591193043,0.069730462217986,0.0534785189430378,0.0316949740609626,0.0217835448820752,0.592667386595396,0.177728663520418,0.519613654571603,0.033789616475521,0.325363825363825,0.0647117186638739,0.0436349079263411,0.0294065229014436,0.0142283850248975,0.67392196520923,0.189984667810768,0.551519606692544,0.00340430072298431,0.0455787658292179,0.00501874355411215,0.00984361101669677,0.00228845115951902,0.00755515985717775,-0.0812545786138343,-0.0122560042903499,-0.0319059521209411
CA->PR,CA,PR,reference,42,source_calibrated,0.02,0.0760494857974273,0.511369832872545,0.118488066604305,0.108848271486174,0.0649740747857075,0.0438741967004665,0.596923349342856,0.177728663520418,0.519613654571603,0.0636330003699593,0.457380457380457,0.105390805864844,0.0836669335468375,0.0547139547317769,0.0289529788150606,0.653949564210424,0.189984667810768,0.551519606692544,0.012416485427468,0.0539893754920876,0.0130972607394612,0.0251813379393365,0.0102601200539306,0.0149212178854059,-0.0570262148675676,-0.0122560042903499,-0.0319059521209411
CA->PR,CA,PR,reference,42,source_calibrated,0.05,0.145205391686783,0.66607991887574,0.195984492321237,0.191485355220337,0.129577690630845,0.0619076645894923,0.676697653884513,0.177728663520418,0.519613654571603,0.140831175237391,0.646569646569647,0.194465880277808,0.172137710168135,0.126893601853502,0.0452441083146325,0.737163296348949,0.189984667810768,0.551519606692544,0.00437421644939229,0.0195102723060937,0.00151861204342849,0.0193476450522024,0.00268408877734252,0.0166635562748599,-0.0604656424644361,-0.0122560042903499,-0.0319059521209411
CA->PR,CA,PR,reference,42,source_calibrated,0.1,0.229166322211567,0.794548985468426,0.284284439254908,0.29657572098164,0.206403686895844,0.0901720340857959,0.695956116072704,0.177728663520418,0.519613654571603,0.228881489702799,0.761954261954262,0.285415058979164,0.27662129703763,0.207627873819284,0.0689934232183466,0.750585280463922,0.189984667810768,0.551519606692544,0.000284832508767707,0.0325947235141637,-0.00113061972425665,0.0199544239440102,-0.00122418692343917,0.0211786108674494,-0.0546291643912181,-0.0122560042903499,-0.0319059521209411
CA->PR,CA,PR,reference,42,target_oracle,0.01,0.00993580734764062,0.170667074839043,0.025605203298133,0.0143602759072395,0.00844176399277329,0.00591851191446621,0.587855278499037,0.177728663520418,0.519613654571603,0.00998890122086571,0.169438669438669,0.0268989086098556,0.0120096076861489,0.00908928889680984,0.00292031878933908,0.756834788807699,0.189984667810768,0.551519606692544,-5.30938732250848e-05,0.00122840540037353,-0.00129370531172261,0.00235066822109057,-0.00064752490403655,0.00299819312512713,-0.168979510308662,-0.0122560042903499,-0.0319059521209411
CA->PR,CA,PR,reference,42,target_oracle,0.02,0.0199852848781456,0.255924079938009,0.0429865245098359,0.0309638332275825,0.0162780764334204,0.0146857567941622,0.525712572916195,0.177728663520418,0.519613654571603,0.0199778024417314,0.226611226611227,0.0418917429169882,0.0264211369095276,0.0171092496881126,0.00931188722141498,0.647559177589475,0.189984667810768,0.551519606692544,7.48243641415444e-06,0.0293128533267822,0.00109478159284772,0.00454269631805491,-0.000831173254692265,0.00537386957274718,-0.121846604673281,-0.0122560042903499,-0.0319059521209411
CA->PR,CA,PR,reference,42,target_oracle,0.05,0.0499601120994676,0.43151792291282,0.087157482025996,0.0708516691569274,0.0429055039416555,0.0279461652152719,0.605568004991178,0.177728663520418,0.519613654571603,0.0499445061043285,0.4002079002079,0.0870907286958439,0.0632506004803843,0.0440206736767065,0.0192299268036778,0.695972423065904,0.189984667810768,0.551519606692544,1.56059951390841e-05,0.0313100227049199,6.67533301520751e-05,0.00760106867654306,-0.00111516973505099,0.00871623841159405,-0.0904044180747257,-0.0122560042903499,-0.0319059521209411
CA->PR,CA,PR,reference,42,target_oracle,0.1,0.099890256605271,0.587844754187753,0.147460044038525,0.134944839019997,0.0880531138594495,0.0468917251605476,0.652511904115141,0.177728663520418,0.519613654571603,0.099889012208657,0.561330561330561,0.148825928784037,0.123298638911129,0.0894671181607557,0.0338315207503732,0.725613185602492,0.189984667810768,0.551519606692544,1.24439661393361e-06,0.0265141928571916,-0.00136588474551219,0.0116462001088682,-0.00141400430130612,0.0130602044101743,-0.0731012814873511,-0.0122560042903499,-0.0319059521209411
CA->PR,CA,PR,reference,314,source_calibrated,0.01,0.0331038573459872,0.328132324382241,0.061865640531111,0.0461632928751254,0.0286939801804467,0.0174693126946787,0.621575680445191,0.17093936905388,0.503231156581856,0.0304599827352325,0.275467775467775,0.0564436115092052,0.0388310648518815,0.026733202637676,0.0120978622142055,0.688448867926955,0.182117226030378,0.532380707559566,0.00264387461075478,0.0526645489144652,0.00542202902190579,0.00733222802324385,0.00196077754277069,0.00537145048047317,-0.0668731874817641,-0.0111778569764984,-0.0291495509777102
CA->PR,CA,PR,reference,314,source_calibrated,0.02,0.0726734813663569,0.49046694282079,0.113403398296841,0.101152342550709,0.0630568115373078,0.0380955310134014,0.623384589493778,0.17093936905388,0.503231156581856,0.0654827968923418,0.428274428274428,0.103957667291368,0.0828662930344275,0.0577437176973801,0.0251225753370474,0.696829984579979,0.182117226030378,0.532380707559566,0.00719068447401508,0.0621925145463617,0.00944573100547319,0.0182860495162817,0.00531309383992769,0.012972955676354,-0.0734453950862011,-0.0111778569764984,-0.0291495509777102
CA->PR,CA,PR,reference,314,source_calibrated,0.05,0.13869829040045,0.668567219293798,0.190354238731332,0.179458419469063,0.124934513088397,0.0545239063806655,0.696175266995122,0.17093936905388,0.503231156581856,0.134788506597608,0.639293139293139,0.188292360268989,0.161729383506805,0.122794510782392,0.0389348727244137,0.759259128550531,0.182117226030378,0.532380707559566,0.00390978380284213,0.0292740800006588,0.00206187846234329,0.0177290359622573,0.00214000230600558,0.0155890336562517,-0.0630838615554095,-0.0111778569764984,-0.0291495509777102
CA->PR,CA,PR,reference,314,source_calibrated,0.1,0.218057645249826,0.78362399670911,0.273193669718525,0.273311910268743,0.199399524762001,0.0739123855067426,0.729567637816934,0.17093936905388,0.503231156581856,0.215686274509804,0.751559251559252,0.272516811817881,0.256204963971177,0.197647478167884,0.0585574858032924,0.771442813224024,0.182117226030378,0.532380707559566,0.00237137074002247,0.0320647451498587,0.000676857900643424,0.0171069462975665,0.00175204659411637,0.0153548997034502,-0.0418751754070906,-0.0111778569764984,-0.0291495509777102
CA->PR,CA,PR,reference,314,target_oracle,0.01,0.00976530207334413,0.178148109173355,0.0261806325618353,0.011105880426551,0.0093126189650096,0.00179326146154135,0.838530454798146,0.17093936905388,0.503231156581856,0.00998890122086571,0.177754677754678,0.0277808400396869,0.011208967173739,0.00944573159864552,0.00176323557509347,0.842694197622018,0.182117226030378,0.532380707559566,-0.000223599147521571,0.000393431418677509,-0.00160020747785158,-0.000103086747188036,-0.000133112633635918,3.00258864478816e-05,-0.004163742823872,-0.0111778569764984,-0.0291495509777102
CA->PR,CA,PR,reference,314,target_oracle,0.02,0.0198158129691478,0.236245707015144,0.0409151656853903,0.0269971549624414,0.0173908355646112,0.00960631939783019,0.644172898544511,0.17093936905388,0.503231156581856,0.0199778024417314,0.226611226611227,0.0418917429169882,0.0252201761409127,0.0176439137408662,0.00757626240004657,0.699595182931487,0.182117226030378,0.532380707559566,-0.000161989472583567,0.00963448040391721,-0.000976577231597858,0.00177697882152868,-0.000253078176254938,0.00203005699778362,-0.0554222843869755,-0.0111778569764984,-0.0291495509777102
CA->PR,CA,PR,reference,314,target_oracle,0.05,0.049967345656559,0.41455644736968,0.0855104673101153,0.0714616124608552,0.0427092159955324,0.0287523964653228,0.597652565129669,0.17093936905388,0.503231156581856,0.0498211863361697,0.376299376299376,0.0844449344063499,0.0640512409927942,0.043486009623953,0.0205652313688413,0.678925325253966,0.182117226030378,0.532380707559566,0.000146159320389291,0.0382570710703035,0.00106553290376543,0.00741037146806092,-0.000776793628420577,0.0081871650964815,-0.081272760124297,-0.0111778569764984,-0.0291495509777102
CA->PR,CA,PR,reference,314,target_oracle,0.1,0.099810687477266,0.590236389205116,0.147621388062221,0.133958286427738,0.0882798126141269,0.0456784738136112,0.659009718385344,0.17093936905388,0.503231156581856,0.099889012208657,0.548856548856549,0.14750303163929,0.120896717373899,0.0905364462662627,0.0303602711076364,0.748874313818292,0.182117226030378,0.532380707559566,-7.83247313910912e-05,0.0413798403485673,0.000118356422930926,0.013061569053839,-0.00225663365213577,0.0153182027059748,-0.0898645954329482,-0.0111778569764984,-0.0291495509777102
CA->PR,CA,PR,reference,1618,source_calibrated,0.01,0.040816895935981,0.366790712802901,0.0725954844191102,0.0600650879096138,0.0343172151440297,0.025747872765584,0.571333803684271,0.179880748323817,0.526073859101975,0.0371192502158096,0.314968814968815,0.0665858229522655,0.0492393915132106,0.0317234004633755,0.0175159910498351,0.644268734613919,0.192028931181952,0.557621392390911,0.00369764572017136,0.0518218978340856,0.00600966146684476,0.0108256963964032,0.00259381468065423,0.00823188171574897,-0.0729349309296481,-0.0121481828581352,-0.0315475332889353
CA->PR,CA,PR,reference,1618,source_calibrated,0.02,0.0781286167785457,0.509207794816849,0.120153733808474,0.10978160754856,0.0674401148975639,0.0423414926509961,0.614311599215132,0.179880748323817,0.526073859101975,0.0722653841410778,0.465696465696466,0.113989637305699,0.0920736589271417,0.063446800926751,0.0286268580003907,0.689087429195757,0.192028931181952,0.557621392390911,0.00586323263746787,0.0435113291203829,0.0061640965027749,0.0177079486214184,0.00399331397081293,0.0137146346506054,-0.0747758299806248,-0.0121481828581352,-0.0315475332889353
CA->PR,CA,PR,reference,1618,source_calibrated,0.05,0.153147837373103,0.679980101596656,0.204507746844698,0.198726896862272,0.137756815822467,0.0609700810398043,0.693196633156005,0.179880748323817,0.526073859101975,0.146997163645332,0.652806652806653,0.200639400286628,0.175740592473979,0.134200677241133,0.0415399152328457,0.763629366169365,0.192028931181952,0.557621392390911,0.00615067372777039,0.0271734487900027,0.00386834655807072,0.0229863043882923,0.00355613858133375,0.0194301658069586,-0.0704327330133606,-0.0121481828581352,-0.0315475332889353
CA->PR,CA,PR,reference,1618,source_calibrated,0.1,0.234236012367316,0.806880255617951,0.290062047502292,0.305286857563911,0.210243742630563,0.0950431149333484,0.688676035084637,0.179880748323817,0.526073859101975,0.234430879269947,0.771309771309771,0.291368096130526,0.286629303442754,0.21119230083764,0.0754370026051139,0.736813362419589,0.192028931181952,0.557621392390911,-0.000194866902631069,0.0355704843081793,-0.00130604862823391,0.0186575541211568,-0.00094855820707776,0.0196061123282345,-0.0481373273349516,-0.0121481828581352,-0.0315475332889353
CA->PR,CA,PR,reference,1618,target_oracle,0.01,0.00998334215138388,0.162248519577924,0.0248273945364997,0.0155105716683382,0.00811692126503434,0.00739365040330387,0.523315416001297,0.179880748323817,0.526073859101975,0.0096189419163892,0.158004158004158,0.0253555286076508,0.0136108887109688,0.00784173944038496,0.00576914927058382,0.576137209472989,0.192028931181952,0.557621392390911,0.000364400234994684,0.00424436157376623,-0.000528134071151098,0.00189968295736944,0.000275181824649386,0.00162450113272005,-0.0528217934716918,-0.0121481828581352,-0.0315475332889353
CA->PR,CA,PR,reference,1618,target_oracle,0.02,0.019979084686353,0.245266954300638,0.0419419851656761,0.0308041836379639,0.0163236926462518,0.0144804909917121,0.529918040942142,0.179880748323817,0.526073859101975,0.0199778024417314,0.226611226611227,0.0418917429169882,0.0268214571657326,0.0169310283371948,0.00989042882853779,0.631249384870337,0.192028931181952,0.557621392390911,1.28224462155394e-06,0.0186557276894115,5.02422486878609e-05,0.00398272647223127,-0.000607335690942998,0.00459006216317426,-0.101331343928195,-0.0121481828581352,-0.0315475332889353
CA->PR,CA,PR,reference,1618,target_oracle,0.05,0.0498340415330181,0.413992021505582,0.0853351339202028,0.0723949485232413,0.0422157315112651,0.0301792170119762,0.58313090032397,0.179880748323817,0.526073859101975,0.0499445061043285,0.385654885654886,0.0855473486936391,0.0628502802241794,0.0441988950276243,0.018651385196555,0.703241017700672,0.192028931181952,0.557621392390911,-0.000110464571310434,0.0283371358506964,-0.000212214773436276,0.00954466829906195,-0.00198316351635917,0.0115278318154211,-0.120110117376702,-0.0121481828581352,-0.0315475332889353
CA->PR,CA,PR,reference,1618,target_oracle,0.1,0.0999915264045501,0.593737742870536,0.148125937870427,0.135759461284975,0.0879135006019958,0.0478459606829787,0.647568130941941,0.179880748323817,0.526073859101975,0.099889012208657,0.564449064449064,0.149156653070224,0.122898318654924,0.0896453395116735,0.0332529791432504,0.729426899349057,0.192028931181952,0.557621392390911,0.000102514195893064,0.0292886784214716,-0.00103071519979703,0.0128611426300506,-0.00173183890967772,0.0145929815397283,-0.0818587684071155,-0.0121481828581352,-0.0315475332889353
CA->PR,CA,PR,reference,2718,source_calibrated,0.01,0.0342643265765021,0.315944552333757,0.0617248142445323,0.0476533557115664,0.0297431530755695,0.0179102026359969,0.624156528568464,0.172515760416799,0.507309453698321,0.032309779257615,0.278586278586279,0.0584279572263257,0.0392313851080865,0.0292283015505258,0.0100030835575607,0.745023441563401,0.184009608417786,0.537458105319067,0.00195454731888711,0.0373582737474789,0.0032968570182066,0.00842197060347994,0.000514851525043724,0.00790711907843622,-0.120866912994937,-0.0114938480009865,-0.0301486516207459
CA->PR,CA,PR,reference,2718,source_calibrated,0.02,0.0722322343837836,0.484411322956826,0.112414816417547,0.0973412202959658,0.0637534955150969,0.0335877247808689,0.654948595479433,0.172515760416799,0.507309453698321,0.0635096806018005,0.446985446985447,0.104178150148826,0.0796637309847878,0.0563179468900374,0.0233457840947504,0.706945886087002,0.184009608417786,0.537458105319067,0.00872255378198314,0.0374258759713792,0.0082366662687212,0.0176774893111779,0.00743554862505946,0.0102419406861185,-0.0519972906075691,-0.0114938480009865,-0.0301486516207459
CA->PR,CA,PR,reference,2718,source_calibrated,0.05,0.1446887090374,0.668041059589978,0.19570936811898,0.185799373682379,0.130806563758334,0.0549928099240456,0.704020477388396,0.172515760416799,0.507309453698321,0.138364779874214,0.645530145530146,0.192150810274501,0.16773418734988,0.125289609695241,0.0424445776546384,0.74695332940027,0.184009608417786,0.537458105319067,0.00632392916318572,0.0225109140598325,0.00355855784447934,0.0180651863324993,0.00551695406309211,0.0125482322694072,-0.0429328520118741,-0.0114938480009865,-0.0301486516207459
CA->PR,CA,PR,reference,2718,source_calibrated,0.1,0.22347557951126,0.782418612660359,0.277965908847155,0.286390895879813,0.202230494576509,0.0841604013033038,0.706134508763775,0.172515760416799,0.507309453698321,0.22666173387594,0.764033264033264,0.283651196119502,0.270216172938351,0.207271431117448,0.0629447418209028,0.767057829527977,0.184009608417786,0.537458105319067,-0.00318615436468078,0.0183853486270952,-0.00568528727234674,0.0161747229414618,-0.00504093654093909,0.0212156594824009,-0.0609233207642026,-0.0114938480009865,-0.0301486516207459
CA->PR,CA,PR,reference,2718,target_oracle,0.01,0.00991927350286036,0.181716428619261,0.026667462506167,0.0118345375278875,0.00927253199009714,0.00256200553779037,0.783514519958796,0.172515760416799,0.507309453698321,0.00998890122086571,0.175675675675676,0.0275603571822291,0.011208967173739,0.00944573159864552,0.00176323557509347,0.842694197622018,0.184009608417786,0.537458105319067,-6.96277180053505e-05,0.00604075294358558,-0.000892894676062104,0.000625570354148518,-0.000173199608548382,0.000798769962696901,-0.0591796776632223,-0.0114938480009865,-0.0301486516207459
CA->PR,CA,PR,reference,2718,target_oracle,0.02,0.0199501504579875,0.234715060604031,0.0408871869529575,0.0291217225781362,0.0168531171769923,0.0122686054011439,0.578712922347703,0.172515760416799,0.507309453698321,0.0193612036009372,0.221413721413721,0.040789328629699,0.0248198558847078,0.0169310283371948,0.00788882754751297,0.682156593327623,0.184009608417786,0.537458105319067,0.000588946857050271,0.0133013391903099,9.78583232584471e-05,0.00430186669342843,-7.79111602025075e-05,0.00437977785363093,-0.103443670979919,-0.0114938480009865,-0.0301486516207459
CA->PR,CA,PR,reference,2718,target_oracle,0.05,0.0499611454647664,0.433756493289072,0.0873766487633867,0.0692019567308676,0.0434639569714705,0.0257379997593971,0.628074104038786,0.172515760416799,0.507309453698321,0.0499445061043285,0.388773388773389,0.0858780729798258,0.0620496397117694,0.04455533772946,0.0174943019823094,0.718059571923813,0.184009608417786,0.537458105319067,1.6639360437852e-05,0.0449831045156833,0.00149857578356084,0.00715231701909822,-0.00109138075798947,0.00824369777708769,-0.0899854678850274,-0.0114938480009865,-0.0301486516207459
CA->PR,CA,PR,reference,2718,target_oracle,0.1,0.0998551221851129,0.593115917766022,0.147942210860784,0.132910330147164,0.0886931231485692,0.0442172069985949,0.667315497977955,0.172515760416799,0.507309453698321,0.099889012208657,0.550935550935551,0.147723514496748,0.121297037630104,0.0903582249153449,0.0309388127147592,0.744933484615615,0.184009608417786,0.537458105319067,-3.38900235441197e-05,0.0421803668304707,0.000218696364036486,0.0116132925170601,-0.00166510176677562,0.0132783942838357,-0.0776179866376605,-0.0114938480009865,-0.0301486516207459
CA->PR,CA,PR,reference,8675309,source_calibrated,0.01,0.0353875946562614,0.343065693430657,0.0653825671979206,0.0489673946415048,0.0308020021370505,0.0181653925044543,0.629030855379483,0.177080627951952,0.519097582136923,0.0303366629670736,0.3004158004158,0.0589791643699702,0.0376301040832666,0.0270896453395117,0.0105404587437549,0.719892915511704,0.189266300852084,0.550773434737572,0.00505093168918774,0.0426498930148566,0.00640340282795039,0.0113372905582382,0.00371235679753878,0.0076249337606994,-0.0908620601322213,-0.0121856729001323,-0.0316758526006492
CA->PR,CA,PR,reference,8675309,source_calibrated,0.02,0.0680243708872061,0.491538395308569,0.109311974990744,0.0949751315062325,0.0589237061928847,0.0360514253133478,0.620411946352693,0.177080627951952,0.519097582136923,0.0627697619928475,0.449064449064449,0.10373718443391,0.0788630904723779,0.0556050614863661,0.0232580289860118,0.705083470014936,0.189266300852084,0.550773434737572,0.00525460889435866,0.0424739462441197,0.00557479055683344,0.0161120410338546,0.00331864470651863,0.0127933963273359,-0.084671523662243,-0.0121856729001323,-0.0316758526006492
CA->PR,CA,PR,reference,8675309,source_calibrated,0.05,0.146320392844152,0.668280223091714,0.197205297679724,0.188005812882494,0.132244165617263,0.0557616472652304,0.703404663875567,0.177080627951952,0.519097582136923,0.14194105315082,0.646569646569647,0.195458053136369,0.1693354683747,0.129745143468187,0.0395903249065123,0.766201816509533,0.189266300852084,0.550773434737572,0.0043793396933319,0.0217105765220679,0.00174724454335506,0.018670344507794,0.00249902214907588,0.0161713223587182,-0.0627971526339653,-0.0121856729001323,-0.0316758526006492
CA->PR,CA,PR,reference,8675309,source_calibrated,0.1,0.229142554809695,0.791487692646201,0.283964549080759,0.296235953906298,0.206486625464629,0.0897493284416692,0.697034315861411,0.177080627951952,0.519097582136923,0.232457762979406,0.769230769230769,0.289383750413405,0.281825460368295,0.210479415433969,0.0713460449343256,0.746843153059737,0.189266300852084,0.550773434737572,-0.00331520816971015,0.0222569234154314,-0.00541920133264662,0.0144104935380033,-0.00399278996934022,0.0184032835073435,-0.049808837198326,-0.0121856729001323,-0.0316758526006492
CA->PR,CA,PR,reference,8675309,target_oracle,0.01,0.00996267484540855,0.196047105643302,0.0281037041043868,0.0133819104734224,0.00880807600490443,0.004573834468518,0.658207661932726,0.177080627951952,0.519097582136923,0.00998890122086571,0.187110187110187,0.0287730128982472,0.0120096076861489,0.00908928889680984,0.00292031878933908,0.756834788807699,0.189266300852084,0.550773434737572,-2.62263754571539e-05,0.00893691853311487,-0.000669308793860377,0.00137230278727352,-0.000281212891905403,0.00165351567917892,-0.0986271268749737,-0.0121856729001323,-0.0316758526006492
CA->PR,CA,PR,reference,8675309,target_oracle,0.02,0.0199956185311332,0.254689996269049,0.0428755422045189,0.0285609022248603,0.0171033151928253,0.011457587032035,0.5988366564253,0.177080627951952,0.519097582136923,0.0199778024417314,0.241164241164241,0.043435122919193,0.0248198558847078,0.017822135091784,0.00699772079292377,0.718059571923813,0.189266300852084,0.550773434737572,1.78160894018196e-05,0.0135257551048082,-0.000559580714674095,0.00374104634015254,-0.000718819898958736,0.00445986623911128,-0.119222915498513,-0.0121856729001323,-0.0316758526006492
CA->PR,CA,PR,reference,8675309,target_oracle,0.05,0.0498485086472008,0.418622226899197,0.0857995808785882,0.0667253413021675,0.0441495824734216,0.0225757588287459,0.66166139598281,0.177080627951952,0.519097582136923,0.0499445061043285,0.385654885654886,0.0855473486936391,0.0604483586869496,0.0452682231331313,0.0151801355538182,0.748874313818292,0.189266300852084,0.550773434737572,-9.59974571277042e-05,0.0329673412443117,0.000252232184949089,0.00627698261521799,-0.00111864065970971,0.0073956232749277,-0.087212917835482,-0.0121856729001323,-0.0316758526006492
CA->PR,CA,PR,reference,8675309,target_oracle,0.1,0.0999770592903674,0.580861179937052,0.146857568666804,0.132390445586098,0.0890317889711056,0.0433586566149926,0.672494065390882,0.177080627951952,0.519097582136923,0.099889012208657,0.557172557172557,0.148384963069121,0.120896717373899,0.0905364462662627,0.0303602711076364,0.748874313818292,0.189266300852084,0.550773434737572,8.80470817103268e-05,0.023688622764495,-0.00152739440231731,0.0114937282121991,-0.00150465729515711,0.0129983855073562,-0.0763802484274098,-0.0121856729001323,-0.0316758526006492
CA->PR,CA,PR,small,42,source_calibrated,0.01,0.0391852121292285,0.382852933579512,0.0726887468605531,0.0542522054158053,0.034097427936751,0.0201547774790543,0.628498467028539,0.179056951782629,0.520424197042967,0.0347761746207917,0.318087318087318,0.0648219600926028,0.0428342674139311,0.031188736410622,0.0116455310033091,0.728125827604988,0.190989277552852,0.550578986227954,0.00440903750843682,0.0647656154921942,0.00786678676795027,0.0114179380018742,0.00290869152612905,0.00850924647574512,-0.0996273605764492,-0.011932325770223,-0.0301547891849876
CA->PR,CA,PR,small,42,source_calibrated,0.02,0.0764793657617142,0.516200935607619,0.119347013689994,0.101365208670201,0.0680759772582444,0.0332892314119564,0.671591151947752,0.179056951782629,0.520424197042967,0.0652361573560242,0.464656964656965,0.107595634439422,0.0788630904723779,0.0591694885047229,0.019693601967655,0.750281128349227,0.190989277552852,0.550578986227954,0.0112432084056901,0.0515439709506542,0.0117513792505714,0.0225021181978229,0.00890648875352157,0.0135956294443013,-0.0786899764014749,-0.011932325770223,-0.0301547891849876
CA->PR,CA,PR,small,42,source_calibrated,0.05,0.154961393472438,0.680027934297003,0.206149165814093,0.199136254784371,0.140044538011437,0.0590917167729335,0.703259876826953,0.179056951782629,0.520424197042967,0.14724380318165,0.652806652806653,0.200859883144086,0.173338670936749,0.135626448048476,0.0377122228882732,0.782436182967884,0.190989277552852,0.550578986227954,0.00771759029078808,0.02722128149035,0.00528928267000697,0.0257975838476213,0.00441808996296103,0.0213794938846603,-0.0791763061409307,-0.011932325770223,-0.0301547891849876
CA->PR,CA,PR,small,42,source_calibrated,0.1,0.236036134717767,0.80583750275038,0.291585023171054,0.29558507481016,0.215927799211254,0.0796572755989061,0.730509818027632,0.179056951782629,0.520424197042967,0.232087803674929,0.765072765072765,0.288612060412303,0.269815852682146,0.215291391908751,0.054524460773395,0.797919728468931,0.190989277552852,0.550578986227954,0.00394833104283818,0.0407647376776151,0.00297296275875064,0.0257692221280146,0.000636407302503555,0.025132814825511,-0.0674099104412984,-0.011932325770223,-0.0301547891849876
CA->PR,CA,PR,small,42,target_oracle,0.01,0.00990997321517146,0.200543379475945,0.0284944737340323,0.0144544282293223,0.00837541313774576,0.00607901509157655,0.579435796758488,0.179056951782629,0.520424197042967,0.00998890122086571,0.187110187110187,0.0287730128982472,0.0132105684547638,0.00855462484405632,0.00465594361070749,0.647559177589475,0.190989277552852,0.550578986227954,-7.89280056942496e-05,0.0134331923657578,-0.000278539164214858,0.0012438597745585,-0.000179211706310561,0.00142307148086906,-0.0681233808309869,-0.011932325770223,-0.0301547891849876
CA->PR,CA,PR,small,42,target_oracle,0.02,0.019952217188585,0.256220642680162,0.0429855918854215,0.0268579732689277,0.0176202989382481,0.0092376743306796,0.656054675526587,0.179056951782629,0.520424197042967,0.0199778024417314,0.231808731808732,0.0424429500606328,0.0244195356285028,0.0180003564427018,0.00641917918580097,0.737129350719167,0.190989277552852,0.550578986227954,-2.5585253146377e-05,0.02441191087143,0.000542641824788713,0.00243843764042488,-0.000380057504453746,0.00281849514487863,-0.0810746751925804,-0.011932325770223,-0.0301547891849876
CA->PR,CA,PR,small,42,target_oracle,0.05,0.049922910948712,0.437583109316853,0.0877151914258242,0.0691651145178787,0.0434252523060378,0.0257398622118409,0.627849062475168,0.179056951782629,0.520424197042967,0.0499445061043285,0.407484407484408,0.0878624186969463,0.0620496397117694,0.04455533772946,0.0174943019823094,0.718059571923813,0.190989277552852,0.550578986227954,-2.1595155616512e-05,0.0300987018324458,-0.000147227271122138,0.00711547480610929,-0.0011300854234222,0.00824556022953149,-0.0902105094486451,-0.011932325770223,-0.0301547891849876
CA->PR,CA,PR,small,42,target_oracle,0.1,0.0999357246784167,0.580488084874343,0.146783891338064,0.129516752972962,0.0899468778466936,0.0395698751262683,0.694480642712461,0.179056951782629,0.520424197042967,0.099889012208657,0.565488565488566,0.149266894498953,0.117694155324259,0.0919622170736054,0.025731938250654,0.781366048468933,0.190989277552852,0.550578986227954,4.6712469759666e-05,0.0149995193857779,-0.00248300316088848,0.0118225976487025,-0.00201533922691183,0.0138379368756143,-0.0868854057564725,-0.011932325770223,-0.0301547891849876
CA->PR,CA,PR,small,314,source_calibrated,0.01,0.0318400515855957,0.333250423319398,0.0612239949339842,0.0422621118775201,0.0283207566209168,0.0139413552566033,0.670121661288325,0.169894746196386,0.49738449136333,0.0309532618078678,0.296257796257796,0.0590894057986992,0.0364291433146517,0.0285154161468544,0.00791372716779733,0.782763841042223,0.180755979705871,0.525244586091648,0.000886789777727912,0.0369926270616018,0.00213458913528503,0.00583296856286839,-0.000194659525937561,0.00602762808880595,-0.112642179753898,-0.0108612335094849,-0.0278600947283177
CA->PR,CA,PR,small,314,source_calibrated,0.02,0.0669972057802321,0.495231079775378,0.108744939346771,0.0887692654072088,0.0596452717413091,0.0291239936658997,0.671913544262195,0.169894746196386,0.49738449136333,0.0588235294117647,0.444906444906445,0.0997684929996693,0.0708566853482786,0.053466405275352,0.0173902800729266,0.754571075580956,0.180755979705871,0.525244586091648,0.00817367636846743,0.0503246348689327,0.00897644634710193,0.0179125800589302,0.00617886646595709,0.0117337135929731,-0.0826575313187619,-0.0108612335094849,-0.0278600947283177
CA->PR,CA,PR,small,314,source_calibrated,0.05,0.150059108495089,0.667400101405325,0.200493731364998,0.191223366150193,0.136158866063888,0.0550645000863058,0.712040943557827,0.169894746196386,0.49738449136333,0.146257245036379,0.64033264033264,0.198655054569507,0.171337069655725,0.135091783995723,0.0362452856600019,0.78845625332083,0.180755979705871,0.525244586091648,0.00380186345871011,0.0270674610726843,0.00183867679549121,0.0198862964944689,0.00106708206816489,0.018819214426304,-0.076415309763003,-0.0108612335094849,-0.0278600947283177
CA->PR,CA,PR,small,314,source_calibrated,0.1,0.22367605237922,0.793917593823842,0.279267852529697,0.283107845344577,0.20360727481833,0.0795005705262471,0.719186268294737,0.169894746196386,0.49738449136333,0.218522629177457,0.758835758835759,0.275824054679749,0.253803042433947,0.202815897344502,0.0509871450894453,0.799107431493006,0.180755979705871,0.525244586091648,0.0051534232017631,0.0350818349880829,0.00344379784994847,0.0293048029106299,0.000791377473828098,0.0285134254368018,-0.0799211631982687,-0.0108612335094849,-0.0278600947283177
CA->PR,CA,PR,small,314,target_oracle,0.01,0.00986553850732449,0.193665037166008,0.0277838139302378,0.0136684610188919,0.00858137725022705,0.00508708376866482,0.627823222992427,0.169894746196386,0.49738449136333,0.00998890122086571,0.182952182952183,0.0283320471833315,0.0132105684547638,0.00855462484405632,0.00465594361070749,0.647559177589475,0.180755979705871,0.525244586091648,-0.000123362713541212,0.0107128542138252,-0.000548233253093666,0.000457892564128058,2.67524061707269e-05,0.000431140157957331,-0.0197359545970482,-0.0108612335094849,-0.0278600947283177
CA->PR,CA,PR,small,314,target_oracle,0.02,0.0199150160378294,0.263759076254891,0.0436869254450717,0.0257936426714698,0.0179299362617099,0.00786370640975991,0.695130055497826,0.169894746196386,0.49738449136333,0.0199778024417314,0.249480249480249,0.0443170543490244,0.0236188951160929,0.0183567991445375,0.00526209597155536,0.777208207848385,0.180755979705871,0.525244586091648,-6.27864039019731e-05,0.0142788267746414,-0.000630128903952677,0.00217474755537692,-0.000426862882827624,0.00260161043820455,-0.0820781523505589,-0.0108612335094849,-0.0278600947283177
CA->PR,CA,PR,small,314,target_oracle,0.05,0.0499435782546873,0.447388812888043,0.0886897839389019,0.0660826493644718,0.0444937775338769,0.0215888718305949,0.673304989460641,0.169894746196386,0.49738449136333,0.0499445061043285,0.413721413721414,0.0885238672693198,0.0596477181745396,0.045624665834967,0.0140230523395726,0.764902115810387,0.180755979705871,0.525244586091648,-9.27849641181588e-07,0.033667399166629,0.0001659166695821,0.00643493118993219,-0.00113088830109008,0.00756581949102227,-0.0915971263497456,-0.0108612335094849,-0.0278600947283177
CA->PR,CA,PR,small,314,target_oracle,0.1,0.0999202241989352,0.583300647654763,0.14704409354969,0.132754774136766,0.088832736406023,0.0439220377307435,0.66914909074762,0.169894746196386,0.49738449136333,0.099889012208657,0.561330561330561,0.148825928784037,0.118494795836669,0.0916057743717697,0.0268890214648996,0.773078460745543,0.180755979705871,0.525244586091648,3.12119902781682e-05,0.0219700863242014,-0.0017818352343473,0.0142599783000971,-0.00277303796574674,0.0170330162658439,-0.103929369997923,-0.0108612335094849,-0.0278600947283177
CA->PR,CA,PR,small,1618,source_calibrated,0.01,0.0402599120399458,0.364886971329079,0.071907207601262,0.0502323106207913,0.0368924577047857,0.0133398529160056,0.7344368046951,0.177648133758806,0.517527697456535,0.0353927734615859,0.304573804573805,0.0639400286627715,0.044035228182546,0.0315451791124577,0.0124900490700884,0.716362340208357,0.189414624675577,0.547233904792971,0.00486713857835988,0.0603131667552749,0.00796717893849055,0.00619708243824525,0.00534727859232802,0.000849803845917235,0.0180744644867431,-0.0117664909167709,-0.0297062073364364
CA->PR,CA,PR,small,1618,source_calibrated,0.02,0.0728160857775867,0.503611368876218,0.114813526411457,0.0991260208363182,0.0639318134379834,0.0351942073983349,0.644954905872301,0.177648133758806,0.517527697456535,0.0648661980515477,0.453222453222453,0.106052254437218,0.077261809447558,0.0593477098556407,0.0179140995919173,0.768137716162645,0.189414624675577,0.547233904792971,0.00794988772603905,0.0503889156537652,0.00876127197423959,0.0218642113887602,0.00458410358234267,0.0172801078064175,-0.123182810290344,-0.0117664909167709,-0.0297062073364364
CA->PR,CA,PR,small,1618,source_calibrated,0.05,0.158745577196521,0.69197654284375,0.210729284313351,0.201645618846839,0.144259199615165,0.0573864192316737,0.715409540956791,0.177648133758806,0.517527697456535,0.151190035762733,0.652806652806653,0.204387608863411,0.178142514011209,0.139190875066833,0.038951638944376,0.781345631274042,0.189414624675577,0.547233904792971,0.0075555414337885,0.0391698900370968,0.00634167544993974,0.0235031048356298,0.00506832454833203,0.0184347802872977,-0.0659360903172509,-0.0117664909167709,-0.0297062073364364
CA->PR,CA,PR,small,1618,source_calibrated,0.1,0.240501306173738,0.817853077077613,0.296786269530321,0.307022535153612,0.218038585786817,0.0889839493667941,0.710171276768746,0.177648133758806,0.517527697456535,0.237020594401283,0.778586278586279,0.294454856134935,0.28142514011209,0.217251826768847,0.0641733133432428,0.771970218020739,0.189414624675577,0.547233904792971,0.0034807117724551,0.0392667984913347,0.00233141339538551,0.0255973950415219,0.000786759017970567,0.0248106360235513,-0.0617989412519931,-0.0117664909167709,-0.0297062073364364
CA->PR,CA,PR,small,1618,target_oracle,0.01,0.00970020005952184,0.184347227138361,0.026726217844276,0.0121988660785558,0.00885645683669534,0.00334240924186045,0.72600656320541,0.177648133758806,0.517527697456535,0.00998890122086571,0.176715176715177,0.027670598610958,0.011208967173739,0.00944573159864552,0.00176323557509347,0.842694197622018,0.189414624675577,0.547233904792971,-0.000288701161343864,0.00763205042318416,-0.000944380766682025,0.000989898904816796,-0.000589274761950177,0.00157917366676697,-0.116687634416608,-0.0117664909167709,-0.0297062073364364
CA->PR,CA,PR,small,1618,target_oracle,0.02,0.0193383982011177,0.249026604547933,0.0417302794236008,0.0268784411650326,0.0167922955598837,0.0100861456051489,0.624749607195582,0.177648133758806,0.517527697456535,0.0199778024417314,0.228690228690229,0.042112225774446,0.0256204963971177,0.0174656923899483,0.00815480400716938,0.68170780609517,0.189414624675577,0.547233904792971,-0.000639404240613723,0.0203363758577045,-0.000381946350845229,0.00125794476791495,-0.000673396830064593,0.00193134159797955,-0.0569581988995878,-0.0117664909167709,-0.0297062073364364
CA->PR,CA,PR,small,1618,target_oracle,0.05,0.0499828461360405,0.404779443418699,0.0845713145247859,0.0643224102994453,0.0451406983703954,0.01918171192905,0.701788041838734,0.177648133758806,0.517527697456535,0.0499445061043285,0.38045738045738,0.0849961415499945,0.0576461168935148,0.0465157725895562,0.0111303443039586,0.806919443949385,0.189414624675577,0.547233904792971,3.83400317119503e-05,0.0243220629613183,-0.000424827025208602,0.00667629340593051,-0.00137507421916087,0.00805136762509139,-0.105131402110651,-0.0117664909167709,-0.0297062073364364
CA->PR,CA,PR,small,1618,target_oracle,0.1,0.0999904930392514,0.579426198926634,0.146729799122027,0.130372311030149,0.0897312375678541,0.0406410734622951,0.68826913367443,0.177648133758806,0.517527697456535,0.099889012208657,0.550935550935551,0.147723514496748,0.120896717373899,0.0905364462662627,0.0303602711076364,0.748874313818292,0.189414624675577,0.547233904792971,0.000101480830594303,0.0284906479910833,-0.000993715374720483,0.00947559365625009,-0.000805208698408583,0.0102808023546587,-0.0606051801438623,-0.0117664909167709,-0.0297062073364364
CA->PR,CA,PR,small,2718,source_calibrated,0.01,0.037031678846599,0.337191837828013,0.0662937412508172,0.0486194404077205,0.033118752825095,0.0155006875826255,0.681183340395582,0.174613804067043,0.510105502941801,0.0362560118386977,0.299376299376299,0.0641605115202293,0.0424339471577262,0.0335056139725539,0.00892833318517227,0.789594563239997,0.185932238912007,0.538931947729755,0.00077566700790125,0.0378155384517134,0.00213322973058791,0.00618549324999431,-0.000386861147458908,0.00657235439745322,-0.108411222844415,-0.0113184348449639,-0.0288264447879546
CA->PR,CA,PR,small,2718,source_calibrated,0.02,0.0687477265963427,0.500942304196841,0.110881581880227,0.0930634300100293,0.0605368613557415,0.0325265686542878,0.650490330618778,0.174613804067043,0.510105502941801,0.0623998026883709,0.451143451143451,0.103626943005181,0.0736589271417134,0.0573872749955445,0.0162716521461689,0.779094635537337,0.185932238912007,0.538931947729755,0.00634792390797177,0.04979885305339,0.00725463887504543,0.0194045028683159,0.00314958636019702,0.0162549165081189,-0.128604304918559,-0.0113184348449639,-0.0288264447879546
CA->PR,CA,PR,small,2718,source_calibrated,0.05,0.152277743791541,0.674536740297137,0.20319181379594,0.191260208363182,0.139114243731572,0.0521459646316103,0.727355914343716,0.174613804067043,0.510105502941801,0.146873843877174,0.647609147609148,0.199977951714254,0.172137710168135,0.135626448048476,0.0365112621196583,0.787895040058357,0.185932238912007,0.538931947729755,0.00540389991436779,0.0269275926879892,0.0032138620816857,0.0191224981950479,0.00348779568309587,0.015634702511952,-0.0605391257146414,-0.0113184348449639,-0.0288264447879546
CA->PR,CA,PR,small,2718,source_calibrated,0.1,0.229260358453755,0.809042293673647,0.28578223406448,0.289718975786479,0.208844845437066,0.0808741303494134,0.72085318150159,0.174613804067043,0.510105502941801,0.231594524602294,0.766112266112266,0.288281336126116,0.271016813450761,0.214043842452326,0.0569729709984348,0.789780677172688,0.185932238912007,0.538931947729755,-0.0023341661485389,0.042930027561381,-0.00249910206163639,0.0187021623357183,-0.00519899701526028,0.0239011593509786,-0.0689274956710978,-0.0113184348449639,-0.0288264447879546
CA->PR,CA,PR,small,2718,target_oracle,0.01,0.00982937072186766,0.201978360486363,0.0285616226918712,0.0123912643019424,0.00896427697611507,0.00342698732582733,0.72343521675265,0.174613804067043,0.510105502941801,0.00998890122086571,0.181912681912682,0.0282218057546026,0.011609287429944,0.00926751024772768,0.00234177718221628,0.798284158580129,0.185932238912007,0.538931947729755,-0.000159530498998042,0.020065678573681,0.000339816937268572,0.000781976871998449,-0.000303233271612604,0.00108521014361105,-0.0748489418274793,-0.0113184348449639,-0.0288264447879546
CA->PR,CA,PR,small,2718,target_oracle,0.02,0.0199677176680665,0.258411380356067,0.043213152242542,0.0268211310559388,0.0176534743657619,0.0091676566901769,0.658192763345564,0.174613804067043,0.510105502941801,0.0199778024417314,0.244282744282744,0.0437658472053798,0.0244195356285028,0.0180003564427018,0.00641917918580097,0.737129350719167,0.185932238912007,0.538931947729755,-1.00847736648792e-05,0.0141286360733223,-0.000552694962837746,0.00240159542743596,-0.000346882076939982,0.00274847750437594,-0.0789365873736031,-0.0113184348449639,-0.0288264447879546
CA->PR,CA,PR,small,2718,target_oracle,0.05,0.0498691759531762,0.421281725038505,0.0860775029540878,0.0659189061956321,0.0444495436305253,0.0214693625651069,0.674306450088981,0.174613804067043,0.510105502941801,0.0499445061043285,0.388773388773389,0.0858780729798258,0.0596477181745396,0.045624665834967,0.0140230523395726,0.764902115810387,0.185932238912007,0.538931947729755,-7.53301511523738e-05,0.0325083362651165,0.000199429974262019,0.00627118802109251,-0.00117512220444176,0.00744631022553428,-0.0905956657214055,-0.0113184348449639,-0.0288264447879546
CA->PR,CA,PR,small,2718,target_oracle,0.1,0.0998520220892166,0.588877940515254,0.147526260371949,0.131072313076939,0.0893096331765334,0.0417626799004055,0.681376799416892,0.174613804067043,0.510105502941801,0.099889012208657,0.562370062370062,0.148936170212766,0.117293835068054,0.0921404384245233,0.0251533966435312,0.785552270254127,0.185932238912007,0.538931947729755,-3.69901194404165e-05,0.0265078781451915,-0.00140990984081668,0.0137784780088844,-0.0028308052479899,0.0166092832568743,-0.104175470837235,-0.0113184348449639,-0.0288264447879546
CA->PR,CA,PR,small,8675309,source_calibrated,0.01,0.0321252604080553,0.346767944437535,0.0627991975699538,0.0408702949423829,0.0291722592604368,0.0116980356819461,0.713776577868169,0.176652893830908,0.515101315644115,0.0279935873720557,0.302494802494802,0.0571050600815787,0.0312249799839872,0.0265549812867582,0.00466999869722904,0.850440298132332,0.188508229082619,0.545254065047826,0.00413167303599955,0.0442731419427328,0.00569413748837516,0.00964531495839568,0.00261727797367863,0.00702803698471706,-0.136663720264163,-0.0118553352517111,-0.0301527494037104
CA->PR,CA,PR,small,8675309,source_calibrated,0.02,0.0631913213848748,0.487453482698912,0.104551859979501,0.085113699162863,0.055788628292834,0.0293250708700291,0.655460035711569,0.176652893830908,0.515101315644115,0.0595634480207177,0.448024948024948,0.10076066585823,0.0748598879103283,0.0527535198716806,0.0221063680386476,0.704696752082664,0.188508229082619,0.545254065047826,0.00362787336415711,0.0394285346739643,0.00379119412127139,0.0102538112525348,0.00303510842115334,0.00721870283138144,-0.0492367163710949,-0.0118553352517111,-0.0301527494037104
CA->PR,CA,PR,small,8675309,source_calibrated,0.05,0.156809050626633,0.68409371382652,0.208213063643223,0.195963730888102,0.143587397208011,0.0523763336800907,0.732724349333815,0.176652893830908,0.515101315644115,0.151066715994574,0.650727650727651,0.204056884577224,0.178542834267414,0.138834432364997,0.0397084019024166,0.777597336429963,0.188508229082619,0.545254065047826,0.00574233463205878,0.0333660630988697,0.00415617906599855,0.0174208966206881,0.00475296484301399,0.0126679317776741,-0.0448729870961478,-0.0118553352517111,-0.0301527494037104
CA->PR,CA,PR,small,8675309,source_calibrated,0.1,0.229454631129923,0.80707158641934,0.28576544682502,0.293632437521747,0.207783231756625,0.0858492057651221,0.707630374594551,0.176652893830908,0.515101315644115,0.231594524602294,0.771309771309771,0.288832543269761,0.272217774219375,0.213509178399572,0.0587085958198032,0.784332246532546,0.188508229082619,0.545254065047826,-0.00213989347237079,0.0357618151095684,-0.00306709644474068,0.0214146633023716,-0.00572594664294721,0.0271406099453188,-0.0767018719379953,-0.0118553352517111,-0.0301527494037104
CA->PR,CA,PR,small,8675309,target_oracle,0.01,0.00992960715584802,0.194822588514412,0.0279544841980782,0.0137053032318808,0.00865463965265327,0.00505066357922752,0.631481077523419,0.176652893830908,0.515101315644115,0.00998890122086571,0.186070686070686,0.0286627714695182,0.0120096076861489,0.00908928889680984,0.00292031878933908,0.756834788807699,0.188508229082619,0.545254065047826,-5.92940650176853e-05,0.00875190244372592,-0.000708287271440011,0.00169569554573188,-0.000434649244156564,0.00213034478988844,-0.125353711284281,-0.0118553352517111,-0.0301527494037104
CA->PR,CA,PR,small,8675309,target_oracle,0.02,0.0199429169008961,0.271948034554343,0.044510432803012,0.0252614773727409,0.0181469588500291,0.00711451852271176,0.718364907256418,0.176652893830908,0.515101315644115,0.0199778024417314,0.253638253638254,0.04475802006394,0.0240192153722978,0.0181785777936197,0.00584063757867816,0.756834788807699,0.188508229082619,0.545254065047826,-3.48855408352777e-05,0.0183097809160891,-0.000247587260928023,0.00124226200044302,-3.16189435905778e-05,0.0012738809440336,-0.0384698815512807,-0.0118553352517111,-0.0301527494037104
CA->PR,CA,PR,small,8675309,target_oracle,0.05,0.0499694123871565,0.435727200543379,0.0875762303880743,0.0692265182061936,0.04346672159043,0.0257597966157636,0.627891200030642,0.176652893830908,0.515101315644115,0.0499445061043285,0.404365904365904,0.0875316944107596,0.0624499599679744,0.0443771163785422,0.0180728435894322,0.710602799446143,0.188508229082619,0.545254065047826,2.49062828279814e-05,0.0313612961774751,4.4535977314783e-05,0.00677655823821921,-0.000910394788112154,0.00768695302633136,-0.0827115994155007,-0.0118553352517111,-0.0301527494037104
CA->PR,CA,PR,small,8675309,target_oracle,0.1,0.0998861231440759,0.586878533640738,0.14736211847501,0.130179912806763,0.0896565928559482,0.0405233199508144,0.688712958265944,0.176652893830908,0.515101315644115,0.099889012208657,0.561330561330561,0.148825928784037,0.118094475580464,0.0917839957226876,0.0263104798577768,0.777208207848385,0.188508229082619,0.545254065047826,-2.88906458112415e-06,0.0255479723101768,-0.0014638103090272,0.0120854372262982,-0.00212740286673943,0.0142128400930376,-0.0884952495824406,-0.0118553352517111,-0.0301527494037104
MA->PR,MA,PR,large,42,source_calibrated,0.01,0.0158456234912867,0.206082406176158,0.0343914579064634,0.0260474445831713,0.0124006983427492,0.0136467462404221,0.476081187279346,0.155646090417204,0.470672667288159,0.0140584535701073,0.180873180873181,0.0317495314739279,0.0200160128102482,0.0114061664587418,0.00860984635150644,0.569852076278738,0.165286078864087,0.49791321508066,0.00178716992117938,0.0252092253029774,0.00264192643253547,0.0060314317729231,0.000994531884007407,0.00503689988891569,-0.0937708889993921,-0.00963998844688249,-0.0272405477925011
MA->PR,MA,PR,large,42,source_calibrated,0.02,0.0287430557851923,0.308099989476806,0.0559770499784097,0.0410872546410954,0.0245746979308209,0.0165125567102745,0.598110001397887,0.155646090417204,0.470672667288159,0.0249105931680848,0.280665280665281,0.0520339543600485,0.0340272217774219,0.0208518980573873,0.0131753237200347,0.612800486439452,0.165286078864087,0.49791321508066,0.00383246261710745,0.0274347088115253,0.00394309561836124,0.00706003286367351,0.00372279987343366,0.00333723299023984,-0.0146904850415648,-0.00963998844688249,-0.0272405477925011
MA->PR,MA,PR,large,42,source_calibrated,0.05,0.0870796269964618,0.525183916732835,0.129789609258349,0.123388664879137,0.074818882900417,0.04856978197872,0.606367553889204,0.155646090417204,0.470672667288159,0.0788013318534961,0.492723492723493,0.122698710175284,0.0976781425140112,0.0703974336125468,0.0272807089014644,0.720708152312057,0.165286078864087,0.49791321508066,0.00827829514296564,0.0324604240093425,0.00709089908306522,0.0257105223651259,0.00442144928787026,0.0212890730772556,-0.114340598422853,-0.00963998844688249,-0.0272405477925011
MA->PR,MA,PR,large,42,source_calibrated,0.1,0.158062522734037,0.670824922750189,0.208050786995112,0.218679001985386,0.137593703303858,0.081085298681528,0.629204002463177,0.155646090417204,0.470672667288159,0.156492785793563,0.648648648648649,0.208687024583839,0.198959167333867,0.137586882908572,0.0613722844252947,0.691533266610893,0.165286078864087,0.49791321508066,0.00156973694047385,0.0221762741015402,-0.000636237588726496,0.0197198346515188,6.82039528546174e-06,0.0197130142562334,-0.062329264147716,-0.00963998844688249,-0.0272405477925011
MA->PR,MA,PR,large,42,target_oracle,0.01,0.00992754042525049,0.151438329299442,0.0237231672298164,0.0157807478969237,0.00795104412746552,0.00782970376945815,0.503844569306852,0.155646090417204,0.470672667288159,0.00998890122086571,0.142411642411642,0.0240326314629038,0.0136108887109688,0.00837640349313848,0.0052344852178303,0.615419291937056,0.165286078864087,0.49791321508066,-6.13607956152177e-05,0.00902668688779984,-0.000309464233087385,0.0021698591859549,-0.000425359365672956,0.00259521855162786,-0.111574722630204,-0.00963998844688249,-0.0272405477925011
MA->PR,MA,PR,large,42,target_oracle,0.02,0.0199015822889455,0.248720475265711,0.0422087157482026,0.030755060687312,0.0162366071490282,0.0145184535382838,0.527932860029329,0.155646090417204,0.470672667288159,0.0199778024417314,0.230769230769231,0.0423327086319039,0.0268214571657326,0.0169310283371948,0.00989042882853779,0.631249384870337,0.165286078864087,0.49791321508066,-7.62201527859385e-05,0.0179512444964799,-0.000123992883701268,0.00393360352157936,-0.000694421188166629,0.00462802470974599,-0.103316524841009,-0.00963998844688249,-0.0272405477925011
MA->PR,MA,PR,large,42,target_oracle,0.05,0.0499797460401442,0.428112234648095,0.0868431875983336,0.0738850113596823,0.0419074764972831,0.0319775348623993,0.567198620208255,0.155646090417204,0.470672667288159,0.0499445061043285,0.410602910602911,0.0881931429831331,0.0640512409927942,0.0436642309748708,0.0203870100179234,0.68170780609517,0.165286078864087,0.49791321508066,3.52399358156535e-05,0.0175093240451842,-0.00134995538479947,0.00983377036688811,-0.00175675447758772,0.0115905248444758,-0.114509185886915,-0.00963998844688249,-0.0272405477925011
MA->PR,MA,PR,large,42,target_oracle,0.1,0.0999729258291723,0.550946609139872,0.143937521625229,0.143017377243793,0.0854377843237811,0.057579592920012,0.597394428357755,0.155646090417204,0.470672667288159,0.099889012208657,0.535343035343035,0.146069893065814,0.130104083266613,0.0864373551951524,0.0436667280714609,0.664370810084587,0.165286078864087,0.49791321508066,8.39136205152691e-05,0.0156035737968371,-0.00213237144058553,0.0129132939771798,-0.000999570871371258,0.0139128648485511,-0.066976381726832,-0.00963998844688249,-0.0272405477925011
MA->PR,MA,PR,large,314,source_calibrated,0.01,0.019341498297014,0.207727851068104,0.0377069376997565,0.0292936529054179,0.0159808798952762,0.0133127730101416,0.545540699443482,0.151679290311699,0.458902089438434,0.0177580466148724,0.166320166320166,0.0335133943335906,0.0244195356285028,0.0147923721261807,0.00962716350232208,0.605759763462286,0.163271944994211,0.491204654615572,0.00158345168214162,0.0414076847479379,0.00419354336616592,0.00487411727691505,0.00118850776909552,0.00368560950781953,-0.0602190640188041,-0.0115926546825126,-0.0323025651771385
MA->PR,MA,PR,large,314,source_calibrated,0.02,0.0349339472901028,0.312108369765907,0.0619551724748961,0.0510796815195366,0.0294818965838986,0.021597784935638,0.577174635919031,0.151679290311699,0.458902089438434,0.0336662967073622,0.277546777546778,0.0595303715136148,0.0436349079263411,0.0292283015505258,0.0144066063758153,0.669837589662508,0.163271944994211,0.491204654615572,0.00126765058274065,0.0345615922191292,0.00242480096128127,0.00744477359319554,0.000253595033372831,0.00719117855982271,-0.0926629537434769,-0.0115926546825126,-0.0323025651771385
MA->PR,MA,PR,large,314,source_calibrated,0.05,0.0781348169703383,0.505955171193235,0.119842237254055,0.116830750967108,0.0650680718303298,0.0517626791367783,0.556943024774776,0.151679290311699,0.458902089438434,0.081144407448514,0.477130977130977,0.1231396758902,0.106885508406725,0.0696845482088754,0.0372009601978499,0.651955061519741,0.163271944994211,0.491204654615572,-0.00300959047817571,0.0288241940622574,-0.00329743863614426,0.00994524256038271,-0.00461647637854562,0.0145617189389283,-0.0950120367449645,-0.0115926546825126,-0.0323025651771385
MA->PR,MA,PR,large,314,source_calibrated,0.1,0.14369151152409,0.630176693995083,0.191118058126749,0.202415211740385,0.123861840932119,0.0785533708082663,0.611919627320215,0.151679290311699,0.458902089438434,0.15143667529905,0.634095634095634,0.202623746003748,0.192153722978383,0.133309570486544,0.0588441524918384,0.693765223073724,0.163271944994211,0.491204654615572,-0.00774516377496062,-0.00391894010055127,-0.011505687876999,0.0102614887620025,-0.00944772955442537,0.0197092183164279,-0.0818455957535092,-0.0115926546825126,-0.0323025651771385
MA->PR,MA,PR,large,314,target_oracle,0.01,0.00999780926556662,0.101290526255369,0.0188977685095636,0.016640399533332,0.00775475618134242,0.00888564335198955,0.466019831183083,0.151679290311699,0.458902089438434,0.00998890122086571,0.0987525987525988,0.0194024914562893,0.0136108887109688,0.00837640349313848,0.0052344852178303,0.615419291937056,0.163271944994211,0.491204654615572,8.90804470090982e-06,0.00253792750277046,-0.000504722946725676,0.00302951082236319,-0.000621647311796062,0.00365115813415926,-0.149399460753973,-0.0115926546825126,-0.0323025651771385
MA->PR,MA,PR,large,314,target_oracle,0.02,0.0199811514169505,0.211583166716094,0.0386600798513024,0.0296702621937491,0.0167093569910993,0.0129609052026498,0.563168497871233,0.151679290311699,0.458902089438434,0.0199778024417314,0.192307692307692,0.038253775768934,0.0268214571657326,0.0169310283371948,0.00989042882853779,0.631249384870337,0.163271944994211,0.491204654615572,3.34897521908628e-06,0.0192754744084015,0.0004063040823684,0.00284880502801652,-0.000221671346095489,0.003070476374112,-0.0680808869991046,-0.0115926546825126,-0.0323025651771385
MA->PR,MA,PR,large,314,target_oracle,0.05,0.0499373780628947,0.389673876649032,0.0830576651001685,0.0772089976871277,0.0407283665110647,0.036480631176063,0.527508033145403,0.151679290311699,0.458902089438434,0.0499445061043285,0.361746361746362,0.083011795832874,0.0656525220176141,0.0429513455711994,0.0227011764464147,0.654222324614977,0.163271944994211,0.491204654615572,-7.1280414337821e-06,0.0279275149026706,4.58692672945377e-05,0.0115564756695136,-0.00222297906013473,0.0137794547296484,-0.126714291469574,-0.0115926546825126,-0.0323025651771385
MA->PR,MA,PR,large,314,target_oracle,0.1,0.0998861231440759,0.548287111000564,0.143599911587206,0.145903350594592,0.0843471421442661,0.0615562084503263,0.578102845483195,0.151679290311699,0.458902089438434,0.099889012208657,0.53014553014553,0.14551868592217,0.132906325060048,0.0851898057387275,0.0477165193213205,0.640976309443799,0.163271944994211,0.491204654615572,-2.88906458112415e-06,0.0181415808550343,-0.00191877433496404,0.0129970255345443,-0.00084266359446139,0.0138396891290057,-0.0628734639606039,-0.0115926546825126,-0.0323025651771385
MA->PR,MA,PR,large,1618,source_calibrated,0.01,0.0153020733441354,0.173804899981824,0.0307542226901924,0.0254784370714534,0.0118657445740897,0.0136126924973637,0.465717129383275,0.157005995191849,0.477001212001212,0.0164015291651252,0.162162162162162,0.0318597729026568,0.0228182546036829,0.0135448226697558,0.00927343193392711,0.593595912790352,0.168216172080733,0.508811514700068,-0.00109945582098972,0.0116427378196614,-0.00110555021246439,0.00266018246777048,-0.00167907809566612,0.0043392605634366,-0.127878783407077,-0.0112101768888838,-0.0318103026988563
MA->PR,MA,PR,large,1618,source_calibrated,0.02,0.0278564283588506,0.271574939491634,0.0516160982165423,0.0400597662566265,0.0237356360766186,0.0163241301800078,0.59250560586315,0.157005995191849,0.477001212001212,0.0292267850536441,0.251559251559252,0.0528056443611509,0.0356285028022418,0.0263767599358403,0.00925174286640148,0.740327486738529,0.168216172080733,0.508811514700068,-0.00137035669479353,0.0200156879323825,-0.00118954614460859,0.00443126345438469,-0.00264112385922166,0.00707238731360635,-0.147821880875379,-0.0112101768888838,-0.0318103026988563
MA->PR,MA,PR,large,1618,source_calibrated,0.05,0.0764566317251414,0.469095292305632,0.114734253336231,0.108127801543279,0.0657619911891594,0.04236581035412,0.608187628441122,0.157005995191849,0.477001212001212,0.0773214946355901,0.456340956340956,0.117517363025025,0.0964771817453963,0.0687934414542862,0.0276837402911101,0.713054011422436,0.168216172080733,0.508811514700068,-0.000864862910448724,0.0127543359646755,-0.00278310968879411,0.011650619797883,-0.00303145026512684,0.0146820700630099,-0.104866382981313,-0.0112101768888838,-0.0318103026988563
MA->PR,MA,PR,large,1618,source_calibrated,0.1,0.148092614331537,0.64562665620725,0.196596293937102,0.20582106965225,0.128599015519189,0.0772220541330619,0.62480977159659,0.157005995191849,0.477001212001212,0.146627204340856,0.621621621621622,0.197001433138573,0.185748598879103,0.129210479415434,0.0565381194636693,0.695620210301194,0.168216172080733,0.508811514700068,0.00146540999068082,0.024005034585628,-0.000405139201471533,0.0200724707731472,-0.000611463896245446,0.0206839346693926,-0.0708104387046037,-0.0112101768888838,-0.0318103026988563
MA->PR,MA,PR,large,1618,target_oracle,0.01,0.00995750801891472,0.132668777683175,0.0219204042367262,0.0146836686656979,0.00836159004294836,0.0063220786227495,0.56944829206625,0.157005995191849,0.477001212001212,0.00998890122086571,0.121621621621622,0.0218278028883254,0.0120096076861489,0.00908928889680984,0.00292031878933908,0.756834788807699,0.168216172080733,0.508811514700068,-3.13932019509865e-05,0.0110471560615537,9.26013484007539e-05,0.00267406097954893,-0.000727698853861482,0.00340175983341042,-0.187386496741449,-0.0112101768888838,-0.0318103026988563
MA->PR,MA,PR,large,1618,target_oracle,0.02,0.0199336166132072,0.214807090719499,0.038931473555901,0.032220562048427,0.0157845919491531,0.0164359700992739,0.489891887218762,0.157005995191849,0.477001212001212,0.0199778024417314,0.187110187110187,0.0377025686252894,0.0276220976781425,0.0165745856353591,0.0110475120427834,0.600048042277204,0.168216172080733,0.508811514700068,-4.4185828524175e-05,0.0276969036093123,0.00122890493061166,0.00459846437028453,-0.000789993686205987,0.00538845805649052,-0.110156155058442,-0.0112101768888838,-0.0318103026988563
MA->PR,MA,PR,large,1618,target_oracle,0.05,0.0499621788300651,0.372176674862003,0.0813742780321252,0.0713060564504575,0.0427548322083638,0.0285512242420937,0.599596083932496,0.157005995191849,0.477001212001212,0.0499445061043285,0.35031185031185,0.0817991401168559,0.0628502802241794,0.0441988950276243,0.018651385196555,0.703241017700672,0.168216172080733,0.508811514700068,1.76727257366199e-05,0.0218648245501524,-0.000424862084730734,0.00845577622627811,-0.0014440628192605,0.00989983904553861,-0.103644933768176,-0.0112101768888838,-0.0318103026988563
MA->PR,MA,PR,large,1618,target_oracle,0.1,0.0999863595780563,0.56235949144273,0.145062266669029,0.141122050064474,0.0860957636361374,0.0550262864283364,0.610080165337757,0.157005995191849,0.477001212001212,0.099889012208657,0.537422037422037,0.146290375923272,0.126501200960769,0.0880413473534129,0.0384598536073557,0.695972423065904,0.168216172080733,0.508811514700068,9.73473693992311e-05,0.0249374540206925,-0.00122810925424263,0.0146208491037053,-0.0019455837172755,0.0165664328209808,-0.0858922577281466,-0.0112101768888838,-0.0318103026988563
MA->PR,MA,PR,large,2718,source_calibrated,0.01,0.00965783208227241,0.145229644794367,0.0228744790126865,0.015625191886526,0.00764278911348346,0.00798240277304252,0.489132496355071,0.156875918881083,0.471676319014634,0.00912566284375385,0.137214137214137,0.0227097343181568,0.0120096076861489,0.00784173944038496,0.00416786824576396,0.652955504069388,0.167448536574867,0.500794806900493,0.000532169238518558,0.00801550758023001,0.000164744694529727,0.00361558420037707,-0.000198950326901497,0.00381453452727856,-0.163823007714316,-0.0105726176937836,-0.0291184878858591
MA->PR,MA,PR,large,2718,source_calibrated,0.02,0.0270721040970867,0.290803685031235,0.0527828113589923,0.041304214339808,0.0222662410996548,0.0190379732401532,0.539079158278412,0.156875918881083,0.471676319014634,0.024047354790973,0.241164241164241,0.0470730900672473,0.0304243394715773,0.021208340759223,0.00921599871235431,0.697084673901828,0.167448536574867,0.500794806900493,0.00302474930611375,0.0496394438669936,0.00570972129174505,0.0108798748682308,0.00105790034043188,0.00982197452779887,-0.158005515623416,-0.0105726176937836,-0.0291184878858591
MA->PR,MA,PR,large,2718,source_calibrated,0.05,0.074142926821203,0.489816418096067,0.114666171753977,0.0999774853142845,0.0654191784381838,0.0345583068761007,0.654339106775242,0.156875918881083,0.471676319014634,0.0680725120236774,0.443866943866944,0.107926358725609,0.0844675740592474,0.0607734806629834,0.023694093396264,0.719488884815794,0.167448536574867,0.500794806900493,0.00607041479752561,0.0459494742291233,0.00673981302836832,0.0155099112550371,0.00464569777520039,0.0108642134798368,-0.0651497780405523,-0.0105726176937836,-0.0291184878858591
MA->PR,MA,PR,large,2718,source_calibrated,0.1,0.152850228167058,0.65612115066344,0.201913185723759,0.214614077818941,0.13199396760143,0.0826201102175106,0.615029400414203,0.156875918881083,0.471676319014634,0.148477000863238,0.636174636174636,0.200198434571712,0.188550840672538,0.130636250222777,0.0579145904497613,0.692843637062625,0.167448536574867,0.500794806900493,0.00437322730381959,0.0199465144888034,0.00171475115204647,0.026063237146403,0.00135771737865373,0.0247055197677492,-0.0778142366484215,-0.0105726176937836,-0.0291184878858591
MA->PR,MA,PR,large,2718,target_oracle,0.01,0.00991824013756159,0.154662253302848,0.0240290680377489,0.0162146672943488,0.0077920785372954,0.00842258875705341,0.480557411129313,0.156875918881083,0.471676319014634,0.00998890122086571,0.146569646569647,0.0244735971778194,0.0124099279423539,0.008911067545892,0.00349886039646189,0.718059571923813,0.167448536574867,0.500794806900493,-7.06610833041167e-05,0.00809260673320139,-0.00044452914007052,0.00380473935199493,-0.0011189890085966,0.00492372836059153,-0.237502160794501,-0.0105726176937836,-0.0291184878858591
MA->PR,MA,PR,large,2718,target_oracle,0.02,0.0199160494031282,0.241115075910495,0.041480336080534,0.0291913134248931,0.0167840017030053,0.0124073117218878,0.574965622776419,0.156875918881083,0.471676319014634,0.0199778024417314,0.207900207900208,0.0399073971998677,0.0256204963971177,0.0174656923899483,0.00815480400716938,0.68170780609517,0.167448536574867,0.500794806900493,-6.17530386032086e-05,0.0332148680102875,0.00157293888066627,0.00357081702777536,-0.000681690686943036,0.0042525077147184,-0.106742183318751,-0.0105726176937836,-0.0291184878858591
MA->PR,MA,PR,large,2718,target_oracle,0.05,0.0499394447934923,0.379676842276454,0.0820849378359196,0.070536463556911,0.0429842955820007,0.0275521679749103,0.609391134945681,0.156875918881083,0.471676319014634,0.0499445061043285,0.358627858627859,0.0826810715466872,0.0644515612489992,0.043486009623953,0.0209655516250462,0.674708397767916,0.167448536574867,0.500794806900493,-5.06131083624628e-06,0.0210489836485953,-0.000596133710767596,0.00608490230791178,-0.000501714041952282,0.00658661634986406,-0.0653172628222347,-0.0105726176937836,-0.0291184878858591
MA->PR,MA,PR,large,2718,target_oracle,0.1,0.0998375549750339,0.560867111191895,0.144782479344701,0.138584030947459,0.0867537429484938,0.0518302879989651,0.626001007153447,0.156875918881083,0.471676319014634,0.099889012208657,0.536382536382536,0.146180134494543,0.126901521216974,0.0878631260024951,0.0390383952144785,0.692372519729441,0.167448536574867,0.500794806900493,-5.14572336231534e-05,0.0244845748093588,-0.00139765514984228,0.0116825097304853,-0.00110938305400134,0.0127918927844867,-0.0663715125759938,-0.0105726176937836,-0.0291184878858591
MA->PR,MA,PR,large,8675309,source_calibrated,0.01,0.0153568417049701,0.164142694511676,0.0298617011255844,0.0234930511492724,0.0126094270741899,0.0108836240750824,0.536730073674593,0.156056527984666,0.469611759802867,0.0107288198298187,0.122661122661123,0.0225994928894278,0.0136108887109688,0.00944573159864552,0.00416515711232326,0.693983456865191,0.167556546199798,0.502593888716018,0.00462802187515135,0.0414815718505533,0.00726220823615656,0.00988216243830359,0.00316369547554441,0.00671846696275918,-0.157253383190599,-0.0115000182151316,-0.0329821289131509
MA->PR,MA,PR,large,8675309,source_calibrated,0.02,0.0281354369895175,0.288775578536511,0.0535447655055804,0.0446896043555683,0.0225454676145624,0.0221441367410059,0.504490203922631,0.156056527984666,0.469611759802867,0.0276236280675792,0.249480249480249,0.0511520229302172,0.0400320256204964,0.0220994475138122,0.0179325781066842,0.552044198895028,0.167556546199798,0.502593888716018,0.000511808921938309,0.0392953290562612,0.00239274257536318,0.00465757873507189,0.000446020100750202,0.00421155863432169,-0.0475539949723964,-0.0115000182151316,-0.0329821289131509
MA->PR,MA,PR,large,8675309,source_calibrated,0.05,0.0812989815151615,0.487998775482871,0.120947397185153,0.116490983891766,0.0694154351441127,0.0470755487476531,0.595886761576398,0.156056527984666,0.469611759802867,0.0779380934763843,0.462577962577963,0.118730018741043,0.102882305844676,0.06683300659419,0.0360492992504858,0.649606422071154,0.167556546199798,0.502593888716018,0.00336088803877727,0.0254208129049086,0.0022173784441101,0.01360867804709,0.00258242854992269,0.0110262494971673,-0.0537196604947557,-0.0115000182151316,-0.0329821289131509
MA->PR,MA,PR,large,8675309,source_calibrated,0.1,0.149743932078966,0.648286154346557,0.19834589733857,0.213471969216284,0.128224409650179,0.0852475595661053,0.600661576884904,0.156056527984666,0.469611759802867,0.151806634603527,0.633056133056133,0.202844228861206,0.193755004003203,0.133131349135626,0.0606236548675761,0.68711179781156,0.167556546199798,0.502593888716018,-0.00206270252456131,0.0152300212904244,-0.00449833152263632,0.0197169652130817,-0.00490693948544749,0.0246239046985292,-0.0864502209266558,-0.0115000182151316,-0.0329821289131509
MA->PR,MA,PR,large,8675309,target_oracle,0.01,0.00989033927449489,0.123197903014417,0.0209364854795042,0.0157070634709458,0.0079261625568302,0.00778090091411562,0.504624086576822,0.156056527984666,0.469611759802867,0.00986558145270687,0.121621621621622,0.0217175614595965,0.0132105684547638,0.00837640349313848,0.00483416496162533,0.634068361389694,0.167556546199798,0.502593888716018,2.47578217880233e-05,0.00157628139279514,-0.000781075980092336,0.00249649501618201,-0.000450240936308278,0.00294673595249029,-0.129444274812873,-0.0115000182151316,-0.0329821289131509
MA->PR,MA,PR,large,8675309,target_oracle,0.02,0.0196442743295526,0.217610086959849,0.0389435976732886,0.0322123748899851,0.0154003099137854,0.0168120649761997,0.478086759091251,0.156056527984666,0.469611759802867,0.0199778024417314,0.188149688149688,0.0378128100540183,0.0292233787029624,0.0158617002316878,0.0133616784712746,0.542774344914466,0.167556546199798,0.502593888716018,-0.000333528112178818,0.0294603988101611,0.00113078761927031,0.00298899618702269,-0.000461390317902398,0.00345038650492509,-0.0646875858232148,-0.0115000182151316,-0.0329821289131509
MA->PR,MA,PR,large,8675309,target_oracle,0.05,0.0499776793095466,0.380509131262496,0.0822005832633088,0.0748470024766154,0.0415798691505846,0.0332671333260308,0.555531521300075,0.156056527984666,0.469611759802867,0.0499445061043285,0.357588357588358,0.0825708301179583,0.0672538030424339,0.0422384601675281,0.0250153428749059,0.628045675586221,0.167556546199798,0.502593888716018,3.31732052181177e-05,0.0229207736741387,-0.00037024685464955,0.00759319943418148,-0.000658591016943426,0.0082517904511249,-0.072514154286146,-0.0115000182151316,-0.0329821289131509
MA->PR,MA,PR,large,8675309,target_oracle,0.1,0.0999336579478192,0.545579780160909,0.143378879600986,0.142251877929468,0.0856437484362624,0.0566081294932052,0.602057067244672,0.156056527984666,0.469611759802867,0.099889012208657,0.517671517671518,0.144195788777423,0.128903122497998,0.0869720192479059,0.0419311032500925,0.674708397767916,0.167556546199798,0.502593888716018,4.46457391621302e-05,0.0279082624893916,-0.000816909176436592,0.0133487554314692,-0.00132827081164349,0.0146770262431127,-0.0726513305232437,-0.0115000182151316,-0.0329821289131509
MA->PR,MA,PR,reference,42,source_calibrated,0.01,0.0117782976753414,0.195712276740871,0.0297096833460326,0.021135149517981,0.00861869960618003,0.012516449911801,0.407789857310805,0.151270718521745,0.453738005309479,0.0109754593661364,0.183991683991684,0.0293242200418917,0.0160128102481986,0.00873284619497416,0.0072799640532244,0.545366244876136,0.160263849252188,0.477710403041609,0.000802838309205032,0.0117205927491871,0.000385463304140826,0.00512233926978249,-0.000114146588794129,0.00523648585857662,-0.137576387565331,-0.00899313073044261,-0.0239723977321296
MA->PR,MA,PR,reference,42,source_calibrated,0.02,0.0279060298931914,0.319589404100219,0.0563417061244513,0.0371615121681642,0.0247806620433022,0.012380850124862,0.666836751183971,0.151270718521745,0.453738005309479,0.024047354790973,0.277546777546778,0.0509315400727593,0.0296236989591673,0.0215647834610586,0.0080589154981087,0.727957149807087,0.160263849252188,0.477710403041609,0.00385867510221837,0.0420426265534415,0.00541016605169192,0.0075378132089969,0.00321587858224359,0.00432193462675331,-0.0611203986231169,-0.00899313073044261,-0.0239723977321296
MA->PR,MA,PR,reference,42,source_calibrated,0.05,0.0847400879600542,0.517473285436856,0.126926452306054,0.107399144441943,0.0770886350661504,0.0303105093757924,0.717776994097216,0.151270718521745,0.453738005309479,0.0794179306942903,0.476091476091476,0.121486054459266,0.0912730184147318,0.0741400819818214,0.0171329364329104,0.812289143818377,0.160263849252188,0.477710403041609,0.00532215726576395,0.0413818093453799,0.00544039784678797,0.016126126027211,0.00294855308432899,0.013177572942882,-0.094512149721161,-0.00899313073044261,-0.0239723977321296
MA->PR,MA,PR,reference,42,source_calibrated,0.1,0.147172919215634,0.648860146750725,0.196081485260337,0.189033301266963,0.133037611258634,0.0559956900083285,0.703778701249848,0.151270718521745,0.453738005309479,0.147860402022444,0.625779625779626,0.198544813140778,0.170536429143315,0.13776510425949,0.0327713248838244,0.807833874272786,0.160263849252188,0.477710403041609,-0.000687482806809775,0.0230805209710989,-0.00246332788044085,0.0184968721236481,-0.00472749300085604,0.0232243651245042,-0.104055173022938,-0.00899313073044261,-0.0239723977321296
MA->PR,MA,PR,reference,42,target_oracle,0.01,0.00997714195959128,0.176799227023562,0.0262403205243588,0.0179216898295024,0.00729444712458894,0.0106272427049135,0.407017819970354,0.151270718521745,0.453738005309479,0.00998890122086571,0.167359667359667,0.0266784257523978,0.0148118494795837,0.00784173944038496,0.00697011003919871,0.529423381677882,0.160263849252188,0.477710403041609,-1.17592612744223e-05,0.00943955966389501,-0.000438105228038999,0.00310984034991876,-0.000547292315796023,0.00365713266571478,-0.122405561707528,-0.00899313073044261,-0.0239723977321296
MA->PR,MA,PR,reference,42,target_oracle,0.02,0.0199914850699382,0.271268810209412,0.0444880498170657,0.0297889759911579,0.0166830931109842,0.0131058828801736,0.560042517605715,0.151270718521745,0.453738005309479,0.0199778024417314,0.245322245322245,0.0438760886341087,0.0268214571657326,0.0169310283371948,0.00989042882853779,0.631249384870337,0.160263849252188,0.477710403041609,1.36826282067515e-05,0.0259465648871662,0.000611961182957026,0.00296751882542528,-0.000247935226210552,0.00321545405163583,-0.0712068672646226,-0.00899313073044261,-0.0239723977321296
MA->PR,MA,PR,reference,42,target_oracle,0.05,0.0499590787341688,0.410940295223427,0.085150474286146,0.0661235851566817,0.0445006890812756,0.0216228960754061,0.672992684468484,0.151270718521745,0.453738005309479,0.0499445061043285,0.383575883575884,0.0853268658361812,0.0588470776621297,0.0459811085368027,0.012865969125327,0.781366048468933,0.160263849252188,0.477710403041609,1.45726298403162e-05,0.027364411647543,-0.000176391550035279,0.00727650749455205,-0.00148041945552706,0.0087569269500791,-0.108373364000449,-0.00899313073044261,-0.0239723977321296
MA->PR,MA,PR,reference,42,target_oracle,0.1,0.0997445520981449,0.550697879098067,0.143707163394865,0.125357676484434,0.0910955770243577,0.0342620994600765,0.7266852703326,0.151270718521745,0.453738005309479,0.099889012208657,0.525987525987526,0.145077720207254,0.11449159327462,0.0933879878809481,0.0211036053936716,0.815675502540589,0.160263849252188,0.477710403041609,-0.00014446011051214,0.0247103531105406,-0.0013705568123891,0.0108660832098145,-0.00229241085659046,0.0131584940664049,-0.0889902322079889,-0.00899313073044261,-0.0239723977321296
MA->PR,MA,PR,reference,314,source_calibrated,0.01,0.0202343259151483,0.223397843701868,0.0400403639846565,0.0290685060482633,0.0172512223071575,0.0118172837411058,0.593467799085194,0.153557468082456,0.460558020252838,0.0177580466148724,0.197505197505198,0.0368206371954581,0.022417934347478,0.0156834788807699,0.00673445546670806,0.699595182931487,0.163264197443646,0.486222220269657,0.00247627930027594,0.0258926461966708,0.00321972678919841,0.00665057170078532,0.00156774342638754,0.00508282827439778,-0.106127383846293,-0.00970672936118916,-0.0256642000168195
MA->PR,MA,PR,reference,314,source_calibrated,0.02,0.036239087662445,0.334838468970927,0.0653489927190012,0.0518329000961991,0.0309734085125382,0.0208594915836609,0.59756271509125,0.153557468082456,0.460558020252838,0.0344062153163152,0.293139293139293,0.0618454415169221,0.0404323458767014,0.0317234004633755,0.00870894541332585,0.784604498589228,0.163264197443646,0.486222220269657,0.00183287234612982,0.0416991758316341,0.00350355120207914,0.0114005542194978,-0.000749991950837272,0.012150546170335,-0.187041783497978,-0.00970672936118916,-0.0256642000168195
MA->PR,MA,PR,reference,314,source_calibrated,0.05,0.0915251645117556,0.500339612172466,0.13137973388495,0.113809689502016,0.0840001824648513,0.0298095070371648,0.738075842508676,0.153557468082456,0.460558020252838,0.0944629424096683,0.487525987525988,0.136148164480212,0.105284227381906,0.0896453395116735,0.015638887870232,0.851460296958785,0.163264197443646,0.486222220269657,-0.00293777789791271,0.0128136246464781,-0.00476843059526208,0.00852546212011056,-0.00564515704682217,0.0141706191669327,-0.113384454450109,-0.00970672936118916,-0.0256642000168195
MA->PR,MA,PR,reference,314,source_calibrated,0.1,0.151513053470454,0.648630549789058,0.199976124814991,0.188042655095483,0.13917782996764,0.0488648251278426,0.740139676803487,0.153557468082456,0.460558020252838,0.158589221852263,0.634095634095634,0.209017748870025,0.180544435548439,0.148814828016396,0.0317296075320424,0.824255965376847,0.163264197443646,0.486222220269657,-0.00707616838180891,0.0145349156934237,-0.00904162405503472,0.00749821954704399,-0.00963699804875623,0.0171352175958002,-0.0841162885733605,-0.00970672936118916,-0.0256642000168195
MA->PR,MA,PR,reference,314,target_oracle,0.01,0.00991410667636652,0.147783910992911,0.0233547805861171,0.0150848394293551,0.00816806671578473,0.00691677271357033,0.541475217819667,0.153557468082456,0.460558020252838,0.00998890122086571,0.14033264033264,0.0238121486054459,0.0120096076861489,0.00908928889680984,0.00292031878933908,0.756834788807699,0.163264197443646,0.486222220269657,-7.47945444991831e-05,0.00745127066027085,-0.000457368019328788,0.00307523174320614,-0.000921222181025107,0.00399645392423124,-0.215359570988032,-0.00970672936118916,-0.0256642000168195
MA->PR,MA,PR,reference,314,target_oracle,0.02,0.0199563506497801,0.222469889315131,0.0396990234489757,0.0288351720326668,0.0169581726974525,0.0118769993352142,0.58810721428126,0.153557468082456,0.460558020252838,0.0199778024417314,0.207900207900208,0.0399073971998677,0.0244195356285028,0.0180003564427018,0.00641917918580097,0.737129350719167,0.163264197443646,0.486222220269657,-2.14517919513123e-05,0.0145696814149235,-0.000208373750892055,0.00441563640416396,-0.00104218374524929,0.00545782014941325,-0.149022136437907,-0.00970672936118916,-0.0256642000168195
MA->PR,MA,PR,reference,314,target_oracle,0.05,0.0498051073046526,0.39005653825181,0.0829755941516988,0.0640072046994289,0.04500937896982,0.0189978257296089,0.703192385625639,0.153557468082456,0.460558020252838,0.0499445061043285,0.358627858627859,0.0826810715466872,0.056044835868695,0.0472286579932276,0.00881617787546737,0.842694197622018,0.163264197443646,0.486222220269657,-0.000139398799675901,0.0314286796239518,0.000294522605011574,0.00796236883073399,-0.00221927902340755,0.0101816478541415,-0.139501811996379,-0.00970672936118916,-0.0256642000168195
MA->PR,MA,PR,reference,314,target_oracle,0.1,0.0999749925597699,0.521472099185887,0.141065971053203,0.124461182635037,0.0917065578144028,0.0327546248206341,0.73682859083316,0.153557468082456,0.460558020252838,0.099889012208657,0.497920997920998,0.142101201631573,0.10968775020016,0.0955266440919622,0.0141611061081979,0.870896193217962,0.163264197443646,0.486222220269657,8.59803511128049e-05,0.0235511012648895,-0.00103523057836971,0.0147734324348768,-0.00382008627755939,0.0185935187124362,-0.134067602384802,-0.00970672936118916,-0.0256642000168195
MA->PR,MA,PR,reference,1618,source_calibrated,0.01,0.0111789458020568,0.19084290784552,0.02869405535872,0.0149129091020734,0.0099180705171358,0.0049948385849376,0.665066114817051,0.153823804460351,0.459956635976268,0.0101122209890245,0.178794178794179,0.0280013228971447,0.010808646917534,0.0098021743004812,0.00100647261705283,0.906882644540816,0.16371472914765,0.486076334296839,0.00106672481303227,0.0120487290513407,0.000692732461575245,0.00410426218453937,0.000115896216654601,0.00398836596788477,-0.241816529723764,-0.00989092468729871,-0.0261196983205709
MA->PR,MA,PR,reference,1618,source_calibrated,0.02,0.0236010300585298,0.269087639073576,0.0475330685301746,0.032245123523753,0.0206821144358726,0.0115630090878804,0.641402859587043,0.153823804460351,0.459956635976268,0.0192378838327784,0.242203742203742,0.0428839157755485,0.0232185748598879,0.0174656923899483,0.0057528824699396,0.752229303277429,0.16371472914765,0.486076334296839,0.00436314622575142,0.026883896869834,0.00464915275462614,0.00902654866386508,0.00321642204592427,0.00581012661794081,-0.110826443690387,-0.00989092468729871,-0.0261196983205709
MA->PR,MA,PR,reference,1618,source_calibrated,0.05,0.0709663618927946,0.451397193177144,0.10805386465568,0.0895511390384182,0.0646907013423607,0.0248604376960575,0.722388369785088,0.153823804460351,0.459956635976268,0.0633863608336416,0.403326403326403,0.0994377687134825,0.0720576461168935,0.0595259312065585,0.012531714910335,0.826087645299907,0.16371472914765,0.486076334296839,0.00758000105915292,0.0480707898507403,0.0086160959421972,0.0174934929215247,0.00516477013580219,0.0123287227857225,-0.103699275514819,-0.00989092468729871,-0.0261196983205709
MA->PR,MA,PR,reference,1618,source_calibrated,0.1,0.148169083363645,0.64509092996336,0.196613081176562,0.187383588840903,0.134927228317439,0.0524563605234639,0.720058939803946,0.153823804460351,0.459956635976268,0.145640646195585,0.606029106029106,0.194465880277808,0.16613290632506,0.136517554803065,0.0296153515219947,0.821736992525439,0.16371472914765,0.486076334296839,0.00252843716806023,0.0390618239342542,0.00214720089875325,0.021250682515843,-0.00159032648562632,0.0228410090014693,-0.101678052721494,-0.00989092468729871,-0.0261196983205709
MA->PR,MA,PR,reference,1618,target_oracle,0.01,0.00974670149796634,0.18365843625336,0.0267010369850864,0.0126491597928649,0.00876660672051223,0.00388255307235266,0.69305842159234,0.153823804460351,0.459956635976268,0.00998890122086571,0.178794178794179,0.0278910814684158,0.0104083266613291,0.0098021743004812,0.000606152360847866,0.941762746253924,0.16371472914765,0.486076334296839,-0.000242199722899369,0.00486425745918145,-0.00119004448332943,0.00224083313153583,-0.00103556757996897,0.0032764007115048,-0.248704324661585,-0.00989092468729871,-0.0261196983205709
MA->PR,MA,PR,reference,1618,target_oracle,0.02,0.0199077824807381,0.250442452478212,0.0423821838892863,0.0265796098819002,0.0176548566752416,0.00892475320665865,0.664225575683258,0.153823804460351,0.459956635976268,0.0199778024417314,0.242203742203742,0.043545364347922,0.0236188951160929,0.0183567991445375,0.00526209597155536,0.777208207848385,0.16371472914765,0.486076334296839,-7.00199609933415e-05,0.00823871027447001,-0.00116318045863566,0.00296071476580737,-0.000701942469295922,0.00366265723510329,-0.112982632165127,-0.00989092468729871,-0.0261196983205709
MA->PR,MA,PR,reference,1618,target_oracle,0.05,0.0499756125789491,0.391051458419034,0.0832264701191801,0.0623738665902532,0.0457890015163935,0.0165848650738597,0.734105548036502,0.153823804460351,0.459956635976268,0.0498211863361697,0.37006237006237,0.0837834858339764,0.0544435548438751,0.0477633220459811,0.00668023279789399,0.877299841697506,0.16371472914765,0.486076334296839,0.000154426242779421,0.0209890883566635,-0.000557015714796327,0.00793031174637809,-0.00197432052958761,0.0099046322759657,-0.143194293661004,-0.00989092468729871,-0.0261196983205709
MA->PR,MA,PR,reference,1618,target_oracle,0.1,0.0999512251578982,0.547206091972716,0.143553280366484,0.127036043965041,0.0908052920336122,0.0362307519314286,0.714799431715624,0.153823804460351,0.459956635976268,0.099889012208657,0.512474012474012,0.143644581633778,0.11529223378703,0.0930315451791125,0.0222606886079172,0.806919443949385,0.16371472914765,0.486076334296839,6.22129492411638e-05,0.0347320794987037,-9.13012672938696e-05,0.0117438101780112,-0.00222625314550022,0.0139700633235114,-0.092120012233761,-0.00989092468729871,-0.0261196983205709
MA->PR,MA,PR,reference,2718,source_calibrated,0.01,0.0098252372606726,0.185256048444959,0.0269276647177925,0.0135374664838201,0.00857170108386886,0.00496576539995127,0.633183549825493,0.149938819229813,0.448818548687302,0.00924898261191269,0.173596673596674,0.0266784257523978,0.0104083266613291,0.00873284619497416,0.00167548046635491,0.839024992117132,0.159303049012772,0.473521186514028,0.000576254648759907,0.0116593748482853,0.000249238965394766,0.00312913982249106,-0.000161145111105295,0.00329028493359636,-0.205841442291639,-0.00936422978295862,-0.0247026378267262
MA->PR,MA,PR,reference,2718,source_calibrated,0.02,0.0235793293872557,0.276817403449694,0.0482670439443298,0.0354626767914526,0.0195665906857223,0.0158960861057303,0.55175165712359,0.149938819229813,0.448818548687302,0.0186212849919842,0.244282744282744,0.0425531914893617,0.022417934347478,0.0169310283371948,0.00548690601028318,0.755244799755582,0.159303049012772,0.473521186514028,0.0049580443952715,0.0325346591669501,0.00571385245496808,0.0130447424439746,0.00263556234852746,0.0104091800954472,-0.203493142631992,-0.00936422978295862,-0.0247026378267262
MA->PR,MA,PR,reference,2718,source_calibrated,0.05,0.06569206540789,0.460533238943471,0.104184405960216,0.0865096096772213,0.0586624497012138,0.0278471599760075,0.678103275694933,0.149938819229813,0.448818548687302,0.0637563201381181,0.431392931392931,0.10274501157535,0.0764611689351481,0.0581001603992158,0.0183610085359323,0.759864925011734,0.159303049012772,0.473521186514028,0.0019357452697718,0.0291403075505399,0.00143939438486609,0.0100484407420732,0.000562289301997983,0.00948615144007518,-0.0817616493168009,-0.00936422978295862,-0.0247026378267262
MA->PR,MA,PR,reference,2718,source_calibrated,0.1,0.146930078370424,0.654877500454411,0.196448939279622,0.184952002783634,0.134090931082196,0.0508610717014376,0.725003941909527,0.149938819229813,0.448818548687302,0.146380564804538,0.626819126819127,0.19733215742476,0.16853482786229,0.136517554803065,0.0320172730592244,0.810025776479946,0.159303049012772,0.473521186514028,0.000549513565886089,0.0280583736352839,-0.000883218145137976,0.016417174921344,-0.00242662372086913,0.0188437986422132,-0.0850218345704198,-0.00936422978295862,-0.0247026378267262
MA->PR,MA,PR,reference,2718,target_oracle,0.01,0.00999057570847525,0.19013498388038,0.0275525230754596,0.0135374664838201,0.00879287060062729,0.00474459588319284,0.649521135371708,0.149938819229813,0.448818548687302,0.00998890122086571,0.182952182952183,0.0283320471833315,0.010808646917534,0.00962395294956336,0.00118469396797067,0.890393869185528,0.159303049012772,0.473521186514028,1.67448760954314e-06,0.00718280092819701,-0.00077952410787192,0.0027288195662861,-0.000831082348936066,0.00355990191522217,-0.24087273381382,-0.00936422978295862,-0.0247026378267262
MA->PR,MA,PR,reference,2718,target_oracle,0.02,0.0199584173803776,0.260123791028499,0.0433716983929949,0.0297766952534949,0.0166430061360718,0.0131336891174231,0.55892724140092,0.149938819229813,0.448818548687302,0.0199778024417314,0.248440748440748,0.0442068129202954,0.0240192153722978,0.0181785777936197,0.00584063757867816,0.756834788807699,0.159303049012772,0.473521186514028,-1.93850613537799e-05,0.0116830425877502,-0.000835114527300576,0.00575747988119706,-0.00153557165754789,0.00729305153874495,-0.197907547406779,-0.00936422978295862,-0.0247026378267262
MA->PR,MA,PR,reference,2718,target_oracle,0.05,0.0499239443140108,0.40265567152328,0.0843111123131604,0.0670937634320568,0.0441260832122661,0.0229676802197908,0.65767786684005,0.149938819229813,0.448818548687302,0.0499445061043285,0.374220374220374,0.084334692977621,0.0588470776621297,0.0459811085368027,0.012865969125327,0.781366048468933,0.159303049012772,0.473521186514028,-2.05617903177441e-05,0.0284352973029059,-2.35806644606346e-05,0.00824668576992712,-0.00185502532453664,0.0101017110944638,-0.123688181628883,-0.00936422978295862,-0.0247026378267262
MA->PR,MA,PR,reference,2718,target_oracle,0.1,0.0999770592903674,0.553213879136333,0.144162284109106,0.133033137523794,0.0888147663827864,0.0442183711410075,0.667613859493476,0.149938819229813,0.448818548687302,0.099889012208657,0.517671517671518,0.144195788777423,0.118094475580464,0.0917839957226876,0.0263104798577768,0.777208207848385,0.159303049012772,0.473521186514028,8.80470817103268e-05,0.0355423614648152,-3.35046683166973e-05,0.0149386619433295,-0.00296922933990121,0.0179078912832308,-0.109594348354909,-0.00936422978295862,-0.0247026378267262
MA->PR,MA,PR,reference,8675309,source_calibrated,0.01,0.0126173902979399,0.193138877462188,0.0302160984030672,0.021159710993307,0.00973284104685061,0.0114268699464564,0.459970414999014,0.153436619184564,0.45884428632041,0.0106055000616599,0.164241164241164,0.0268989086098556,0.0160128102481986,0.00819818214222064,0.00781462810597792,0.511976474781679,0.163279338639214,0.485069379015126,0.00201189023628,0.028897713221024,0.00331718979321163,0.00514690074510844,0.00153465890462998,0.00361224184047846,-0.052006059782665,-0.00984271945464976,-0.0262250926947165
MA->PR,MA,PR,reference,8675309,source_calibrated,0.02,0.0298084554082206,0.29752896270006,0.055908035771742,0.0435147471191436,0.0251801494829471,0.0183345976361965,0.578657837859054,0.153436619184564,0.45884428632041,0.024787273399926,0.257796257796258,0.0494984014992834,0.0324259407526021,0.0213865621101408,0.0110393786424613,0.659551014211503,0.163279338639214,0.485069379015126,0.00502118200829462,0.0397327049038025,0.00640963427245861,0.0110888063665415,0.00379358737280635,0.0072952189937352,-0.0808931763524487,-0.00984271945464976,-0.0262250926947165
MA->PR,MA,PR,reference,8675309,source_calibrated,0.05,0.0837284233325618,0.485769771646689,0.122922695694912,0.108009087745871,0.0755293899730035,0.0324796977728671,0.699287361362712,0.153436619184564,0.45884428632041,0.0762116167221606,0.457380457380457,0.116635431595193,0.0916733386709367,0.0693281055070397,0.022345233163897,0.756251561382469,0.163279338639214,0.485069379015126,0.00751680661040119,0.0283893142662311,0.00628726409971897,0.0163357490749339,0.00620128446596376,0.0101344646089701,-0.0569642000197564,-0.00984271945464976,-0.0262250926947165
MA->PR,MA,PR,reference,8675309,source_calibrated,0.1,0.148460492377898,0.648515751308224,0.197209960801796,0.189884765744929,0.134472448498605,0.0554123172463245,0.708179236870642,0.153436619184564,0.45884428632041,0.150326797385621,0.624740124740125,0.200639400286628,0.176941553242594,0.138477989663162,0.0384635635794324,0.782619950630267,0.163279338639214,0.485069379015126,-0.00186630500772336,0.0237756265680996,-0.00342943948483185,0.012943212502335,-0.00400554116455709,0.0169487536668921,-0.0744407137596241,-0.00984271945464976,-0.0262250926947165
MA->PR,MA,PR,reference,8675309,target_oracle,0.01,0.00995440792301842,0.165778572863552,0.0251454194618198,0.0172994657879117,0.00747414735695516,0.0098253184309565,0.432044980381872,0.153436619184564,0.45884428632041,0.00998890122086571,0.161122661122661,0.0260169771800243,0.0144115292233787,0.0080199607913028,0.0063915684320759,0.556496168240955,0.163279338639214,0.485069379015126,-3.44932978472868e-05,0.00465591174089131,-0.000871557718204498,0.00288793656453296,-0.000545813434347639,0.00343374999888059,-0.124451187859083,-0.00984271945464976,-0.0262250926947165
MA->PR,MA,PR,reference,8675309,target_oracle,0.02,0.0199294831520122,0.24785948665946,0.0421499604100936,0.0313650039912397,0.0160679653924999,0.0152970385987399,0.512289601397394,0.153436619184564,0.45884428632041,0.0199778024417314,0.230769230769231,0.0423327086319039,0.0292233787029624,0.0158617002316878,0.0133616784712746,0.542774344914466,0.163279338639214,0.485069379015126,-4.83192897192432e-05,0.0170902558902291,-0.000182748221810261,0.00214162528827737,0.000206265160812111,0.00193536012746526,-0.0304847435170723,-0.00984271945464976,-0.0262250926947165
MA->PR,MA,PR,reference,8675309,target_oracle,0.05,0.049577766938924,0.394103184701189,0.0831649169078278,0.0691364594633318,0.0429732371061627,0.026163222357169,0.62157127280946,0.153436619184564,0.45884428632041,0.0499445061043285,0.369022869022869,0.0837834858339764,0.0580464371497198,0.0463375512386384,0.0117088859110814,0.798284158580129,0.163279338639214,0.485069379015126,-0.000366739165404549,0.0250803156783201,-0.000618568926148616,0.011090022313612,-0.00336431413247564,0.0144543364460876,-0.176712885770669,-0.00984271945464976,-0.0262250926947165
MA->PR,MA,PR,reference,8675309,target_oracle,0.1,0.0999915264045501,0.535047019544441,0.142404287087908,0.126843645741654,0.0909241706488699,0.0359194750927843,0.716820855449531,0.153436619184564,0.45884428632041,0.099889012208657,0.51039501039501,0.14342409877632,0.11609287429944,0.0926751024772768,0.0234177718221628,0.798284158580129,0.163279338639214,0.485069379015126,0.000102514195893064,0.024652009149431,-0.00101981168841189,0.0107507714422147,-0.0017509318284069,0.0125017032706216,-0.0814633031305975,-0.00984271945464976,-0.0262250926947165
MA->PR,MA,PR,small,42,source_calibrated,0.01,0.0067830098211038,0.17229338665085,0.0229183123601646,0.0121415559694619,0.00497354950810517,0.00716800646135673,0.409630324203463,0.15131459795836,0.450518100227168,0.0065359477124183,0.159043659043659,0.0227097343181568,0.00960768614891913,0.00516841917661736,0.00443926697230178,0.537946295966257,0.160755119764989,0.475013077896555,0.000247062108685498,0.0132497276071909,0.000208578042007863,0.00253386982054277,-0.000194869668512187,0.00272873948905495,-0.128315971762794,-0.00944052180662897,-0.0244949776693869
MA->PR,MA,PR,small,42,source_calibrated,0.02,0.0231835504778281,0.288373783853594,0.0490364590862333,0.0325480483861064,0.0200213705045568,0.0125266778815496,0.615132749805767,0.15131459795836,0.450518100227168,0.0191145640646196,0.250519750519751,0.0436556057766509,0.0264211369095276,0.0158617002316878,0.0105594366778399,0.600341320890243,0.160755119764989,0.475013077896555,0.00406898641320856,0.0378540333338432,0.00538085330958239,0.00612691147657877,0.00415967027286903,0.00196724120370975,0.0147914289155244,-0.00944052180662897,-0.0244949776693869
MA->PR,MA,PR,small,42,source_calibrated,0.05,0.0836395539168678,0.503075642632329,0.124529607560973,0.10486931248337,0.0764707427287066,0.0283985697546633,0.729200382054886,0.15131459795836,0.450518100227168,0.0701689480823776,0.452182952182952,0.110682394443832,0.0804643714971978,0.0655854571377651,0.0148789143594327,0.815086925025558,0.160755119764989,0.475013077896555,0.0134706058344902,0.050892690449377,0.0138472131171407,0.0244049409861721,0.0108852855909415,0.0135196553952306,-0.0858865429706719,-0.00944052180662897,-0.0244949776693869
MA->PR,MA,PR,small,42,source_calibrated,0.1,0.1560825948216,0.658761515722609,0.205087839230473,0.194109339500993,0.143241819838076,0.0508675196629164,0.737943986653686,0.15131459795836,0.450518100227168,0.152299913676162,0.632016632016632,0.203174953147393,0.170536429143315,0.144181072892533,0.0263553562507821,0.845456150435554,0.160755119764989,0.475013077896555,0.00378268114543751,0.0267448837059766,0.00191288608308016,0.023572910357678,-0.000939253054456246,0.0245121634121343,-0.107512163781869,-0.00944052180662897,-0.0244949776693869
MA->PR,MA,PR,small,42,target_oracle,0.01,0.00994924109652459,0.207259090604701,0.0291846158007094,0.0146386392942669,0.00836573697138758,0.00627290232287937,0.571483237151961,0.15131459795836,0.450518100227168,0.00998890122086571,0.197505197505198,0.0298754271855363,0.0128102481985588,0.00873284619497416,0.00407740200358469,0.68170780609517,0.160755119764989,0.475013077896555,-3.96601243411194e-05,0.00975389309950347,-0.000690811384826972,0.0018283910957081,-0.000367109223586581,0.00219550031929468,-0.110224568943209,-0.00944052180662897,-0.0244949776693869
MA->PR,MA,PR,small,42,target_oracle,0.02,0.0199646175721702,0.264275669418641,0.0437820531353434,0.0304930716171685,0.0164093958339957,0.0140836757831728,0.538135221010557,0.15131459795836,0.450518100227168,0.0199778024417314,0.252598752598753,0.0446477786352111,0.0264211369095276,0.0171092496881126,0.00931188722141498,0.647559177589475,0.160755119764989,0.475013077896555,-1.31848695611794e-05,0.0116769168198887,-0.000865725499867721,0.00407193470764085,-0.000699853854116948,0.0047717885617578,-0.109423956578919,-0.00944052180662897,-0.0244949776693869
MA->PR,MA,PR,small,42,target_oracle,0.05,0.0498495420124996,0.411322956826205,0.0850889210747937,0.0642364451358045,0.0449914089465834,0.0192450361892211,0.700403156673217,0.15131459795836,0.450518100227168,0.0499445061043285,0.377338877338877,0.0846654172638077,0.0576461168935148,0.0465157725895562,0.0111303443039586,0.806919443949385,0.160755119764989,0.475013077896555,-9.49640918289363e-05,0.0339840794873273,0.000423503810985951,0.00659032824228968,-0.00152436364297281,0.0081146918852625,-0.106516287276168,-0.00944052180662897,-0.0244949776693869
MA->PR,MA,PR,small,42,target_oracle,0.1,0.0999222909295328,0.556198639638002,0.144403833832443,0.125312647113003,0.0913485396591501,0.0339641074538531,0.728965046734467,0.15131459795836,0.450518100227168,0.099889012208657,0.523908523908524,0.144857237349796,0.110888710968775,0.0949919800392087,0.0158967309295663,0.856642477032286,0.160755119764989,0.475013077896555,3.3278720875704e-05,0.0322901157294782,-0.000453403517353207,0.0144239361442282,-0.00364344038005857,0.0180673765242868,-0.12767743029782,-0.00944052180662897,-0.0244949776693869
MA->PR,MA,PR,small,314,source_calibrated,0.01,0.016534878145564,0.212243257980886,0.0356141285137791,0.024700657019465,0.0137774785845704,0.0109231784348946,0.557777818367878,0.153088906364083,0.45684846722543,0.0134418547293131,0.191268191268191,0.0323007386175725,0.0164131305044035,0.0121190518624131,0.00429407864199041,0.738375403714828,0.162891505458685,0.482324038999925,0.00309302341625086,0.0209750667126948,0.00331338989620658,0.00828752651506144,0.00165842672215727,0.00662909979290418,-0.18059758534695,-0.00980259909460168,-0.0254755717744949
MA->PR,MA,PR,small,314,source_calibrated,0.02,0.0300140951026752,0.302034803072773,0.0565328941294091,0.0419919356489346,0.0259694481958788,0.0160224874530559,0.618438940585908,0.153088906364083,0.45684846722543,0.0298433838944383,0.273388773388773,0.0556719215081027,0.0356285028022418,0.0272678666904295,0.00836063611181228,0.765338550479696,0.162891505458685,0.482324038999925,0.000170711208236897,0.0286460296839993,0.000860972621306355,0.00636343284669285,-0.00129841849455073,0.00766185134124358,-0.146899609893787,-0.00980259909460168,-0.0254755717744949
MA->PR,MA,PR,small,314,source_calibrated,0.05,0.0847845226679012,0.498435870698644,0.125110632571162,0.105303231880795,0.0778558168274062,0.0274474150533888,0.739348787656777,0.153088906364083,0.45684846722543,0.0862005179430263,0.477130977130977,0.127659574468085,0.0936749399519616,0.0828729281767956,0.010802011775166,0.884686216177929,0.162891505458685,0.482324038999925,-0.00141599527512508,0.0213048935676673,-0.00254894189692353,0.0116282919288334,-0.00501711134938936,0.0166454032782228,-0.145337428521152,-0.00980259909460168,-0.0254755717744949
MA->PR,MA,PR,small,314,source_calibrated,0.1,0.146944545484607,0.648649682869197,0.195854857527631,0.179167775344372,0.136063486709786,0.0431042886345868,0.759419412605099,0.153088906364083,0.45684846722543,0.155259588111974,0.635135135135135,0.206151471723074,0.17173738991193,0.147923721261807,0.0238136686501224,0.861336726601385,0.162891505458685,0.482324038999925,-0.00831504262736735,0.0135145477340616,-0.0102966141954422,0.00743038543244282,-0.0118602345520216,0.0192906199844645,-0.101917313996287,-0.00980259909460168,-0.0254755717744949
MA->PR,MA,PR,small,314,target_oracle,0.01,0.00985417148903806,0.156451196295836,0.0241456460895525,0.0175737355957181,0.00724744860227777,0.0103262869934403,0.4124022785482,0.153088906364083,0.45684846722543,0.00998890122086571,0.147609147609148,0.0245838386065483,0.0148118494795837,0.00784173944038496,0.00697011003919871,0.529423381677882,0.162891505458685,0.482324038999925,-0.000134729731827645,0.00884204868668806,-0.000438192516995877,0.00276188611613445,-0.000594290838107189,0.00335617695424164,-0.117021103129681,-0.00980259909460168,-0.0254755717744949
MA->PR,MA,PR,small,314,target_oracle,0.02,0.0199511838232863,0.239651395279869,0.041369353775217,0.0283603168430317,0.0171116090497037,0.011248707793328,0.603364523196719,0.153088906364083,0.45684846722543,0.0199778024417314,0.22037422037422,0.0412302943446147,0.0248198558847078,0.017822135091784,0.00699772079292377,0.718059571923813,0.162891505458685,0.482324038999925,-2.66186184451449e-05,0.0192771749056487,0.000139059430602294,0.00354046095832394,-0.000710526042080294,0.00425098700040423,-0.114695048727094,-0.00980259909460168,-0.0254755717744949
MA->PR,MA,PR,small,314,target_oracle,0.05,0.0499508118117787,0.404444614516268,0.0845097613134336,0.0638270872137053,0.045265106223572,0.0185619809901333,0.709183329516757,0.153088906364083,0.45684846722543,0.0499445061043285,0.369022869022869,0.0837834858339764,0.0564451561248999,0.0470504366423097,0.00939471948259017,0.83356021796092,0.162891505458685,0.482324038999925,6.30570745018683e-06,0.0354217454933989,0.000726275479457208,0.00738193108880539,-0.00178533041873778,0.00916726150754316,-0.124376888444163,-0.00980259909460168,-0.0254755717744949
MA->PR,MA,PR,small,314,target_oracle,0.1,0.099841688436229,0.536759430216873,0.142435996317999,0.12401907607917,0.0916775293153283,0.0323415467638415,0.7392211925269,0.153088906364083,0.45684846722543,0.099889012208657,0.51039501039501,0.14342409877632,0.107686148919135,0.0964177508465514,0.0112683980725839,0.895358890760912,0.162891505458685,0.482324038999925,-4.73237724280817e-05,0.0263644198218631,-0.000988102458321344,0.0163329271600345,-0.00474022153122314,0.0210731486912576,-0.156137698234012,-0.00980259909460168,-0.0254755717744949
MA->PR,MA,PR,small,1618,source_calibrated,0.01,0.00948732680797593,0.210224718026231,0.0290568462559327,0.0136357123851239,0.00808651045648006,0.00554920192864387,0.593039089420964,0.156121491640191,0.463445524527008,0.008262424466642,0.192307692307692,0.0277808400396869,0.011208967173739,0.00695063268579576,0.00425833448794323,0.620095730325636,0.166135821381637,0.489228249855363,0.00122490234133392,0.0179170257185391,0.00127600621624574,0.00242674521138494,0.0011358777706843,0.00129086744070064,-0.0270566409046719,-0.0100143297414453,-0.0257827253283546
MA->PR,MA,PR,small,1618,source_calibrated,0.02,0.0161607999074105,0.258210483014608,0.0397577787870846,0.0206807622244509,0.0146345104620093,0.00604625176244165,0.707638833771168,0.156121491640191,0.463445524527008,0.0155382907880133,0.238045738045738,0.0391357071987653,0.0172137710168134,0.0147923721261807,0.00242139889063273,0.859333617934871,0.166135821381637,0.489228249855363,0.00062250911939715,0.02016474496887,0.000622071588319346,0.0034669912076375,-0.00015786166417142,0.00362485287180892,-0.151694784163702,-0.0100143297414453,-0.0257827253283546
MA->PR,MA,PR,small,1618,source_calibrated,0.05,0.0655432608048676,0.445178942131999,0.102553245859381,0.0787236219988947,0.061092549766597,0.0176310722322977,0.776038350565917,0.156121491640191,0.463445524527008,0.0616598840794179,0.405405405405405,0.0981148715687355,0.0648518815052042,0.0602388166102299,0.00461306489497425,0.928867678347866,0.166135821381637,0.489228249855363,0.00388337672544964,0.0397735367265937,0.00443837429064523,0.0138717404936906,0.000853733156367137,0.0130180073373234,-0.152829327781949,-0.0100143297414453,-0.0257827253283546
MA->PR,MA,PR,small,1618,source_calibrated,0.1,0.15609086174399,0.671255417053314,0.206313307711032,0.190973657817713,0.144311727375395,0.0466619304423178,0.755663000983847,0.156121491640191,0.463445524527008,0.152793192748798,0.62993762993763,0.203395436004851,0.172538030424339,0.144002851541615,0.0285351788827248,0.834615134921006,0.166135821381637,0.489228249855363,0.00329766899519232,0.0413177871156845,0.0029178717061813,0.0184356273933735,0.000308875833780475,0.018126751559593,-0.0789521339371593,-0.0100143297414453,-0.0257827253283546
MA->PR,MA,PR,small,1618,target_oracle,0.01,0.00994820773122582,0.217036094555682,0.0301368253278408,0.0138035491331846,0.00864634579577483,0.00515720333740977,0.626385700688272,0.156121491640191,0.463445524527008,0.00998890122086571,0.208939708939709,0.0310880829015544,0.0124099279423539,0.008911067545892,0.00349886039646189,0.718059571923813,0.166135821381637,0.489228249855363,-4.06934896398856e-05,0.00809638561597309,-0.000951257573713605,0.00139362119083072,-0.000264721750117165,0.00165834294094788,-0.0916738712355407,-0.0100143297414453,-0.0257827253283546
MA->PR,MA,PR,small,1618,target_oracle,0.02,0.0199770179557554,0.273775243707608,0.044719340671844,0.0275252266819494,0.0174281579205642,0.0100970687613852,0.63317036847487,0.156121491640191,0.463445524527008,0.0198544826735726,0.261954261954262,0.0455297100650424,0.0216172938350681,0.0190696845482089,0.00254760928685918,0.882149481507885,0.166135821381637,0.489228249855363,0.00012253528218286,0.0118209817533463,-0.000810369393198472,0.00590793284688131,-0.00164152662764467,0.00754945947452598,-0.248979113033014,-0.0100143297414453,-0.0257827253283546
MA->PR,MA,PR,small,1618,target_oracle,0.05,0.0499084438345293,0.40545866776363,0.0845703819003715,0.0577153734367644,0.0472722195881547,0.0104431538486097,0.819057675160818,0.156121491640191,0.463445524527008,0.0499445061043285,0.385654885654886,0.0855473486936391,0.0512409927942354,0.0493673142042417,0.00187367858999372,0.963433991267154,0.166135821381637,0.489228249855363,-3.60622697992419e-05,0.0198037821087443,-0.000976966793267614,0.00647438064252905,-0.00209509461608695,0.008569475258616,-0.144376316106336,-0.0100143297414453,-0.0257827253283546
MA->PR,MA,PR,small,1618,target_oracle,0.1,0.0999295244866241,0.550688312557997,0.143873170540633,0.121849479092044,0.0925276496453685,0.0293218294466756,0.759360239656616,0.156121491640191,0.463445524527008,0.099889012208657,0.51975051975052,0.14441627163488,0.111689351481185,0.094635537337373,0.0170538141438119,0.8473102948701,0.166135821381637,0.489228249855363,4.05122779670725e-05,0.0309377928074773,-0.00054310109424735,0.0101601276108592,-0.00210788769200453,0.0122680153028637,-0.0879500552134833,-0.0100143297414453,-0.0257827253283546
MA->PR,MA,PR,small,2718,source_calibrated,0.01,0.00854489765550081,0.184069797476347,0.0256564976409265,0.010094766358966,0.00802154191093227,0.00207322444803369,0.794623830377976,0.153369080140435,0.456054270346633,0.00801578493032433,0.174636174636175,0.0256862528938375,0.00840672538030424,0.00784173944038496,0.000564985939919285,0.932793577241982,0.163013423450395,0.480972642845677,0.00052911272517648,0.00943362284017207,-2.97552529109589e-05,0.00168804097866172,0.000179802470547313,0.00150823850811441,-0.138169746864006,-0.00964434330995942,-0.0249183724990438
MA->PR,MA,PR,small,2718,source_calibrated,0.02,0.0214319962964188,0.295826118567698,0.0481821751226168,0.0268497861104857,0.0196025307321955,0.0072472553782902,0.730081448378469,0.153369080140435,0.456054270346633,0.0198544826735726,0.264033264033264,0.0457501929225003,0.0200160128102482,0.0197825699518802,0.000233442858367964,0.988337194795937,0.163013423450395,0.480972642845677,0.0015775136228462,0.0317928545344336,0.00243198220011652,0.00683377330023751,-0.000180039219684725,0.00701381251992223,-0.258255746417467,-0.00964434330995942,-0.0249183724990438
MA->PR,MA,PR,small,2718,source_calibrated,0.05,0.0635157980886875,0.458199003166525,0.101992738586309,0.0843441062693166,0.0564825476516635,0.027861558617653,0.669667984521774,0.153369080140435,0.456054270346633,0.0588235294117647,0.415800415800416,0.0966817329952596,0.0640512409927942,0.0564961682409553,0.00755507275183896,0.882046426661914,0.163013423450395,0.480972642845677,0.00469226867692284,0.042398587366109,0.00531100559104965,0.0202928652765223,-1.36205892917254e-05,0.0203064858658141,-0.21237844214014,-0.00964434330995942,-0.0249183724990438
MA->PR,MA,PR,small,2718,source_calibrated,0.1,0.147501529380642,0.66520936372942,0.197971914948384,0.18353153079395,0.135335009613962,0.0481965211799872,0.737393782030308,0.153369080140435,0.456054270346633,0.142927611296091,0.627858627858628,0.194355638849079,0.16373098478783,0.13366601318838,0.0300649715994503,0.816375796930497,0.163013423450395,0.480972642845677,0.0045739180845514,0.0373507358707921,0.00361627609930443,0.0198005460061194,0.00166899642558246,0.0181315495805369,-0.0789820149001891,-0.00964434330995942,-0.0249183724990438
MA->PR,MA,PR,small,2718,target_oracle,0.01,0.00994407427003075,0.203231577235461,0.0287873178001628,0.0122602697668707,0.00916194723171792,0.00309832253515274,0.747287572454161,0.153369080140435,0.456054270346633,0.00998890122086571,0.192307692307692,0.0293242200418917,0.0100080064051241,0.00998039565139904,2.76107537250606e-05,0.997241133487792,0.163013423450395,0.480972642845677,-4.4826950834952e-05,0.0109238849277689,-0.000536902241728907,0.00225226336174656,-0.000818448419681117,0.00307071178142768,-0.249953561033631,-0.00964434330995942,-0.0249183724990438
MA->PR,MA,PR,small,2718,target_oracle,0.02,0.0199997519923283,0.291903837139222,0.0465071816743033,0.0258100169883538,0.0180377564011296,0.00777226058722414,0.698866506336233,0.153369080140435,0.456054270346633,0.0199778024417314,0.267151767151767,0.0461911586374159,0.0204163330664532,0.0197825699518802,0.00063376311457293,0.968958034113663,0.163013423450395,0.480972642845677,2.19495505968843e-05,0.0247520699874547,0.000316023036887367,0.0053936839219006,-0.00174481355075061,0.00713849747265121,-0.27009152777743,-0.00964434330995942,-0.0249183724990438
MA->PR,MA,PR,small,2718,target_oracle,0.05,0.0498857097979564,0.414604280070027,0.0854414531034476,0.0600077778005199,0.0464677154709459,0.013540062329574,0.774361544022104,0.153369080140435,0.456054270346633,0.0499445061043285,0.391891891891892,0.0862087972660126,0.0532425940752602,0.0484762074496525,0.00476638662560774,0.910477941422796,0.163013423450395,0.480972642845677,-5.87963063721081e-05,0.0227123881781352,-0.000767344162564937,0.00676518372525968,-0.00200849197870654,0.00877367570396622,-0.136116397400692,-0.00964434330995942,-0.0249183724990438
MA->PR,MA,PR,small,2718,target_oracle,0.1,0.0997280182533646,0.55640910351953,0.144249018179648,0.123679309003827,0.0916402069593753,0.0320391020444522,0.740950185584715,0.153369080140435,0.456054270346633,0.099889012208657,0.53014553014553,0.14551868592217,0.110888710968775,0.0949919800392087,0.0158967309295663,0.856642477032286,0.163013423450395,0.480972642845677,-0.000160993955292413,0.026263573374,-0.00126966774252182,0.0127905980350525,-0.00335177307983339,0.0161423711148859,-0.115692291447571,-0.00964434330995942,-0.0249183724990438
MA->PR,MA,PR,small,8675309,source_calibrated,0.01,0.0104969247048709,0.203308109556017,0.0292937328571975,0.0162883517203267,0.00854129027531458,0.00774706144501209,0.524380270144564,0.151466530900428,0.451872819779119,0.00813910469848317,0.174636174636175,0.0257964943225664,0.011609287429944,0.00659418998396008,0.00501509744598388,0.56800988206663,0.161111454137826,0.477181199153641,0.0023578200063877,0.0286719349198422,0.00349723853463106,0.00467906429038271,0.0019471002913545,0.00273196399902821,-0.0436296119220658,-0.00964492323739821,-0.0253083793745221
MA->PR,MA,PR,small,8675309,source_calibrated,0.02,0.0244618233524024,0.294372004477141,0.0507748709947279,0.0321714390977751,0.0218584598031315,0.0103129792946437,0.679436805319758,0.151466530900428,0.451872819779119,0.0226908373412258,0.25987525987526,0.0478447800683497,0.0280224179343475,0.0203172340046338,0.00770518392971372,0.725035007765359,0.161111454137826,0.477181199153641,0.00177098601117657,0.0344967446018808,0.00293009092637819,0.00414902116342766,0.00154122579849773,0.00260779536492993,-0.0455982024456013,-0.00964492323739821,-0.0253083793745221
MA->PR,MA,PR,small,8675309,source_calibrated,0.05,0.0699887983201614,0.457720676163052,0.107788066697568,0.0851055120044211,0.0648842246695244,0.0202212873348967,0.76239744220273,0.151466530900428,0.451872819779119,0.0695523492415834,0.433471933471933,0.108146841583067,0.0756605284227382,0.06683300659419,0.00882752182854821,0.883327251176119,0.161111454137826,0.477181199153641,0.000436449078577955,0.0242487426911187,-0.000358774885499305,0.00944498358168287,-0.00194878192466563,0.0113937655063485,-0.120929808973389,-0.00964492323739821,-0.0253083793745221
MA->PR,MA,PR,small,8675309,source_calibrated,0.1,0.145296327833074,0.647434732280376,0.194248878285986,0.182090590908161,0.132871734121065,0.0492188567870951,0.729701262752675,0.151466530900428,0.451872819779119,0.145517326427426,0.61954261954262,0.195788777422555,0.164931945556445,0.136873997504901,0.0280579480515441,0.829881664483599,0.161111454137826,0.477181199153641,-0.000220998594352012,0.0278921127377566,-0.00153989913656985,0.0171586453517154,-0.00400226338383566,0.021160908735551,-0.100180401730925,-0.00964492323739821,-0.0253083793745221
MA->PR,MA,PR,small,8675309,target_oracle,0.01,0.00998127542078635,0.1966115315074,0.0281755161842978,0.0159854268579733,0.007953808746425,0.00803161811154827,0.497566240619829,0.151466530900428,0.451872819779119,0.00998890122086571,0.187110187110187,0.0287730128982472,0.0136108887109688,0.00837640349313848,0.0052344852178303,0.615419291937056,0.161111454137826,0.477181199153641,-7.62580007935588e-06,0.00950134439721259,-0.000597496713949385,0.00237453814700449,-0.000422594746713476,0.00279713289371797,-0.117853051317228,-0.00964492323739821,-0.0253083793745221
MA->PR,MA,PR,small,8675309,target_oracle,0.02,0.0199232829602196,0.26499315992385,0.0438146949898484,0.0282825388378329,0.0171005505738658,0.0111819882639671,0.604632797356608,0.151466530900428,0.451872819779119,0.0199778024417314,0.245322245322245,0.0438760886341087,0.0236188951160929,0.0183567991445375,0.00526209597155536,0.777208207848385,0.161111454137826,0.477181199153641,-5.45194815118402e-05,0.019670914601605,-6.13936442603116e-05,0.00466364372173998,-0.00125624857067173,0.00591989229241172,-0.172575410491777,-0.00964492323739821,-0.0253083793745221
MA->PR,MA,PR,small,8675309,target_oracle,0.05,0.0499001769121391,0.399010819756819,0.0839343320497313,0.0634996008760259,0.0453079578174439,0.018191643058582,0.713515631474619,0.151466530900428,0.451872819779119,0.0499445061043285,0.375259875259875,0.0844449344063499,0.0564451561248999,0.0470504366423097,0.00939471948259017,0.83356021796092,0.161111454137826,0.477181199153641,-4.43291921893782e-05,0.0237509444969433,-0.00051060235661865,0.00705444475112603,-0.00174247882486583,0.00879692357599186,-0.120044586486301,-0.00964492323739821,-0.0253083793745221
MA->PR,MA,PR,small,8675309,target_oracle,0.1,0.0998086207466684,0.54625900450584,0.143332248380265,0.121603864338785,0.0924488580050233,0.0291550063337613,0.760246053920323,0.151466530900428,0.451872819779119,0.099889012208657,0.512474012474012,0.143644581633778,0.108486789431545,0.0960613081447157,0.0124254812868295,0.885465489835793,0.161111454137826,0.477181199153641,-8.03914619886131e-05,0.0337849920318279,-0.00031233325351343,0.0131170749072394,-0.00361245013969243,0.0167295250469318,-0.12521943591547,-0.00964492323739821,-0.0253083793745221
MS->HI,MS,HI,large,42,source_calibrated,0.01,0.0161662256469021,0.190427104956351,0.0794036119169267,0.0354814137720902,0.00917410954333505,0.0263073042287551,0.258560992024265,0.18344033478273,0.588677777392499,0.0148411371237458,0.193077706141839,0.0827835984995473,0.0333333333333333,0.00711321873147599,0.0262201146018573,0.21339656194428,0.180692071728504,0.573547947846422,0.00132508852315628,-0.00265060118548804,-0.00337998658262059,0.00214808043875685,0.00206089081185906,8.71896268977955e-05,0.0451644300799851,0.00274826305422629,0.0151298295460771
MS->HI,MS,HI,large,42,source_calibrated,0.02,0.0274289323812435,0.268280632411067,0.114831406470287,0.0537248628884826,0.0179097810291437,0.0358150818593389,0.333361130512688,0.18344033478273,0.588677777392499,0.0240384615384615,0.272480488632508,0.118742724097788,0.050354609929078,0.013040901007706,0.037313708921372,0.258981273533316,0.180692071728504,0.573547947846422,0.00339047084278199,-0.00419985622144042,-0.00391131762750112,0.00337025295940462,0.00486888002143773,-0.00149862706203312,0.0743798569793718,0.00274826305422629,0.0151298295460771
MS->HI,MS,HI,large,42,source_calibrated,0.05,0.0595569016725008,0.395463076179373,0.181453615335104,0.122547227300427,0.0367543450865984,0.0857928822138282,0.299919842302874,0.18344033478273,0.588677777392499,0.0489130434782609,0.39158466236851,0.179536929245893,0.0900709219858156,0.0317131001778305,0.0583578218079851,0.352090324808984,0.180692071728504,0.573547947846422,0.0106438581942399,0.00387841381086235,0.00191668608921075,0.032476305314611,0.00504124490876794,0.027435060405843,-0.0521704825061097,0.00274826305422629,0.0151298295460771
MS->HI,MS,HI,large,42,source_calibrated,0.1,0.099663718211653,0.501016578041914,0.245310325345978,0.196290371724558,0.0646847795814709,0.131605592143087,0.329536181592437,0.18344033478273,0.588677777392499,0.0842391304347826,0.500169664065151,0.242788772474453,0.150354609929078,0.0566093657379964,0.0937452441910816,0.376505687219693,0.180692071728504,0.573547947846422,0.0154245877768704,0.000846913976763286,0.00252155287152409,0.0459357617954802,0.00807541384347445,0.0378603479520057,-0.0469695056272567,0.00274826305422629,0.0151298295460771
MS->HI,MS,HI,large,42,target_oracle,0.01,0.00998722493627652,0.130871982256092,0.0538549944728719,0.0228443022547227,0.00533295096387436,0.0175113512908484,0.233447750095841,0.18344033478273,0.588677777392499,0.00982441471571906,0.143535799117747,0.060794205148105,0.0226950354609929,0.0044457617071725,0.0182492737538204,0.195891375222288,0.180692071728504,0.573547947846422,0.000162810220557461,-0.0126638168616545,-0.00693921067523311,0.00014926679372982,0.000887189256701863,-0.000737922462972041,0.0375563748735525,0.00274826305422629,0.0151298295460771
MS->HI,MS,HI,large,42,target_oracle,0.02,0.019753771275745,0.23316248187221,0.0971974816418086,0.0423750761730652,0.0115648378192808,0.0308102383537844,0.272916036116337,0.18344033478273,0.588677777392499,0.0198578595317726,0.246352222599253,0.1061958349502,0.0411347517730496,0.0109662122110255,0.0301685395620242,0.266592400302516,0.180692071728504,0.573547947846422,-0.000104088256027583,-0.0131897407270437,-0.00899835330839192,0.00124032440001556,0.000598625608255307,0.000641698791760254,0.00632363581382084,0.00274826305422629,0.0151298295460771
MS->HI,MS,HI,large,42,target_oracle,0.05,0.0499502967013611,0.3662666704581,0.164738083782748,0.100959780621572,0.0314848159801021,0.0694749646414701,0.311855035601917,0.18344033478273,0.588677777392499,0.0499581939799331,0.395656599932134,0.181735868581037,0.0907801418439716,0.0328986366330765,0.0578815052108952,0.362399044161233,0.180692071728504,0.573547947846422,-7.89727857199163e-06,-0.0293899294740345,-0.016997784798289,0.0101796387776006,-0.00141382065297439,0.011593459430575,-0.0505440085593164,0.00274826305422629,0.0151298295460771
MS->HI,MS,HI,large,42,target_oracle,0.1,0.099663718211653,0.501425341939887,0.24545866133861,0.196290371724558,0.0646847795814709,0.131605592143087,0.329536181592437,0.18344033478273,0.588677777392499,0.0999163879598662,0.534441805225653,0.265554262061829,0.178723404255319,0.0669828097213989,0.11174059453392,0.374784768679256,0.180692071728504,0.573547947846422,-0.000252669748213183,-0.0330164632857664,-0.0200956007232192,0.017566967469239,-0.00229803013992803,0.0198649976091671,-0.0452485870868193,0.00274826305422629,0.0151298295460771
MS->HI,MS,HI,large,314,source_calibrated,0.01,0.0163281915895135,0.194681803963943,0.0810507863742427,0.0255179768433882,0.0130014807624962,0.012516496080892,0.509502804328507,0.181754966389752,0.581532389275984,0.0133779264214047,0.177807940278249,0.0760574311214591,0.025531914893617,0.00829875518672199,0.017233159706895,0.325034578146611,0.17824277410857,0.56480584492968,0.00295026516810883,0.0168738636856944,0.00499335525278362,-1.39380502288435e-05,0.00470272557577418,-0.00471666362600302,0.184468226181895,0.00351219228118183,0.0167265443463038
MS->HI,MS,HI,large,314,source_calibrated,0.02,0.0227278708969471,0.240360280945204,0.101704316061434,0.0395262035344302,0.0166468588257029,0.0228793447087273,0.421160074511136,0.181754966389752,0.581532389275984,0.0202759197324415,0.243637597556837,0.105419738714267,0.0354609929078014,0.0139300533491405,0.0215309395586609,0.392827504445762,0.17824277410857,0.56480584492968,0.00245195116450567,-0.00327731661163314,-0.00371542265283292,0.0040652106266288,0.00271680547656246,0.00134840515006634,0.028332570065374,0.00351219228118183,0.0167265443463038
MS->HI,MS,HI,large,314,source_calibrated,0.05,0.0446378137837066,0.326538374043848,0.146936474788686,0.0794865935405241,0.0320225230317854,0.0474640705087387,0.402866969201033,0.181754966389752,0.581532389275984,0.0409698996655518,0.338649474041398,0.154443150950718,0.0709219858156028,0.028452874925904,0.0424691108896989,0.401185536455246,0.17824277410857,0.56480584492968,0.00366791411815479,-0.0121110999975501,-0.00750667616203218,0.00856460772492122,0.00356964810588141,0.00499495961903981,0.00168143274578753,0.00351219228118183,0.0167265443463038
MS->HI,MS,HI,large,314,source_calibrated,0.1,0.0824933037205602,0.460929280291182,0.219823622055369,0.149763863497867,0.0581412983832941,0.091622565114573,0.388219808339294,0.181754966389752,0.581532389275984,0.0721153846153846,0.461825585341025,0.220670029750356,0.119858156028369,0.0521636040308239,0.0676945519975448,0.435211134221667,0.17824277410857,0.56480584492968,0.0103779191051755,-0.000896305049842672,-0.000846407694986395,0.0299057074694984,0.00597769435247018,0.0239280131170282,-0.0469913258823735,0.00351219228118183,0.0167265443463038
MS->HI,MS,HI,large,314,target_oracle,0.01,0.00994065972777574,0.118267836323826,0.049251419188486,0.0159354052407069,0.00777055626483865,0.00816484897586824,0.487628406523909,0.181754966389752,0.581532389275984,0.00982441471571906,0.136409908381405,0.0580778683223386,0.0177304964539007,0.00652045050385299,0.0112100459500477,0.367753408417309,0.17824277410857,0.56480584492968,0.000116245012056678,-0.0181420720575785,-0.00882644913385261,-0.00179509121319383,0.00125010576098565,-0.00304519697417948,0.1198749981066,0.00351219228118183,0.0167265443463038
MS->HI,MS,HI,large,314,target_oracle,0.02,0.0199623024268572,0.222641254585265,0.0935122996335456,0.0345978062157221,0.0146642364146245,0.0199335698010976,0.423848735471578,0.181754966389752,0.581532389275984,0.0198578595317726,0.242619613165931,0.10477299185099,0.0347517730496454,0.013633669235329,0.0211181038143164,0.392315788200283,0.17824277410857,0.56480584492968,0.000104442895084617,-0.0199783585806668,-0.0112606922174439,-0.000153966833923269,0.00103056717929554,-0.00118453401321881,0.0315329472712951,0.00351219228118183,0.0167265443463038
MS->HI,MS,HI,large,314,target_oracle,0.05,0.0499806653156008,0.360554639292519,0.16268459769344,0.0893433881779403,0.0357313229523702,0.0536120652255701,0.399932481642694,0.181754966389752,0.581532389275984,0.0499581939799331,0.381065490329148,0.176173845556849,0.0865248226950355,0.0346769413159455,0.05184788137909,0.400774485700681,0.17824277410857,0.56480584492968,2.24713356676495e-05,-0.0205108510366297,-0.0134892478634092,0.00281856548290482,0.00105438163642472,0.0017641838464801,-0.000842004057987178,0.00351219228118183,0.0167265443463038
MS->HI,MS,HI,large,314,target_oracle,0.1,0.0999593060569189,0.510556771973725,0.248960680642927,0.183371419865935,0.0697640431158331,0.113607376750102,0.380452107350416,0.181754966389752,0.581532389275984,0.0999163879598662,0.541907024092297,0.268399948260251,0.165957446808511,0.0723177237700059,0.0936397230385047,0.435760643229523,0.17824277410857,0.56480584492968,4.29180970526605e-05,-0.0313502521185719,-0.019439267617324,0.0174139730574248,-0.0025536806541728,0.0199676537115976,-0.0553085358791066,0.00351219228118183,0.0167265443463038
MS->HI,MS,HI,large,1618,source_calibrated,0.01,0.00980298867655604,0.137483293997213,0.0561367890030144,0.0209171237050579,0.00577966143758048,0.0151374622674774,0.276312437554831,0.183059059284781,0.596402950154728,0.0131688963210702,0.173736002714625,0.074375889276937,0.0290780141843972,0.00652045050385299,0.0225575636805442,0.224239883181286,0.180847873387657,0.579210052053037,-0.0033659076445142,-0.0362527087174118,-0.0182391002739226,-0.00816089047933927,-0.00074078906627251,-0.00742010141306676,0.0520725543735451,0.00221118589712363,0.0171928981016909
MS->HI,MS,HI,large,1618,source_calibrated,0.02,0.0163747567980143,0.206464867631586,0.0853563997951673,0.0337827544180378,0.0100730454348671,0.0237097089831707,0.298171229918683,0.183059059284781,0.596402950154728,0.0190217391304348,0.229046487953851,0.0990816194541456,0.0390070921985816,0.010669828097214,0.0283372641013676,0.273535593037668,0.180847873387657,0.579210052053037,-0.00264698233242049,-0.022581620322265,-0.0137252196589783,-0.00522433778054378,-0.000596782662346858,-0.00462755511819692,0.0246356368810148,0.00221118589712363,0.0171928981016909
MS->HI,MS,HI,large,1618,source_calibrated,0.05,0.0397019016826237,0.347005004691899,0.151218870402068,0.0784582571602681,0.0256720648778026,0.0527861922824655,0.327206667685236,0.183059059284781,0.596402950154728,0.0403428093645485,0.357312521208008,0.161169318328806,0.075177304964539,0.0257854179016005,0.0493918870629385,0.342994709823176,0.180847873387657,0.579210052053037,-0.000640907681924811,-0.0103075165161095,-0.00995044792673816,0.00328095219572913,-0.000113353023797846,0.00339430521952697,-0.0157880421379403,0.00221118589712363,0.0171928981016909
MS->HI,MS,HI,large,1618,source_calibrated,0.1,0.0756259477538361,0.465183979298774,0.216992339413389,0.143152041438147,0.0511814389040703,0.0919706025340772,0.357532022525746,0.183059059284781,0.596402950154728,0.0696070234113712,0.467594163556159,0.221316776613633,0.124113475177305,0.046828689982217,0.077284785195088,0.377305444999577,0.180847873387657,0.579210052053037,0.00601892434246483,-0.00241018425738437,-0.00432443720024422,0.0190385662608425,0.00435274892185335,0.0146858173389891,-0.0197734224738303,0.00221118589712363,0.0171928981016909
MS->HI,MS,HI,large,1618,target_oracle,0.01,0.00985157845933946,0.139050814684221,0.0567365823645273,0.0209171237050579,0.00584584076701843,0.0150712829380395,0.279476320427596,0.183059059284781,0.596402950154728,0.00982441471571906,0.147947064811673,0.0624757469926271,0.024822695035461,0.003556609365738,0.021266085669723,0.143280548734016,0.180847873387657,0.579210052053037,2.71637436203981e-05,-0.00889625012745188,-0.00573916462809976,-0.0039055713304031,0.00228923140128043,-0.00619480273168354,0.13619577169358,0.00221118589712363,0.0171928981016909
MS->HI,MS,HI,large,1618,target_oracle,0.02,0.0197294763843533,0.227422014957204,0.0950988498156119,0.0393967093235832,0.0126099197299883,0.0267867895935948,0.320075456719425,0.183059059284781,0.596402950154728,0.0198578595317726,0.235833050559891,0.102186004397879,0.0418439716312057,0.010669828097214,0.0311741435339917,0.254990807069012,0.180847873387657,0.579210052053037,-0.000128383147419295,-0.00841103560268722,-0.00708715458226676,-0.00244726230762249,0.00194009163277435,-0.00438735394039684,0.0650846496504132,0.00221118589712363,0.0171928981016909
MS->HI,MS,HI,large,1618,target_oracle,0.05,0.0498612154329248,0.388517644382518,0.172755966654069,0.0930225472273004,0.0342367730958966,0.0587857741314038,0.36804811431619,0.183059059284781,0.596402950154728,0.0499581939799331,0.402782490668476,0.184452205406804,0.0865248226950355,0.0346769413159455,0.05184788137909,0.400774485700681,0.180847873387657,0.579210052053037,-9.69785470082696e-05,-0.0142648462859588,-0.0116962387527349,0.00649772453226496,-0.000440168220048859,0.00693789275231382,-0.0327263713844916,0.00221118589712363,0.0171928981016909
MS->HI,MS,HI,large,1618,target_oracle,0.1,0.0999026179770049,0.520733215798902,0.25261748533086,0.184902498476539,0.0691325820141127,0.115769916462426,0.373886683975147,0.183059059284781,0.596402950154728,0.0999163879598662,0.544282321004411,0.26930539386884,0.171631205673759,0.0699466508595139,0.101684554814245,0.407540403768242,0.180847873387657,0.579210052053037,-1.37699828613447e-05,-0.0235491052055089,-0.0166879085379795,0.0132712928027798,-0.000814068845401195,0.014085361648181,-0.0336537197930953,0.00221118589712363,0.0171928981016909
MS->HI,MS,HI,large,2718,source_calibrated,0.01,0.0159374487529635,0.163605084311997,0.0695244348076211,0.0280621572212066,0.0115482929869213,0.0165138642342853,0.411525489501365,0.184005596485968,0.593170213136081,0.0125418060200669,0.163556158805565,0.0701073599793041,0.025531914893617,0.00711321873147599,0.018418696162141,0.27860106698281,0.181186006822895,0.577428413637631,0.00339564273289658,4.89255064320682e-05,-0.000582925171682985,0.00253024232758956,0.00443507425544532,-0.00190483192785576,0.132924422518556,0.00281958966307383,0.0157417994984506
MS->HI,MS,HI,large,2718,source_calibrated,0.02,0.0190897109110382,0.193846503824608,0.082507058858432,0.0323583180987203,0.0142864627424163,0.018071855356304,0.441508198875802,0.184005596485968,0.593170213136081,0.0175585284280936,0.210722768917543,0.0911913077221575,0.0347517730496454,0.0103734439834025,0.0243783290662429,0.298501143195868,0.181186006822895,0.577428413637631,0.00153118248294454,-0.016876265092935,-0.00868424886372554,-0.0023934549509251,0.00391301875901377,-0.00630647370993887,0.143007055679934,0.00281958966307383,0.0157417994984506
MS->HI,MS,HI,large,2718,source_calibrated,0.05,0.0329357744300317,0.303388119543891,0.1310800021154,0.0594149908592322,0.0233502734033547,0.0360647174558774,0.393003063127232,0.184005596485968,0.593170213136081,0.0323996655518395,0.310824567356634,0.138533178114086,0.0581560283687943,0.0216360403082395,0.0365199880605548,0.372034351641679,0.181186006822895,0.577428413637631,0.000536108878192262,-0.00743644781274333,-0.00745317599868589,0.00125896249043785,0.00171423309511526,-0.00045527060467742,0.0209687114855533,0.00281958966307383,0.0157417994984506
MS->HI,MS,HI,large,2718,source_calibrated,0.1,0.0754882767026164,0.463303665368101,0.216222282129898,0.139053930530165,0.0524774507722301,0.0865764797579345,0.37738919404976,0.184005596485968,0.593170213136081,0.0612458193979933,0.455039022734985,0.211356874919157,0.107801418439716,0.0417901600474215,0.0660112583922949,0.387658721492528,0.181186006822895,0.577428413637631,0.014242457304623,0.00826464263311605,0.00486540721074183,0.0312525120904482,0.0106872907248086,0.0205652213656396,-0.0102695274427684,0.00281958966307383,0.0157417994984506
MS->HI,MS,HI,large,2718,target_oracle,0.01,0.00898910981493366,0.119721614013137,0.0491727366184811,0.0157602071907374,0.00653796625405693,0.00922224093668042,0.414840120750408,0.184005596485968,0.593170213136081,0.00982441471571906,0.141160502205633,0.0598887595395162,0.0191489361702128,0.00592768227622999,0.0132212538939828,0.309556741092011,0.181186006822895,0.577428413637631,-0.0008353049007854,-0.0214388881924955,-0.0107160229210351,-0.00338872897947541,0.000610283977826937,-0.00399901295730235,0.105283379658397,0.00281958966307383,0.0157417994984506
MS->HI,MS,HI,large,2718,target_oracle,0.02,0.0199683761497051,0.201453066795575,0.085827205337,0.0341102985984156,0.0148489870426388,0.0192613115557768,0.435322692933814,0.184005596485968,0.593170213136081,0.0198578595317726,0.225313878520529,0.0981761738455569,0.0382978723404255,0.0121517486662715,0.026146123674154,0.317295659619311,0.181186006822895,0.577428413637631,0.000110516617932543,-0.023860811724954,-0.0123489685085568,-0.00418757374200993,0.0026972383763673,-0.00688481211837724,0.118027033314503,0.00281958966307383,0.0157417994984506
MS->HI,MS,HI,large,2718,target_oracle,0.05,0.0495048903591797,0.376308044473512,0.168098216485417,0.0893510054844607,0.0350805595462304,0.0542704459382303,0.392615162594128,0.184005596485968,0.593170213136081,0.0499581939799331,0.397692568713946,0.182511964816971,0.0872340425531915,0.034380557202134,0.0528534853510575,0.394118582561048,0.181186006822895,0.577428413637631,-0.000453303620753388,-0.0213845242404342,-0.0144137483315533,0.0021169629312692,0.00070000234409643,0.00141696058717277,-0.00150341996691944,0.00281958966307383,0.0157417994984506
MS->HI,MS,HI,large,2718,target_oracle,0.1,0.0997588732029372,0.515806722211164,0.25073813279812,0.178062157221207,0.0714130114076619,0.106649145813545,0.401056645174446,0.184005596485968,0.593170213136081,0.0999163879598662,0.556158805564981,0.273832621911784,0.165248226950355,0.0726141078838174,0.0926341190665372,0.439424429683187,0.181186006822895,0.577428413637631,-0.000157514756928975,-0.0403520833538175,-0.0230944891136639,0.012813930270852,-0.00120109647615552,0.0140150267470075,-0.0383677845087408,0.00281958966307383,0.0157417994984506
MS->HI,MS,HI,large,8675309,source_calibrated,0.01,0.010987364631902,0.145203599965877,0.0596929831915972,0.021084704448507,0.00733211820731226,0.0137525862411947,0.347745837520215,0.180440230469934,0.579971460685984,0.0100334448160535,0.143875127248049,0.0610529038934161,0.0219858156028369,0.0050385299347955,0.0169472856680414,0.229171845421344,0.177781476305149,0.56405229886028,0.000953919815848515,0.00132847271782824,-0.0013599207018189,-0.000901111154329871,0.00229358827251677,-0.00319469942684664,0.118573992098871,0.00265875416478475,0.0159191618257044
MS->HI,MS,HI,large,8675309,source_calibrated,0.02,0.0164051254122539,0.206987374527256,0.0855653600630492,0.0330438756855576,0.0103818823055775,0.0226619933799801,0.314184764655652,0.180440230469934,0.579971460685984,0.0137959866220736,0.202239565659993,0.0856292846979692,0.0276595744680851,0.00800237107291049,0.0196572033951746,0.289316492635995,0.177781476305149,0.56405229886028,0.00260913879018036,0.00474780886726245,-6.39246349199707e-05,0.00538430121747249,0.00237951123266705,0.00300478998480544,0.0248682720196575,0.00265875416478475,0.0159191618257044
MS->HI,MS,HI,large,8675309,source_calibrated,0.05,0.0385802875300396,0.322223249068729,0.141511247092937,0.0724482023156612,0.0263200708118825,0.0461281315037787,0.363295015895693,0.180440230469934,0.579971460685984,0.032190635451505,0.321004411265694,0.142284309921097,0.0588652482269504,0.0210432720806165,0.0378219761463339,0.357482091971918,0.177781476305149,0.56405229886028,0.00638965207853461,0.00121883780303533,-0.000773062828159865,0.0135829540887108,0.00527679873126602,0.00830615535744481,0.00581292392377436,0.00265875416478475,0.0159191618257044
MS->HI,MS,HI,large,8675309,source_calibrated,0.1,0.0698255424340647,0.452707794238917,0.208769365908777,0.128793418647166,0.0484791162853542,0.0803143023618121,0.376409887978549,0.180440230469934,0.579971460685984,0.0681438127090301,0.461486257210723,0.218083042297245,0.114893617021277,0.048606994665086,0.0662866223561906,0.423060879492415,0.177781476305149,0.56405229886028,0.00168172972503458,-0.00877846297180562,-0.00931367638846761,0.0138998016258898,-0.000127878379731716,0.0140276800056215,-0.0466509915138659,0.00265875416478475,0.0159191618257044
MS->HI,MS,HI,large,8675309,target_oracle,0.01,0.00996293004488481,0.133146842210026,0.0546650379804635,0.0188375990249848,0.00675029160267034,0.0120873074223144,0.358341399756798,0.180440230469934,0.579971460685984,0.00982441471571906,0.143535799117747,0.060794205148105,0.0219858156028369,0.00474214582098399,0.0172436697818529,0.215691148631853,0.177781476305149,0.56405229886028,0.000138515329165747,-0.0103889569077204,-0.00612916716764153,-0.00314821657785212,0.00200814578168634,-0.00515636235953846,0.142650251124945,0.00265875416478475,0.0159191618257044
MS->HI,MS,HI,large,8675309,target_oracle,0.02,0.0196707637301566,0.219406688088265,0.0921527680141164,0.0361136502132846,0.0137184234980739,0.0223952267152107,0.379868094669298,0.180440230469934,0.579971460685984,0.0198578595317726,0.236172378690193,0.102315353770534,0.0382978723404255,0.0121517486662715,0.026146123674154,0.317295659619311,0.177781476305149,0.56405229886028,-0.000187095801615935,-0.0167656906019288,-0.0101625857564178,-0.00218422212714095,0.00156667483180242,-0.00375089695894337,0.0625724350499871,0.00265875416478475,0.0159191618257044
MS->HI,MS,HI,large,8675309,target_oracle,0.05,0.0497316426788357,0.372945517104103,0.167022458069285,0.0934643510054845,0.0339003615045871,0.0595639895008974,0.362709002308247,0.180440230469934,0.579971460685984,0.0499581939799331,0.390566677977604,0.179795627991204,0.0872340425531915,0.034380557202134,0.0528534853510575,0.394118582561048,0.177781476305149,0.56405229886028,-0.000226551301097402,-0.0176211608735011,-0.0127731699219197,0.00623030845229297,-0.000480195697546912,0.00671050414983988,-0.0314095802528011,0.00265875416478475,0.0159191618257044
MS->HI,MS,HI,large,8675309,target_oracle,0.1,0.0999572814826362,0.52195950749282,0.253097320020071,0.190059414990859,0.0673402251751684,0.122719189815691,0.354311440863938,0.180440230469934,0.579971460685984,0.0999163879598662,0.544282321004411,0.26930539386884,0.174468085106383,0.0687611144042679,0.105706970702115,0.394118582561048,0.177781476305149,0.56405229886028,4.08935227700219e-05,-0.0223228135115914,-0.0162080738487692,0.0155913298844763,-0.00142088922909953,0.0170122191135758,-0.0398071416971102,0.00265875416478475,0.0159191618257044
MS->HI,MS,HI,reference,42,source_calibrated,0.01,0.0155203864507391,0.190640373077032,0.079069533463955,0.0282982937233394,0.0108947721087216,0.0174035216146178,0.384997491906588,0.17232352841968,0.52666242081745,0.0123327759197324,0.189684424838819,0.0799379123011253,0.026241134751773,0.00652045050385299,0.0197206842479201,0.248482032714398,0.168332964137936,0.511482485504113,0.00318761053100663,0.000955948238213294,-0.000868378837170336,0.00205715897156638,0.00437432160486861,-0.00231716263330223,0.13651545919219,0.00399056428174432,0.0151799353133371
MS->HI,MS,HI,reference,42,source_calibrated,0.02,0.02659885692536,0.268881337617653,0.114520545824858,0.0548750761730652,0.0163628392035318,0.0385122369695334,0.298183444008836,0.17232352841968,0.52666242081745,0.0238294314381271,0.27790973871734,0.120682964687621,0.048936170212766,0.0133372851215175,0.0355988850912485,0.272544522048401,0.168332964137936,0.511482485504113,0.00276942548723293,-0.00902840109968672,-0.00616241886276352,0.00593890596029924,0.00302555408201429,0.00291335187828496,0.0256389219604347,0.00399056428174432,0.0151799353133371
MS->HI,MS,HI,reference,42,source_calibrated,0.05,0.0581133802089766,0.408447550260187,0.185245857233701,0.106863193174893,0.0404659024792431,0.0663972906956502,0.378670160202084,0.17232352841968,0.52666242081745,0.0518394648829431,0.420766881574482,0.192471866511447,0.0950354609929078,0.033787788974511,0.0612476720183968,0.355528227269108,0.168332964137936,0.511482485504113,0.00627391532603341,-0.0123193313142954,-0.007226009277746,0.0118277321819856,0.00667811350473217,0.00514961867725339,0.0231419329329762,0.00399056428174432,0.0151799353133371
MS->HI,MS,HI,reference,42,source_calibrated,0.1,0.106897522123535,0.535512696562118,0.262437328043113,0.200959780621572,0.0728468968788174,0.128112883742755,0.362494906460888,0.17232352841968,0.52666242081745,0.096989966555184,0.540549711571089,0.266071659552451,0.163829787234043,0.0690574985180794,0.0947722887159631,0.421519796149316,0.168332964137936,0.511482485504113,0.00990755556835152,-0.00503701500897136,-0.00363433150933828,0.0371299933875297,0.00378939836073794,0.0333405950267917,-0.0590248896884282,0.00399056428174432,0.0151799353133371
MS->HI,MS,HI,reference,42,target_oracle,0.01,0.00942439328570185,0.150677481730031,0.0606836096467411,0.0193708104814138,0.00582378099053911,0.0135470294908747,0.300647254596136,0.17232352841968,0.52666242081745,0.00982441471571906,0.164913471326773,0.0689432156254042,0.0226950354609929,0.0044457617071725,0.0182492737538204,0.195891375222288,0.168332964137936,0.511482485504113,-0.000400021430017215,-0.014235989596742,-0.00825960597866316,-0.00332422497957914,0.00137801928336662,-0.00470224426294575,0.104755879373848,0.00399056428174432,0.0151799353133371
MS->HI,MS,HI,reference,42,target_oracle,0.02,0.0198286805242028,0.223700486251315,0.0938115513752036,0.0393053016453382,0.0127781255256431,0.0265271761196951,0.325099286629153,0.17232352841968,0.52666242081745,0.0198578595317726,0.247030878859857,0.106454533695512,0.0390070921985816,0.01185536455246,0.0271517276461216,0.30392843670852,0.168332964137936,0.511482485504113,-2.91790075698031e-05,-0.0233303926085423,-0.0126429823203079,0.000298209446756646,0.000922760973183124,-0.00062455152642648,0.021170849920633,0.00399056428174432,0.0151799353133371
MS->HI,MS,HI,reference,42,target_oracle,0.05,0.0498753874529033,0.38461483777405,0.171348709541358,0.0962599024984765,0.0330841497748524,0.0631757527236241,0.343696065715172,0.17232352841968,0.52666242081745,0.0499581939799331,0.411265693926026,0.187685939723192,0.0929078014184397,0.032009484291642,0.0608983171267977,0.344529563749734,0.168332964137936,0.511482485504113,-8.28065270297718e-05,-0.0266508561519769,-0.0163372301818343,0.00335210108003682,0.00107466548321044,0.00227743559682639,-0.000833498034562508,0.00399056428174432,0.0151799353133371
MS->HI,MS,HI,reference,42,target_oracle,0.1,0.0999046425512875,0.517033013905081,0.251276012006186,0.183196221815966,0.0697530132275935,0.113443208588372,0.380755741227379,0.17232352841968,0.52666242081745,0.0999163879598662,0.548354258568035,0.270857586340706,0.168794326241135,0.0711321873147599,0.0976621389263748,0.42141337862946,0.168332964137936,0.511482485504113,-1.17454085786922e-05,-0.0313212446629538,-0.01958157433452,0.0144018955748311,-0.00137917408716645,0.0157810696619976,-0.0406576374020808,0.00399056428174432,0.0151799353133371
MS->HI,MS,HI,reference,314,source_calibrated,0.01,0.0152875604082352,0.196277760400375,0.0809669442914506,0.0237888482632541,0.0122100862813008,0.0115787619819534,0.513269333016062,0.171098863739199,0.523157816287946,0.0137959866220736,0.209365456396335,0.0883456215237356,0.024822695035461,0.00918790752815649,0.0156347875073045,0.370141417562876,0.167248735440635,0.508976007449248,0.00149157378616158,-0.0130876959959599,-0.00737867723228505,-0.00103384677220688,0.00302217875314426,-0.00405602552535114,0.143127915453187,0.00385012829856454,0.0141818088386982
MS->HI,MS,HI,reference,314,source_calibrated,0.02,0.0251897532246407,0.269567350072511,0.113871737091866,0.0443784277879342,0.0182434351483934,0.0261349926395408,0.411087910449894,0.171098863739199,0.523157816287946,0.020066889632107,0.26603325415677,0.113827447936878,0.0382978723404255,0.012448132780083,0.0258497395603425,0.325034578146611,0.167248735440635,0.508976007449248,0.00512286359253367,0.00353409591574155,4.42891549889135e-05,0.00608055544750866,0.00579530236831037,0.000285253079198283,0.0860533323032823,0.00385012829856454,0.0141818088386982
MS->HI,MS,HI,reference,314,source_calibrated,0.05,0.0510354685168576,0.378653993801007,0.169924684012089,0.0851538695917124,0.0386845755285385,0.0464692940631739,0.454290283154712,0.171098863739199,0.523157816287946,0.0459866220735786,0.389548693586698,0.176949941792782,0.0801418439716312,0.0317131001778305,0.0484287437938007,0.395712134962309,0.167248735440635,0.508976007449248,0.00504884644327903,-0.0108946997856917,-0.00702525778069357,0.00501202562008116,0.00697147535070799,-0.00195944973062683,0.0585781481924029,0.00385012829856454,0.0141818088386982
MS->HI,MS,HI,reference,314,source_calibrated,0.1,0.087441363267339,0.49895854067734,0.236776491195936,0.16048141377209,0.0610007969094253,0.0994806168626649,0.380111288127461,0.171098863739199,0.523157816287946,0.0798494983277592,0.510688836104513,0.244082266201009,0.133333333333333,0.0574985180794309,0.0758348152539024,0.431238885595732,0.167248735440635,0.508976007449248,0.00759186493957976,-0.0117302954271736,-0.00730577500507257,0.0271480804387569,0.00350227882999438,0.0236458016087625,-0.0511275974682707,0.00385012829856454,0.0141818088386982
MS->HI,MS,HI,reference,314,target_oracle,0.01,0.00984752931077418,0.151363494184889,0.0612021406818554,0.0144881170018282,0.00816763224146631,0.00632048476036184,0.563746982470924,0.171098863739199,0.523157816287946,0.00982441471571906,0.172378690193417,0.0717889018238261,0.0177304964539007,0.00652045050385299,0.0112100459500477,0.367753408417309,0.167248735440635,0.508976007449248,2.31145950551122e-05,-0.0210151960085278,-0.0105867611419707,-0.00324237945207256,0.00164718173761332,-0.00488956118968588,0.195993574053615,0.00385012829856454,0.0141818088386982
MS->HI,MS,HI,reference,314,target_oracle,0.02,0.0199946956153795,0.242983478829585,0.100914910604992,0.0332114564290067,0.0152102158824876,0.0180012405465191,0.45798099565435,0.171098863739199,0.523157816287946,0.0198578595317726,0.263997285374958,0.112922002328289,0.0382978723404255,0.0121517486662715,0.026146123674154,0.317295659619311,0.167248735440635,0.508976007449248,0.0001368360836069,-0.021013806545373,-0.0120070917232971,-0.00508641591141883,0.00305846721621608,-0.00814488312763491,0.140685336035039,0.00385012829856454,0.0141818088386982
MS->HI,MS,HI,reference,314,target_oracle,0.05,0.0497822570359018,0.37719310717434,0.168596109469383,0.0851538695917124,0.0369777003234515,0.0481761692682609,0.434245683734029,0.171098863739199,0.523157816287946,0.0499581939799331,0.404479131319986,0.185098952270081,0.0822695035460993,0.0364552459988145,0.0458142575472848,0.443119800502831,0.167248735440635,0.508976007449248,-0.000175936944031334,-0.0272860241456468,-0.0165028428006987,0.00288436604561308,0.000522454324637003,0.00236191172097608,-0.00887411676880218,0.00385012829856454,0.0141818088386982
MS->HI,MS,HI,reference,314,target_oracle,0.1,0.0999491831855057,0.531616998891006,0.256596759567994,0.178801035953687,0.0714047389914822,0.107396296962205,0.399353049665649,0.171098863739199,0.523157816287946,0.0999163879598662,0.562945368171021,0.276419609364895,0.165957446808511,0.0723177237700059,0.0936397230385047,0.435760643229523,0.167248735440635,0.508976007449248,3.27952256394398e-05,-0.0313283692800156,-0.0198228497969006,0.0128435891451761,-0.000912984778523765,0.0137565739236999,-0.0364075935638739,0.00385012829856454,0.0141818088386982
MS->HI,MS,HI,reference,1618,source_calibrated,0.01,0.00978274293372961,0.149127733386413,0.0603495311937694,0.01672760511883,0.00726869634993423,0.00945890876889575,0.434532994908637,0.171879126741557,0.527656715757053,0.00982441471571906,0.164234815066169,0.0686845168800931,0.0198581560283688,0.00563129816241849,0.0142268578659503,0.283576086036074,0.168703886614426,0.514461876636026,-4.16717819894542e-05,-0.0151070816797556,-0.00833498568632376,-0.00313055090953882,0.00163739818751574,-0.00476794909705455,0.150956908872563,0.00317524012713186,0.0131948391210267
MS->HI,MS,HI,reference,1618,source_calibrated,0.02,0.016903170685784,0.217295333693519,0.0896233168701879,0.0330210237659963,0.0110684928484962,0.0219525309175001,0.335195326678335,0.171879126741557,0.527656715757053,0.0188127090301003,0.239565659993213,0.102962100633812,0.0375886524822695,0.0109662122110255,0.026622440271244,0.29174262674615,0.168703886614426,0.514461876636026,-0.00190953834431629,-0.0222703262996939,-0.013338783763624,-0.00456762871627316,0.000102280637470724,-0.00466990935374388,0.0434526999321853,0.00317524012713186,0.0131948391210267
MS->HI,MS,HI,reference,1618,source_calibrated,0.05,0.0417608937280713,0.35654519862371,0.155992709608432,0.0735831809872029,0.0302411960810807,0.0433419849061222,0.410979733077047,0.171879126741557,0.527656715757053,0.0428511705685619,0.380386834068544,0.17151726814125,0.075886524822695,0.029045643153527,0.0468408816691681,0.382750998565169,0.168703886614426,0.514461876636026,-0.00109027684049054,-0.0238416354448346,-0.0155245585328178,-0.00230334383549211,0.00119555292755374,-0.00349889676304584,0.0282287345118786,0.00317524012713186,0.0131948391210267
MS->HI,MS,HI,reference,1618,source_calibrated,0.1,0.0766908738265061,0.486873347172065,0.225541652101792,0.137918951858623,0.0545262525127464,0.0833926993458764,0.395349962988697,0.171879126741557,0.527656715757053,0.0735785953177258,0.496437054631829,0.23476911136981,0.130496453900709,0.0497925311203319,0.0807039227803773,0.381562330867761,0.168703886614426,0.514461876636026,0.00311227850878038,-0.00956370745976426,-0.00922745926801782,0.00742249795791358,0.00473372139241447,0.00268877656549911,0.0137876321209359,0.00317524012713186,0.0131948391210267
MS->HI,MS,HI,reference,1618,target_oracle,0.01,0.00998722493627652,0.159005601842637,0.0640643804005588,0.0174969530773918,0.00726869634993423,0.0102282567274576,0.415426406974038,0.171879126741557,0.527656715757053,0.00982441471571906,0.164574143196471,0.0688138662527487,0.0198581560283688,0.00563129816241849,0.0142268578659503,0.283576086036074,0.168703886614426,0.514461876636026,0.000162810220557461,-0.00556854135383442,-0.0047494858521899,-0.00236120295097696,0.00163739818751574,-0.0039986011384927,0.131850320937964,0.00317524012713186,0.0131948391210267
MS->HI,MS,HI,reference,1618,target_oracle,0.02,0.0199825481696836,0.239876873204993,0.0997798177918059,0.0362659963436929,0.0140879247541024,0.0221780715895904,0.388460987548533,0.171879126741557,0.527656715757053,0.0198578595317726,0.252460128944689,0.108524123658,0.0397163120567376,0.0115589804386485,0.0281573316180891,0.291038614615971,0.168703886614426,0.514461876636026,0.000124688637911045,-0.0125832557396962,-0.00874430586619435,-0.00345031571304472,0.00252894431545394,-0.00597926002849866,0.0974223729325625,0.00317524012713186,0.0131948391210267
MS->HI,MS,HI,reference,1618,target_oracle,0.05,0.049877412027186,0.392235618619729,0.174115498273498,0.092923522242535,0.0342946800091548,0.0586288422333802,0.369063496319522,0.171879126741557,0.527656715757053,0.0499581939799331,0.41873091279267,0.190531625921614,0.0914893617021277,0.032602252519265,0.0588871091828627,0.356350201954757,0.168703886614426,0.514461876636026,-8.07819527471262e-05,-0.0264952941729418,-0.0164161276481162,0.00143416054040739,0.00169242748988984,-0.000258266949482451,0.0127132943647649,0.00317524012713186,0.0131948391210267
MS->HI,MS,HI,reference,1618,target_oracle,0.1,0.0998479544713735,0.545809992322348,0.261682749297984,0.177399451553931,0.0717742402475107,0.10562521130642,0.404591105659032,0.171879126741557,0.527656715757053,0.0999163879598662,0.569053274516457,0.278747898072694,0.171631205673759,0.0699466508595139,0.101684554814245,0.407540403768242,0.168703886614426,0.514461876636026,-6.84334884926974e-05,-0.0232432821941098,-0.0170651487747105,0.00576824588017166,0.00182758938799676,0.0039406564921749,-0.00294929810921002,0.00317524012713186,0.0131948391210267
MS->HI,MS,HI,reference,2718,source_calibrated,0.01,0.0138723829846679,0.166285153695226,0.0691813272072718,0.0282525898842169,0.00866673468431081,0.0195858551999061,0.306758945633951,0.172249756642244,0.528027245129618,0.0129598662207358,0.183576518493383,0.0779976717112922,0.0276595744680851,0.00681683461766449,0.0208427398504206,0.246454790023255,0.168292573165855,0.512970421572495,0.000912516763932112,-0.0172913647981575,-0.00881634450402038,0.000593015416131836,0.00184990006664632,-0.00125688465051448,0.060304155610696,0.00395718347638907,0.0150568235571237
MS->HI,MS,HI,reference,2718,source_calibrated,0.02,0.0179964407984111,0.216456479085506,0.0900154398420157,0.0328686776355881,0.0126126772020483,0.0202560004335398,0.383729377308203,0.172249756642244,0.528027245129618,0.0167224080267559,0.232779097387173,0.0990816194541456,0.0326241134751773,0.010077059869591,0.0225470536055863,0.308883791654854,0.168292573165855,0.512970421572495,0.00127403277165526,-0.0163226183016671,-0.00906617961212992,0.00024456416041075,0.00253561733245726,-0.00229105317204651,0.0748455856533484,0.00395718347638907,0.0150568235571237
MS->HI,MS,HI,reference,2718,source_calibrated,0.05,0.0373291006233664,0.319514743936076,0.13973121518135,0.0676873857404022,0.0263393731163019,0.0413480126241003,0.389132669672306,0.172249756642244,0.528027245129618,0.0344899665551839,0.338649474041398,0.150433320398396,0.0638297872340425,0.0222288085358625,0.0416009786981801,0.348251333728512,0.168292573165855,0.512970421572495,0.00283913406818248,-0.0191347301053216,-0.0107021052170456,0.00385759850635965,0.00411056458043942,-0.000252966074079763,0.040881335943794,0.00395718347638907,0.0150568235571237
MS->HI,MS,HI,reference,2718,source_calibrated,0.1,0.0773164672798427,0.477059459152046,0.222378870763234,0.148491773308958,0.0515509401600988,0.0969408331488591,0.347163610558006,0.172249756642244,0.528027245129618,0.0708612040133779,0.487953851374279,0.229853835208899,0.124113475177305,0.048606994665086,0.075506480512219,0.391633499872978,0.168292573165855,0.512970421572495,0.00645526326646481,-0.010894392222233,-0.00747496444566542,0.024378298131653,0.00294394549501287,0.0214343526366401,-0.044469889314972,0.00395718347638907,0.0150568235571237
MS->HI,MS,HI,reference,2718,target_oracle,0.01,0.00985360303362211,0.129855404214178,0.0534009573475977,0.0167504570383912,0.00735693545585149,0.00939352158253973,0.439208043039647,0.172249756642244,0.528027245129618,0.00982441471571906,0.158126908720733,0.0663562281722934,0.0205673758865248,0.00533491404860699,0.0152324618379178,0.25938720029434,0.168292573165855,0.512970421572495,2.91883179030419e-05,-0.0282715045065549,-0.0129552708246957,-0.0038169188481336,0.0020220214072445,-0.0058389402553781,0.179820842745307,0.00395718347638907,0.0150568235571237
MS->HI,MS,HI,reference,2718,target_oracle,0.02,0.0199420566840308,0.237865043933233,0.09902394916848,0.0362964655697745,0.0140217454246645,0.02227472014511,0.386311592728217,0.172249756642244,0.528027245129618,0.0198578595317726,0.259925347811334,0.111369809856422,0.0368794326241135,0.0127445168938945,0.024134915730219,0.345572477315216,0.168292573165855,0.512970421572495,8.41971522581898e-05,-0.0220603038781007,-0.0123458606879422,-0.000582967054338947,0.00127722853077,-0.00186019558510895,0.040739115413001,0.00395718347638907,0.0150568235571237
MS->HI,MS,HI,reference,2718,target_oracle,0.05,0.049962444147057,0.383608923138169,0.171039138774126,0.0937995124923827,0.0340933845487811,0.0597061279436016,0.363470807500729,0.172249756642244,0.528027245129618,0.0499581939799331,0.414658975229046,0.188979433449748,0.0921985815602837,0.0323058684054535,0.0598927131548302,0.350394418859149,0.168292573165855,0.512970421572495,4.25016712386761e-06,-0.0310500520908772,-0.0179402946756222,0.00160093093209901,0.00178751614332759,-0.000186585211228579,0.0130763886415799,0.00395718347638907,0.0150568235571237
MS->HI,MS,HI,reference,2718,target_oracle,0.1,0.0999572814826362,0.544612136377854,0.261317713768289,0.182609689213894,0.0700370328497646,0.112572656364129,0.383534045489388,0.172249756642244,0.528027245129618,0.0999163879598662,0.562945368171021,0.276419609364895,0.167375886524823,0.0717249555423829,0.0956509309824398,0.428526217435423,0.168292573165855,0.512970421572495,4.08935227700219e-05,-0.0183332317931671,-0.0151018955966057,0.0152338026890713,-0.00168792269261828,0.0169217253816896,-0.0449921719460353,0.00395718347638907,0.0150568235571237
MS->HI,MS,HI,reference,8675309,source_calibrated,0.01,0.0104225084070447,0.156855148292433,0.063561327903806,0.0213589274832419,0.00646351450843924,0.0148954129748027,0.302614188540622,0.171701103069314,0.525820176222849,0.00919732441471572,0.144214455378351,0.0606648557754495,0.0205673758865248,0.0044457617071725,0.0161216141793523,0.216156000245283,0.168124729152137,0.512297382327939,0.00122518399232899,0.0126406929140824,0.00289647212835656,0.000791551596717104,0.00201775280126675,-0.00122620120454964,0.0864581882953385,0.00357637391717711,0.0135227938949096
MS->HI,MS,HI,reference,8675309,source_calibrated,0.02,0.0192537014279322,0.223988398214235,0.0935497061012529,0.0386197440585009,0.0122431759460197,0.0263765681124812,0.31701856769102,0.171701103069314,0.525820176222849,0.0154682274247492,0.221581269087207,0.0940369939205795,0.0326241134751773,0.00829875518672199,0.0243253582884553,0.254374887245174,0.168124729152137,0.512297382327939,0.00378547400318308,0.00240712912702762,-0.000487287819326623,0.00599563058332361,0.00394442075929773,0.00205120982402588,0.0626436804458456,0.00357637391717711,0.0135227938949096
MS->HI,MS,HI,reference,8675309,source_calibrated,0.05,0.0423500448443204,0.347946938891574,0.153247848805637,0.078823887873248,0.0291464796732947,0.0496774081999533,0.369767090404922,0.171701103069314,0.525820176222849,0.0355351170568562,0.343400067865626,0.152890958478851,0.0659574468085106,0.0228215767634855,0.0431358700450252,0.346004550930264,0.168124729152137,0.512297382327939,0.00681492778746418,0.00454687102594842,0.000356890326785902,0.0128664410647374,0.00632490290980924,0.00654153815492815,0.023762539474658,0.00357637391717711,0.0135227938949096
MS->HI,MS,HI,reference,8675309,source_calibrated,0.1,0.0794038033652474,0.475971791736571,0.223314032455915,0.137515234613041,0.0583674110922071,0.0791478235208337,0.424443235372788,0.171701103069314,0.525820176222849,0.0716973244147157,0.483542585680353,0.228689690854999,0.120567375886525,0.0512744516893894,0.0692929241971354,0.42527633460023,0.168124729152137,0.512297382327939,0.00770647895053166,-0.00757079394378168,-0.00537565839908416,0.016947858726516,0.00709295940281766,0.00985489932369835,-0.00083309922744168,0.00357637391717711,0.0135227938949096
MS->HI,MS,HI,reference,8675309,target_oracle,0.01,0.00997102834201538,0.137565046776808,0.0562735160918754,0.019797379646557,0.00641388001136078,0.0133834996351962,0.323976209269505,0.171701103069314,0.525820176222849,0.00982441471571906,0.164913471326773,0.0689432156254042,0.0219858156028369,0.00474214582098399,0.0172436697818529,0.215691148631853,0.168124729152137,0.512297382327939,0.000146613626296319,-0.0273484245499652,-0.0126696995335288,-0.0021884359562799,0.00167173419037679,-0.00386017014665669,0.108285060637652,0.00357637391717711,0.0135227938949096
MS->HI,MS,HI,reference,8675309,target_oracle,0.02,0.0197922381871152,0.232504905166776,0.0969833618611395,0.039191042047532,0.0127698531094634,0.0264211889380686,0.325836018699777,0.171701103069314,0.525820176222849,0.0198578595317726,0.252460128944689,0.108524123658,0.0411347517730496,0.0109662122110255,0.0301685395620242,0.266592400302516,0.168124729152137,0.512297382327939,-6.56213446573704e-05,-0.0199552237779138,-0.0115407617968608,-0.00194370972551765,0.00180364089843788,-0.00374735062395553,0.0592436183972605,0.00357637391717711,0.0135227938949096
MS->HI,MS,HI,reference,8675309,target_oracle,0.05,0.0498470434129463,0.373226320129667,0.16719788150405,0.0892672151127361,0.035576904517015,0.0536903105957212,0.398543905196154,0.171701103069314,0.525820176222849,0.0499581939799331,0.40855106888361,0.186651144741948,0.0858156028368794,0.034973325429757,0.0508422774071225,0.407540403768242,0.168124729152137,0.512297382327939,-0.000111150566986767,-0.0353247487539434,-0.0194532632378984,0.00345161227585671,0.000603579087258013,0.00284803318859869,-0.00899649857208856,0.00357637391717711,0.0135227938949096
MS->HI,MS,HI,reference,8675309,target_oracle,0.1,0.0999957483940064,0.534499672988882,0.257672517984127,0.179433272394881,0.0712392906678873,0.108193981726994,0.397023861389041,0.171701103069314,0.525820176222849,0.0999163879598662,0.556837461825585,0.274091320657095,0.169503546099291,0.0708358032009484,0.0986677428983423,0.417901600474215,0.168124729152137,0.512297382327939,7.93604341402243e-05,-0.0223377888367038,-0.016418802672968,0.00992972629559039,0.000403487466938884,0.0095262388286515,-0.0208777390851737,0.00357637391717711,0.0135227938949096
MS->HI,MS,HI,small,42,source_calibrated,0.01,0.012171740587248,0.168844371143401,0.0690265418236556,0.0185024375380865,0.00988002239067313,0.00862241514741341,0.533984907141856,0.173411397280034,0.522533862765838,0.0110785953177258,0.169664065151001,0.0715302030785151,0.0198581560283688,0.00740960284528749,0.0124485531830813,0.373126428994834,0.170136245320913,0.510576613935021,0.00109314526952226,-0.000819694007599542,-0.00250366125485947,-0.00135571849028226,0.00247041954538563,-0.0038261380356679,0.160858478147021,0.0032751519591209,0.0119572488308174
MS->HI,MS,HI,small,42,source_calibrated,0.02,0.0231469577734542,0.252729831944721,0.106460096973043,0.0434643510054845,0.0157920424871295,0.027672308518355,0.363333217264346,0.173411397280034,0.522533862765838,0.020066889632107,0.255514082117408,0.109817617384556,0.0404255319148936,0.0115589804386485,0.0288665514762451,0.285932674008673,0.170136245320913,0.510576613935021,0.00308006814134716,-0.00278425017268663,-0.00335752041151285,0.00303881909059084,0.00423306204848101,-0.00119424295789017,0.0774005432556733,0.0032751519591209,0.0119572488308174
MS->HI,MS,HI,small,42,source_calibrated,0.05,0.0561292974119867,0.386921687946086,0.176170274241003,0.0975929311395491,0.0411194233574428,0.0564735077821062,0.421336083231743,0.173411397280034,0.522533862765838,0.050376254180602,0.399049881235154,0.183288061052904,0.0865248226950355,0.0352697095435685,0.051255113151467,0.407625331610095,0.170136245320913,0.510576613935021,0.00575304323138469,-0.0121281932890686,-0.00711778681190048,0.0110681084445136,0.00584971381387436,0.00521839463063924,0.0137107516216486,0.0032751519591209,0.0119572488308174
MS->HI,MS,HI,small,42,source_calibrated,0.1,0.098677750536006,0.532566042028038,0.256131113538949,0.180156916514321,0.0691822165111912,0.110974700003129,0.384010882566876,0.173411397280034,0.522533862765838,0.0898829431438127,0.535799117746861,0.259862889664985,0.14822695035461,0.0655008891523414,0.0827260612022685,0.441895950740677,0.170136245320913,0.510576613935021,0.00879480739219334,-0.00323307571882347,-0.00373177612603659,0.0319299661597106,0.00368132735884977,0.0282486388008608,-0.0578850681738008,0.0032751519591209,0.0119572488308174
MS->HI,MS,HI,small,42,target_oracle,0.01,0.00991636483638403,0.152611112690875,0.0616987437876241,0.0171998781230957,0.00727972623817389,0.00992015188492178,0.423242896610925,0.173411397280034,0.522533862765838,0.00982441471571906,0.165592127587377,0.0692019143707153,0.0191489361702128,0.00592768227622999,0.0132212538939828,0.309556741092011,0.170136245320913,0.510576613935021,9.19501206649662e-05,-0.012981014896502,-0.00750317058309118,-0.00194905804711709,0.0013520439619439,-0.00330110200906099,0.113686155518914,0.0032751519591209,0.0119572488308174
MS->HI,MS,HI,small,42,target_oracle,0.02,0.0197011323443963,0.225289333750391,0.0943068646027756,0.036563071297989,0.0135970947274377,0.0229659765705514,0.37188054079542,0.173411397280034,0.522533862765838,0.0198578595317726,0.255174753987106,0.109558918639245,0.0397163120567376,0.0115589804386485,0.0281573316180891,0.291038614615971,0.170136245320913,0.510576613935021,-0.000156727187376294,-0.0298854202367146,-0.015252054036469,-0.00315324075874856,0.00203811428878919,-0.00519135504753775,0.0808419261794495,0.0032751519591209,0.0119572488308174
MS->HI,MS,HI,small,42,target_oracle,0.05,0.0498288222444026,0.362921915432081,0.16344691570775,0.0876294942108471,0.0361449437613573,0.0514845504494897,0.41247463638656,0.173411397280034,0.522533862765838,0.0499581939799331,0.397692568713946,0.182511964816971,0.0865248226950355,0.0346769413159455,0.05184788137909,0.400774485700681,0.170136245320913,0.510576613935021,-0.000129371735530556,-0.0347706532818652,-0.0190650491092209,0.00110467151581159,0.00146800244541187,-0.000363330929600281,0.0117001506858792,0.0032751519591209,0.0119572488308174
MS->HI,MS,HI,small,42,target_oracle,0.1,0.0998924951055917,0.537528080302556,0.258705710419765,0.181284277879342,0.0704285938822725,0.110855683997069,0.388498079955659,0.173411397280034,0.522533862765838,0.0999163879598662,0.569392602646759,0.27887724744535,0.166666666666667,0.0720213396561944,0.0946453270104722,0.432128037937167,0.170136245320913,0.510576613935021,-2.38928542745515e-05,-0.031864522344203,-0.0201715370255848,0.0146176112126752,-0.00159274577392193,0.0162103569865971,-0.0436299579815074,0.0032751519591209,0.0119572488308174
MS->HI,MS,HI,small,314,source_calibrated,0.01,0.0153786662509541,0.193267125430091,0.0799324619776155,0.0227605118829982,0.0127064312520853,0.0100540806309128,0.558266497581581,0.17164953920781,0.518493889453746,0.0127508361204013,0.201560909399389,0.0847238390893804,0.0234042553191489,0.00829875518672199,0.0151055001324269,0.35458317615994,0.168248962864648,0.506308340056325,0.00262783013055274,-0.0082937839692985,-0.00479137711176496,-0.000643743436150764,0.00440767606536335,-0.00505141950151411,0.203683321421641,0.00340057634316221,0.0121855493974218
MS->HI,MS,HI,small,314,source_calibrated,0.02,0.0210575971137669,0.239048682003014,0.100164201494453,0.0350396099939062,0.0159960954195632,0.019043514574343,0.456514653626142,0.17164953920781,0.518493889453746,0.0190217391304348,0.2541567695962,0.108653473030656,0.0354609929078014,0.0121517486662715,0.0233092442415299,0.342679312388856,0.168248962864648,0.506308340056325,0.00203585798333212,-0.0151080875931854,-0.00848927153620292,-0.000421382913895263,0.00384434675329167,-0.00426572966718694,0.113835341237286,0.00340057634316221,0.0121855493974218
MS->HI,MS,HI,small,314,source_calibrated,0.05,0.0429877857433528,0.351750220377058,0.155034330108208,0.0747257769652651,0.0314986033404017,0.0432271736248634,0.421522593937607,0.17164953920781,0.518493889453746,0.040133779264214,0.363759755683746,0.163497607036606,0.0680851063829787,0.028452874925904,0.0396322314570748,0.417901600474215,0.168248962864648,0.506308340056325,0.00285400647913877,-0.0120095353066881,-0.00846327692839799,0.00664067058228636,0.00304572841449768,0.00359494216778868,0.0036209934633929,0.00340057634316221,0.0121855493974218
MS->HI,MS,HI,small,314,source_calibrated,0.1,0.0857548928898976,0.500405209429295,0.236227003084099,0.153526812918952,0.0612213946742185,0.0923054182447334,0.398766792003543,0.17164953920781,0.518493889453746,0.0783862876254181,0.508652867322701,0.242400724356487,0.134042553191489,0.0551274451689389,0.0789151080225504,0.411268241736529,0.168248962864648,0.506308340056325,0.00736860526447951,-0.00824765789340653,-0.00617372127238811,0.0194842597274625,0.00609394950527952,0.013390310222183,-0.0125014497329861,0.00340057634316221,0.0121855493974218
MS->HI,MS,HI,small,314,target_oracle,0.01,0.00996090547060217,0.157733102055905,0.0635858355895453,0.0145566727605119,0.00829723342828229,0.00625943933222959,0.569995188103034,0.17164953920781,0.518493889453746,0.00982441471571906,0.172378690193417,0.0717889018238261,0.0177304964539007,0.00652045050385299,0.0112100459500477,0.367753408417309,0.168248962864648,0.506308340056325,0.000136490754883105,-0.0146455881375123,-0.00820306623428087,-0.00317382369338883,0.00177678292442929,-0.00495060661781812,0.202241779685726,0.00340057634316221,0.0121855493974218
MS->HI,MS,HI,small,314,target_oracle,0.02,0.0199420566840308,0.233023857593767,0.0972671350644359,0.0340188909201706,0.0148462295705789,0.0191726613495918,0.436411334085444,0.17164953920781,0.518493889453746,0.0198578595317726,0.261282660332542,0.111887207347044,0.0361702127659574,0.013040901007706,0.0231293117582515,0.360542557271871,0.168248962864648,0.506308340056325,8.41971522581898e-05,-0.0282588027387747,-0.0146200722826085,-0.00215132184578681,0.00180532856287289,-0.0039566504086597,0.075868776813573,0.00340057634316221,0.0121855493974218
MS->HI,MS,HI,small,314,target_oracle,0.05,0.0498571662843596,0.377701396195297,0.168828287544807,0.0877742230347349,0.0361311564010578,0.0516430666336772,0.411637439237253,0.17164953920781,0.518493889453746,0.0499581939799331,0.408211740753308,0.186521795369292,0.0836879432624113,0.0358624777711915,0.0478254654912199,0.428526217435423,0.168248962864648,0.506308340056325,-0.000101027695573554,-0.0305103445580117,-0.0176935078244853,0.00408627977232358,0.000268678629866306,0.00381760114245727,-0.0168887781981706,0.00340057634316221,0.0121855493974218
MS->HI,MS,HI,small,314,target_oracle,0.1,0.0998378315999603,0.528545937953195,0.255411361505133,0.170620048750762,0.0742146030205349,0.0964054457302268,0.434970002434744,0.17164953920781,0.518493889453746,0.0999163879598662,0.557516118086189,0.274350019402406,0.164539007092199,0.0729104919976289,0.0916285150945696,0.443119800502831,0.168248962864648,0.506308340056325,-7.85563599059041e-05,-0.0289701801329947,-0.0189386578972728,0.00608104165856316,0.00130411102290597,0.00477693063565719,-0.00814979806808747,0.00340057634316221,0.0121855493974218
MS->HI,MS,HI,small,1618,source_calibrated,0.01,0.00934745946296143,0.155959422185572,0.0625513532757102,0.0164533820840951,0.00677510885120956,0.0096782732328855,0.41177606017907,0.171893168753182,0.520454508772226,0.010242474916388,0.173057346454021,0.0723062993144483,0.0205673758865248,0.00592768227622999,0.0146396936102948,0.288208000327045,0.169052373749392,0.50909647445367,-0.000895015453426535,-0.0170979242684493,-0.00975494603873814,-0.00411399380242976,0.000847426574979571,-0.00496142037740933,0.123568059852026,0.00284079500379,0.0113580343185565
MS->HI,MS,HI,small,1618,source_calibrated,0.02,0.0163464127580573,0.212354622231069,0.0874756696725128,0.0316879951249238,0.0107927456425048,0.020895249482419,0.340594146141353,0.171893168753182,0.520454508772226,0.0188127090301003,0.236851034950797,0.101927305652568,0.0390070921985816,0.0103734439834025,0.0286336482151791,0.265937382119955,0.169052373749392,0.50909647445367,-0.00246629627204304,-0.0244964127197285,-0.0144516359800548,-0.00731909707365774,0.000419301659102289,-0.00773839873276003,0.074656764021398,0.00284079500379,0.0113580343185565
MS->HI,MS,HI,small,1618,source_calibrated,0.05,0.0427245910866093,0.351849745500043,0.154902762532134,0.0794713589274832,0.0294222268792861,0.0500491320481971,0.370224283016648,0.171893168753182,0.520454508772226,0.0403428093645485,0.36952833389888,0.165825895744406,0.0723404255319149,0.0269709543568465,0.0453694711750684,0.372833780815231,0.169052373749392,0.50909647445367,0.00238178172206076,-0.0176785883988376,-0.0109231332122716,0.00713093339556836,0.00245127252243967,0.00467966087312869,-0.00260949779858305,0.00284079500379,0.0113580343185565
MS->HI,MS,HI,small,1618,source_calibrated,0.1,0.0785959982264729,0.483834276452356,0.225652581626717,0.144576477757465,0.0547110031407607,0.0898654746167043,0.378422575991521,0.171893168753182,0.520454508772226,0.0754598662207358,0.502205632846963,0.238132195058854,0.134042553191489,0.0509780675755779,0.0830644856159114,0.380312567627328,0.169052373749392,0.50909647445367,0.00313613200573713,-0.0183713563946072,-0.012479613432137,0.0105339245659756,0.00373293556518273,0.00680098900079287,-0.00188999163580694,0.00284079500379,0.0113580343185565
MS->HI,MS,HI,small,1618,target_oracle,0.01,0.00984955388505682,0.164035175022038,0.0658018463316509,0.0176264472882389,0.00703431122484151,0.0105921360633974,0.39907708625635,0.171893168753182,0.520454508772226,0.00982441471571906,0.172378690193417,0.0717889018238261,0.0198581560283688,0.00563129816241849,0.0142268578659503,0.283576086036074,0.169052373749392,0.50909647445367,2.5139169337756e-05,-0.00834351517137932,-0.00598705549217525,-0.00223170874012992,0.00140301306242302,-0.00363472180255294,0.115501000220276,0.00284079500379,0.0113580343185565
MS->HI,MS,HI,small,1618,target_oracle,0.02,0.0197983119099631,0.239016691784912,0.0993502883522709,0.0375990249847654,0.0133544371861652,0.0242445877986002,0.355180412033989,0.171893168753182,0.520454508772226,0.0198578595317726,0.247370206990159,0.106583883068167,0.0404255319148936,0.011262596324837,0.0291629355900566,0.27860106698281,0.169052373749392,0.50909647445367,-5.95476218094443e-05,-0.00835351520524749,-0.00723359471589621,-0.00282650693012823,0.00209184086132822,-0.00491834779145645,0.0765793450511792,0.00284079500379,0.0113580343185565
MS->HI,MS,HI,small,1618,target_oracle,0.05,0.0499543458499264,0.375170614496545,0.167971808422131,0.0839427178549665,0.0376505235060706,0.0462921943488959,0.448526381658525,0.171893168753182,0.520454508772226,0.0499581939799331,0.411605022056328,0.187815289095848,0.0851063829787234,0.0352697095435685,0.0498366734351549,0.414419087136929,0.169052373749392,0.50909647445367,-3.84813000670753e-06,-0.0364344075597834,-0.0198434806737172,-0.00116366512375692,0.00238081396250211,-0.00354447908625902,0.0341072945215954,0.00284079500379,0.0113580343185565
MS->HI,MS,HI,small,1618,target_oracle,0.1,0.0998439053228082,0.543744846020417,0.260930750309248,0.180217854966484,0.0707484606412225,0.109469394325261,0.392571871718149,0.171893168753182,0.520454508772226,0.0999163879598662,0.569731930777061,0.279006596818005,0.168794326241135,0.0711321873147599,0.0976621389263748,0.42141337862946,0.169052373749392,0.50909647445367,-7.24826370579745e-05,-0.0259870847566446,-0.0180758465087572,0.0114235287253491,-0.00038372667353738,0.0118072553988865,-0.0288415069113107,0.00284079500379,0.0113580343185565
MS->HI,MS,HI,small,2718,source_calibrated,0.01,0.0107342928465717,0.137284243751244,0.0566578997945224,0.0194622181596587,0.00757477574858473,0.011887442411074,0.389204133179727,0.172968067994954,0.522990899595795,0.00836120401337793,0.145232439769257,0.0605355064027939,0.0163120567375887,0.0050385299347955,0.0112735268027932,0.308883791654854,0.169529386846946,0.509953482573708,0.00237308883319376,-0.0079481960180128,-0.00387760660827154,0.00315016142207009,0.00253624581378923,0.000613915608280859,0.0803203415248729,0.00343868114800785,0.0130374170220867
MS->HI,MS,HI,small,2718,source_calibrated,0.02,0.015243019774017,0.197692438934228,0.0814519384934481,0.026508226691042,0.0111650043705932,0.0153432223204488,0.421190164876861,0.172968067994954,0.522990899595795,0.0171404682274247,0.231761112996267,0.0989522700814901,0.0312056737588652,0.011262596324837,0.0199430774340283,0.360915018591367,0.169529386846946,0.509953482573708,-0.00189744845340773,-0.0340686740620393,-0.017500331588042,-0.0046974470678232,-9.75919542437736e-05,-0.00459985511357943,0.0602751462854942,0.00343868114800785,0.0130374170220867
MS->HI,MS,HI,small,2718,source_calibrated,0.05,0.0329843642128151,0.31232049933176,0.134352423100687,0.0567794028031688,0.024370538065523,0.0324088647376458,0.42921441336757,0.172968067994954,0.522990899595795,0.0317725752508361,0.335934848998982,0.14771698357263,0.0553191489361702,0.021932424422051,0.0333867245141192,0.396470749167845,0.169529386846946,0.509953482573708,0.00121178896197903,-0.0236143496672221,-0.0133645604719431,0.00146025386699859,0.00243811364347207,-0.00097785977647348,0.0327436641997253,0.00343868114800785,0.0130374170220867
MS->HI,MS,HI,small,2718,source_calibrated,0.1,0.0759863219761465,0.470156680979327,0.219026477329746,0.140653564899452,0.052576719766387,0.0880768451330646,0.373802966202615,0.172968067994954,0.522990899595795,0.0702341137123746,0.477434679334917,0.225455956538611,0.119148936170213,0.0497925311203319,0.0693564050498808,0.417901600474215,0.169529386846946,0.509953482573708,0.00575220826377189,-0.00727799835558962,-0.00642947920886502,0.0215046287292388,0.00278418864605502,0.0187204400831837,-0.0440986342715998,0.00343868114800785,0.0130374170220867
MS->HI,MS,HI,small,2718,target_oracle,0.01,0.00986979962788325,0.127772485568857,0.0526554077498462,0.0180987202925046,0.00689092267772597,0.0112077976147786,0.380740879264253,0.172968067994954,0.522990899595795,0.00982441471571906,0.154054971157109,0.0648040357004269,0.0184397163120567,0.00622406639004149,0.0122156499220152,0.337535908075327,0.169529386846946,0.509953482573708,4.53849121641835e-05,-0.0262824855882517,-0.0121486279505807,-0.000340996019552165,0.000666856287684475,-0.00100785230723664,0.0432049711889258,0.00343868114800785,0.0130374170220867
MS->HI,MS,HI,small,2718,target_oracle,0.02,0.0198205822270722,0.248386271220178,0.102764595939205,0.0368829981718464,0.0136439717524562,0.0232390264193902,0.36992577688196,0.172968067994954,0.522990899595795,0.0198578595317726,0.265015269765864,0.113310050446255,0.0375886524822695,0.012448132780083,0.0251405197021865,0.33116730603617,0.169529386846946,0.509953482573708,-3.72773047003748e-05,-0.0166289985456856,-0.0105454545070499,-0.000705654310423069,0.00119583897237323,-0.0019014932827963,0.0387584708457904,0.00343868114800785,0.0130374170220867
MS->HI,MS,HI,small,2718,target_oracle,0.05,0.0499462475527958,0.377043819489863,0.168646414719058,0.088216026812919,0.036092551792219,0.0521234750207,0.409138260882696,0.172968067994954,0.522990899595795,0.0499581939799331,0.404139803189684,0.184969602897426,0.0872340425531915,0.034380557202134,0.0528534853510575,0.394118582561048,0.169529386846946,0.509953482573708,-1.19464271372757e-05,-0.0270959836998217,-0.0163231881783679,0.000981984259727467,0.001711994590085,-0.000730010330357529,0.0150196783216484,0.00343868114800785,0.0130374170220867
MS->HI,MS,HI,small,2718,target_oracle,0.1,0.0998641510656347,0.54293087269315,0.260648266984149,0.174641986593541,0.072794504909679,0.101847481683862,0.41682132876271,0.172968067994954,0.522990899595795,0.0999163879598662,0.578215134034611,0.282240331134394,0.165957446808511,0.0723177237700059,0.0936397230385047,0.435760643229523,0.169529386846946,0.509953482573708,-5.22368942315471e-05,-0.0352842613414616,-0.0215920641502453,0.00868453978502989,0.000476781139673074,0.00820775864535682,-0.0189393144668126,0.00343868114800785,0.0130374170220867
MS->HI,MS,HI,small,8675309,source_calibrated,0.01,0.0108152758178774,0.155561321693633,0.0633420486103497,0.0194774527726996,0.00767955968686147,0.0117978930858381,0.394279466441601,0.17312221969736,0.522963899356041,0.00877926421404682,0.139463861554123,0.0585952658129608,0.0170212765957447,0.00533491404860699,0.0116863625471377,0.313426200355661,0.170207089722164,0.512103322639106,0.00203601160383057,0.0160974601395104,0.00474678279738892,0.00245617617695489,0.00234464563825448,0.000111530538700414,0.0808532660859402,0.00291512997519588,0.0108605767169344
MS->HI,MS,HI,small,8675309,source_calibrated,0.02,0.0143582808125022,0.194624932465095,0.0797750968376056,0.0283287629494211,0.00930095325809111,0.01902780969133,0.328321899360635,0.17312221969736,0.522963899356041,0.0117056856187291,0.194774346793349,0.0814901047729918,0.024113475177305,0.00652045050385299,0.017593024673452,0.270406917953904,0.170207089722164,0.512103322639106,0.00265259519377306,-0.000149414328254049,-0.00171500793538622,0.00421528777211612,0.00278050275423812,0.001434785017878,0.0579149814067313,0.00291512997519588,0.0108605767169344
MS->HI,MS,HI,small,8675309,source_calibrated,0.05,0.0384689359444943,0.326012312679501,0.142815313949904,0.0685557586837294,0.0275774780712034,0.040978280612526,0.402263480131954,0.17312221969736,0.522963899356041,0.0338628762541806,0.33389888021717,0.148234381063252,0.0602836879432624,0.0228215767634855,0.0374621111797769,0.378569685135465,0.170207089722164,0.512103322639106,0.00460605969031367,-0.00788656753766936,-0.00541906711334814,0.00827207074046702,0.00475590130771797,0.00351616943274904,0.0236937949964893,0.00291512997519588,0.0108605767169344
MS->HI,MS,HI,small,8675309,source_calibrated,0.1,0.081236043091039,0.481882873148122,0.226626439665302,0.145536258379037,0.0579593052273398,0.0875769531516974,0.398246497971588,0.17312221969736,0.522963899356041,0.0691889632107023,0.475398710553105,0.2240331134394,0.115602836879433,0.0497925311203319,0.0658103057591007,0.430720667973424,0.170207089722164,0.512103322639106,0.0120470798803367,0.006484162595017,0.00259332622590258,0.0299334214996045,0.00816677410700783,0.0217666473925967,-0.0324741700018352,0.00291512997519588,0.0108605767169344
MS->HI,MS,HI,small,8675309,target_oracle,0.01,0.0095215728512687,0.148278215372366,0.0598748560173463,0.0159430225472273,0.00719700207637646,0.00874602047085084,0.451420178015624,0.17312221969736,0.522963899356041,0.00982441471571906,0.166270783847981,0.0694606131160264,0.0198581560283688,0.00563129816241849,0.0142268578659503,0.283576086036074,0.170207089722164,0.512103322639106,-0.000302841864450365,-0.0179925684756149,-0.00958575709868011,-0.0039151334811415,0.00156570391395797,-0.00548083739509946,0.16784409197955,0.00291512997519588,0.0108605767169344
MS->HI,MS,HI,small,8675309,target_oracle,0.02,0.0199643270011398,0.239116216907897,0.0994921749539191,0.0396709323583181,0.0128305174947815,0.0268404148635366,0.323423643762464,0.17312221969736,0.522963899356041,0.0198578595317726,0.255514082117408,0.1096882680119,0.0375886524822695,0.012448132780083,0.0251405197021865,0.33116730603617,0.170207089722164,0.512103322639106,0.000106467469367259,-0.0163978652095109,-0.010196093057981,0.00208227987604859,0.000382384714698498,0.00169989516135009,-0.00774366227370588,0.00291512997519588,0.0108605767169344
MS->HI,MS,HI,small,8675309,target_oracle,0.05,0.0498308468186852,0.364215742030881,0.163917721249582,0.0860907982937233,0.0367047105895199,0.0493860877042034,0.426348823765013,0.17312221969736,0.522963899356041,0.0499581939799331,0.40515778758059,0.185357651015393,0.0836879432624113,0.0358624777711915,0.0478254654912199,0.428526217435423,0.170207089722164,0.512103322639106,-0.000127347161247911,-0.0409420455497092,-0.0214399297658102,0.00240285503131199,0.000842232818328487,0.0015606222129835,-0.0021773936704102,0.00291512997519588,0.0108605767169344
MS->HI,MS,HI,small,8675309,target_oracle,0.1,0.0999289374426792,0.527877697841727,0.25522690892299,0.176264472882389,0.0722954024668345,0.103969070415554,0.41015300068479,0.17312221969736,0.522963899356041,0.0999163879598662,0.552086868001357,0.272280429439917,0.165957446808511,0.0723177237700059,0.0936397230385047,0.435760643229523,0.170207089722164,0.512103322639106,1.25494828130124e-05,-0.0242091701596306,-0.0170535205169268,0.0103070260738782,-2.23213031714242e-05,0.0103293473770496,-0.0256076425447332,0.00291512997519588,0.0108605767169344
