pair,source,target,model_config,seed,policy,target_fpr,threshold,threshold_source,source_train_rows,source_calibration_rows,target_rows,elapsed_seconds,evaluation_weighting,global_fpr,recall,alert_rate,fpr_older,fpr_younger,fpr_difference,pe_ratio,brier,logloss,logloss_older,logloss_younger,n,positives,negatives,n_older,n_younger,n_older_positive,n_younger_positive,weight_sum,positive_weight_sum,negative_weight_sum
CA->PR,CA,PR,small,42,target_oracle,0.01,0.890551508007165,target_labels,156532,39133,9071,0.279055300008622,PWGTP,0.00990997321517146,0.200543379475945,0.0284944737340323,0.0144544282293223,0.00837541313774576,0.00607901509157655,0.579435796758488,0.179056951782629,0.520424197042967,0.63482206026227,0.478097163050383,9071,962,8109,2983,6088,485,477,1072243,104531,967712
CA->PR,CA,PR,small,42,source_calibrated,0.01,0.845392968719944,source_calibration_labels,156532,39133,9071,0.279055300008622,PWGTP,0.0391852121292285,0.382852933579512,0.0726887468605531,0.0542522054158053,0.034097427936751,0.0201547774790543,0.628498467028539,0.179056951782629,0.520424197042967,0.63482206026227,0.478097163050383,9071,962,8109,2983,6088,485,477,1072243,104531,967712
CA->PR,CA,PR,small,42,target_oracle,0.02,0.875940801129284,target_labels,156532,39133,9071,0.279055300008622,PWGTP,0.019952217188585,0.256220642680162,0.0429855918854215,0.0268579732689277,0.0176202989382481,0.0092376743306796,0.656054675526587,0.179056951782629,0.520424197042967,0.63482206026227,0.478097163050383,9071,962,8109,2983,6088,485,477,1072243,104531,967712
CA->PR,CA,PR,small,42,source_calibrated,0.02,0.79892086694287,source_calibration_labels,156532,39133,9071,0.279055300008622,PWGTP,0.0764793657617142,0.516200935607619,0.119347013689994,0.101365208670201,0.0680759772582444,0.0332892314119564,0.671591151947752,0.179056951782629,0.520424197042967,0.63482206026227,0.478097163050383,9071,962,8109,2983,6088,485,477,1072243,104531,967712
CA->PR,CA,PR,small,42,target_oracle,0.05,0.831316594193382,target_labels,156532,39133,9071,0.279055300008622,PWGTP,0.049922910948712,0.437583109316853,0.0877151914258242,0.0691651145178787,0.0434252523060378,0.0257398622118409,0.627849062475168,0.179056951782629,0.520424197042967,0.63482206026227,0.478097163050383,9071,962,8109,2983,6088,485,477,1072243,104531,967712
CA->PR,CA,PR,small,42,source_calibrated,0.05,0.704538310914966,source_calibration_labels,156532,39133,9071,0.279055300008622,PWGTP,0.154961393472438,0.680027934297003,0.206149165814093,0.199136254784371,0.140044538011437,0.0590917167729335,0.703259876826953,0.179056951782629,0.520424197042967,0.63482206026227,0.478097163050383,9071,962,8109,2983,6088,485,477,1072243,104531,967712
CA->PR,CA,PR,small,42,target_oracle,0.1,0.772626919410655,target_labels,156532,39133,9071,0.279055300008622,PWGTP,0.0999357246784167,0.580488084874343,0.146783891338064,0.129516752972962,0.0899468778466936,0.0395698751262683,0.694480642712461,0.179056951782629,0.520424197042967,0.63482206026227,0.478097163050383,9071,962,8109,2983,6088,485,477,1072243,104531,967712
CA->PR,CA,PR,small,42,source_calibrated,0.1,0.570303184499049,source_calibration_labels,156532,39133,9071,0.279055300008622,PWGTP,0.236036134717767,0.80583750275038,0.291585023171054,0.29558507481016,0.215927799211254,0.0796572755989061,0.730509818027632,0.179056951782629,0.520424197042967,0.63482206026227,0.478097163050383,9071,962,8109,2983,6088,485,477,1072243,104531,967712
CA->PR,CA,PR,small,314,target_oracle,0.01,0.888221356429253,target_labels,156532,39133,9071,0.210199499997543,PWGTP,0.00986553850732449,0.193665037166008,0.0277838139302378,0.0136684610188919,0.00858137725022705,0.00508708376866482,0.627823222992427,0.169894746196386,0.49738449136333,0.602528900423304,0.458481221221999,9071,962,8109,2983,6088,485,477,1072243,104531,967712
CA->PR,CA,PR,small,314,source_calibrated,0.01,0.85011276915753,source_calibration_labels,156532,39133,9071,0.210199499997543,PWGTP,0.0318400515855957,0.333250423319398,0.0612239949339842,0.0422621118775201,0.0283207566209168,0.0139413552566033,0.670121661288325,0.169894746196386,0.49738449136333,0.602528900423304,0.458481221221999,9071,962,8109,2983,6088,485,477,1072243,104531,967712
CA->PR,CA,PR,small,314,target_oracle,0.02,0.869722765085628,target_labels,156532,39133,9071,0.210199499997543,PWGTP,0.0199150160378294,0.263759076254891,0.0436869254450717,0.0257936426714698,0.0179299362617099,0.00786370640975991,0.695130055497826,0.169894746196386,0.49738449136333,0.602528900423304,0.458481221221999,9071,962,8109,2983,6088,485,477,1072243,104531,967712
CA->PR,CA,PR,small,314,source_calibrated,0.02,0.799534296674442,source_calibration_labels,156532,39133,9071,0.210199499997543,PWGTP,0.0669972057802321,0.495231079775378,0.108744939346771,0.0887692654072088,0.0596452717413091,0.0291239936658997,0.671913544262195,0.169894746196386,0.49738449136333,0.602528900423304,0.458481221221999,9071,962,8109,2983,6088,485,477,1072243,104531,967712
CA->PR,CA,PR,small,314,target_oracle,0.05,0.820552123211235,target_labels,156532,39133,9071,0.210199499997543,PWGTP,0.0499435782546873,0.447388812888043,0.0886897839389019,0.0660826493644718,0.0444937775338769,0.0215888718305949,0.673304989460641,0.169894746196386,0.49738449136333,0.602528900423304,0.458481221221999,9071,962,8109,2983,6088,485,477,1072243,104531,967712
CA->PR,CA,PR,small,314,source_calibrated,0.05,0.69699404268944,source_calibration_labels,156532,39133,9071,0.210199499997543,PWGTP,0.150059108495089,0.667400101405325,0.200493731364998,0.191223366150193,0.136158866063888,0.0550645000863058,0.712040943557827,0.169894746196386,0.49738449136333,0.602528900423304,0.458481221221999,9071,962,8109,2983,6088,485,477,1072243,104531,967712
CA->PR,CA,PR,small,314,target_oracle,0.1,0.761311416823375,target_labels,156532,39133,9071,0.210199499997543,PWGTP,0.0999202241989352,0.583300647654763,0.14704409354969,0.132754774136766,0.088832736406023,0.0439220377307435,0.66914909074762,0.169894746196386,0.49738449136333,0.602528900423304,0.458481221221999,9071,962,8109,2983,6088,485,477,1072243,104531,967712
CA->PR,CA,PR,small,314,source_calibrated,0.1,0.565246902885969,source_calibration_labels,156532,39133,9071,0.210199499997543,PWGTP,0.22367605237922,0.793917593823842,0.279267852529697,0.283107845344577,0.20360727481833,0.0795005705262471,0.719186268294737,0.169894746196386,0.49738449136333,0.602528900423304,0.458481221221999,9071,962,8109,2983,6088,485,477,1072243,104531,967712
CA->PR,CA,PR,small,2718,target_oracle,0.01,0.891096695149914,target_labels,156532,39133,9071,0.228300599992508,PWGTP,0.00982937072186766,0.201978360486363,0.0285616226918712,0.0123912643019424,0.00896427697611507,0.00342698732582733,0.72343521675265,0.174613804067043,0.510105502941801,0.618837092293821,0.469874981592395,9071,962,8109,2983,6088,485,477,1072243,104531,967712
CA->PR,CA,PR,small,2718,source_calibrated,0.01,0.850606767753857,source_calibration_labels,156532,39133,9071,0.228300599992508,PWGTP,0.037031678846599,0.337191837828013,0.0662937412508172,0.0486194404077205,0.033118752825095,0.0155006875826255,0.681183340395582,0.174613804067043,0.510105502941801,0.618837092293821,0.469874981592395,9071,962,8109,2983,6088,485,477,1072243,104531,967712
CA->PR,CA,PR,small,2718,target_oracle,0.02,0.872905983486193,target_labels,156532,39133,9071,0.228300599992508,PWGTP,0.0199677176680665,0.258411380356067,0.043213152242542,0.0268211310559388,0.0176534743657619,0.0091676566901769,0.658192763345564,0.174613804067043,0.510105502941801,0.618837092293821,0.469874981592395,9071,962,8109,2983,6088,485,477,1072243,104531,967712
CA->PR,CA,PR,small,2718,source_calibrated,0.02,0.803648379830118,source_calibration_labels,156532,39133,9071,0.228300599992508,PWGTP,0.0687477265963427,0.500942304196841,0.110881581880227,0.0930634300100293,0.0605368613557415,0.0325265686542878,0.650490330618778,0.174613804067043,0.510105502941801,0.618837092293821,0.469874981592395,9071,962,8109,2983,6088,485,477,1072243,104531,967712
CA->PR,CA,PR,small,2718,target_oracle,0.05,0.826372471645143,target_labels,156532,39133,9071,0.228300599992508,PWGTP,0.0498691759531762,0.421281725038505,0.0860775029540878,0.0659189061956321,0.0444495436305253,0.0214693625651069,0.674306450088981,0.174613804067043,0.510105502941801,0.618837092293821,0.469874981592395,9071,962,8109,2983,6088,485,477,1072243,104531,967712
CA->PR,CA,PR,small,2718,source_calibrated,0.05,0.69763086183516,source_calibration_labels,156532,39133,9071,0.228300599992508,PWGTP,0.152277743791541,0.674536740297137,0.20319181379594,0.191260208363182,0.139114243731572,0.0521459646316103,0.727355914343716,0.174613804067043,0.510105502941801,0.618837092293821,0.469874981592395,9071,962,8109,2983,6088,485,477,1072243,104531,967712
CA->PR,CA,PR,small,2718,target_oracle,0.1,0.764702864969586,target_labels,156532,39133,9071,0.228300599992508,PWGTP,0.0998520220892166,0.588877940515254,0.147526260371949,0.131072313076939,0.0893096331765334,0.0417626799004055,0.681376799416892,0.174613804067043,0.510105502941801,0.618837092293821,0.469874981592395,9071,962,8109,2983,6088,485,477,1072243,104531,967712
CA->PR,CA,PR,small,2718,source_calibrated,0.1,0.564129616805794,source_calibration_labels,156532,39133,9071,0.228300599992508,PWGTP,0.229260358453755,0.809042293673647,0.28578223406448,0.289718975786479,0.208844845437066,0.0808741303494134,0.72085318150159,0.174613804067043,0.510105502941801,0.618837092293821,0.469874981592395,9071,962,8109,2983,6088,485,477,1072243,104531,967712
CA->PR,CA,PR,small,1618,target_oracle,0.01,0.895631958678333,target_labels,156532,39133,9071,0.21059659999446,PWGTP,0.00970020005952184,0.184347227138361,0.026726217844276,0.0121988660785558,0.00885645683669534,0.00334240924186045,0.72600656320541,0.177648133758806,0.517527697456535,0.631499747745039,0.475358213595476,9071,962,8109,2983,6088,485,477,1072243,104531,967712
CA->PR,CA,PR,small,1618,source_calibrated,0.01,0.846690226808271,source_calibration_labels,156532,39133,9071,0.21059659999446,PWGTP,0.0402599120399458,0.364886971329079,0.071907207601262,0.0502323106207913,0.0368924577047857,0.0133398529160056,0.7344368046951,0.177648133758806,0.517527697456535,0.631499747745039,0.475358213595476,9071,962,8109,2983,6088,485,477,1072243,104531,967712
CA->PR,CA,PR,small,1618,target_oracle,0.02,0.873766269703804,target_labels,156532,39133,9071,0.21059659999446,PWGTP,0.0193383982011177,0.249026604547933,0.0417302794236008,0.0268784411650326,0.0167922955598837,0.0100861456051489,0.624749607195582,0.177648133758806,0.517527697456535,0.631499747745039,0.475358213595476,9071,962,8109,2983,6088,485,477,1072243,104531,967712
CA->PR,CA,PR,small,1618,source_calibrated,0.02,0.801616814682127,source_calibration_labels,156532,39133,9071,0.21059659999446,PWGTP,0.0728160857775867,0.503611368876218,0.114813526411457,0.0991260208363182,0.0639318134379834,0.0351942073983349,0.644954905872301,0.177648133758806,0.517527697456535,0.631499747745039,0.475358213595476,9071,962,8109,2983,6088,485,477,1072243,104531,967712
CA->PR,CA,PR,small,1618,target_oracle,0.05,0.835128222186444,target_labels,156532,39133,9071,0.21059659999446,PWGTP,0.0499828461360405,0.404779443418699,0.0845713145247859,0.0643224102994453,0.0451406983703954,0.01918171192905,0.701788041838734,0.177648133758806,0.517527697456535,0.631499747745039,0.475358213595476,9071,962,8109,2983,6088,485,477,1072243,104531,967712
CA->PR,CA,PR,small,1618,source_calibrated,0.05,0.694957705825258,source_calibration_labels,156532,39133,9071,0.21059659999446,PWGTP,0.158745577196521,0.69197654284375,0.210729284313351,0.201645618846839,0.144259199615165,0.0573864192316737,0.715409540956791,0.177648133758806,0.517527697456535,0.631499747745039,0.475358213595476,9071,962,8109,2983,6088,485,477,1072243,104531,967712
CA->PR,CA,PR,small,1618,target_oracle,0.1,0.769727960286967,target_labels,156532,39133,9071,0.21059659999446,PWGTP,0.0999904930392514,0.579426198926634,0.146729799122027,0.130372311030149,0.0897312375678541,0.0406410734622951,0.68826913367443,0.177648133758806,0.517527697456535,0.631499747745039,0.475358213595476,9071,962,8109,2983,6088,485,477,1072243,104531,967712
CA->PR,CA,PR,small,1618,source_calibrated,0.1,0.561937700935536,source_calibration_labels,156532,39133,9071,0.21059659999446,PWGTP,0.240501306173738,0.817853077077613,0.296786269530321,0.307022535153612,0.218038585786817,0.0889839493667941,0.710171276768746,0.177648133758806,0.517527697456535,0.631499747745039,0.475358213595476,9071,962,8109,2983,6088,485,477,1072243,104531,967712
CA->PR,CA,PR,small,8675309,target_oracle,0.01,0.892865897819893,target_labels,156532,39133,9071,0.223289700006717,PWGTP,0.00992960715584802,0.194822588514412,0.0279544841980782,0.0137053032318808,0.00865463965265327,0.00505066357922752,0.631481077523419,0.176652893830908,0.515101315644115,0.630860841759152,0.472270468467857,9071,962,8109,2983,6088,485,477,1072243,104531,967712
CA->PR,CA,PR,small,8675309,source_calibrated,0.01,0.852931504314929,source_calibration_labels,156532,39133,9071,0.223289700006717,PWGTP,0.0321252604080553,0.346767944437535,0.0627991975699538,0.0408702949423829,0.0291722592604368,0.0116980356819461,0.713776577868169,0.176652893830908,0.515101315644115,0.630860841759152,0.472270468467857,9071,962,8109,2983,6088,485,477,1072243,104531,967712
CA->PR,CA,PR,small,8675309,target_oracle,0.02,0.87165409094274,target_labels,156532,39133,9071,0.223289700006717,PWGTP,0.0199429169008961,0.271948034554343,0.044510432803012,0.0252614773727409,0.0181469588500291,0.00711451852271176,0.718364907256418,0.176652893830908,0.515101315644115,0.630860841759152,0.472270468467857,9071,962,8109,2983,6088,485,477,1072243,104531,967712
CA->PR,CA,PR,small,8675309,source_calibrated,0.02,0.810435258115491,source_calibration_labels,156532,39133,9071,0.223289700006717,PWGTP,0.0631913213848748,0.487453482698912,0.104551859979501,0.085113699162863,0.055788628292834,0.0293250708700291,0.655460035711569,0.176652893830908,0.515101315644115,0.630860841759152,0.472270468467857,9071,962,8109,2983,6088,485,477,1072243,104531,967712
CA->PR,CA,PR,small,8675309,target_oracle,0.05,0.827327471427051,target_labels,156532,39133,9071,0.223289700006717,PWGTP,0.0499694123871565,0.435727200543379,0.0875762303880743,0.0692265182061936,0.04346672159043,0.0257597966157636,0.627891200030642,0.176652893830908,0.515101315644115,0.630860841759152,0.472270468467857,9071,962,8109,2983,6088,485,477,1072243,104531,967712
CA->PR,CA,PR,small,8675309,source_calibrated,0.05,0.698507079303814,source_calibration_labels,156532,39133,9071,0.223289700006717,PWGTP,0.156809050626633,0.68409371382652,0.208213063643223,0.195963730888102,0.143587397208011,0.0523763336800907,0.732724349333815,0.176652893830908,0.515101315644115,0.630860841759152,0.472270468467857,9071,962,8109,2983,6088,485,477,1072243,104531,967712
CA->PR,CA,PR,small,8675309,target_oracle,0.1,0.76833532889864,target_labels,156532,39133,9071,0.223289700006717,PWGTP,0.0998861231440759,0.586878533640738,0.14736211847501,0.130179912806763,0.0896565928559482,0.0405233199508144,0.688712958265944,0.176652893830908,0.515101315644115,0.630860841759152,0.472270468467857,9071,962,8109,2983,6088,485,477,1072243,104531,967712
CA->PR,CA,PR,small,8675309,source_calibrated,0.1,0.566298002883288,source_calibration_labels,156532,39133,9071,0.223289700006717,PWGTP,0.229454631129923,0.80707158641934,0.28576544682502,0.293632437521747,0.207783231756625,0.0858492057651221,0.707630374594551,0.176652893830908,0.515101315644115,0.630860841759152,0.472270468467857,9071,962,8109,2983,6088,485,477,1072243,104531,967712
CA->PR,CA,PR,reference,42,target_oracle,0.01,0.915009851912056,target_labels,156532,39133,9071,0.291728299998795,PWGTP,0.00993580734764062,0.170667074839043,0.025605203298133,0.0143602759072395,0.00844176399277329,0.00591851191446621,0.587855278499037,0.177728663520418,0.519613654571603,0.64812227077913,0.472065663608446,9071,962,8109,2983,6088,485,477,1072243,104531,967712
CA->PR,CA,PR,reference,42,source_calibrated,0.01,0.867694764606991,source_calibration_labels,156532,39133,9071,0.291728299998795,PWGTP,0.0371939171985053,0.370942591193043,0.069730462217986,0.0534785189430378,0.0316949740609626,0.0217835448820752,0.592667386595396,0.177728663520418,0.519613654571603,0.64812227077913,0.472065663608446,9071,962,8109,2983,6088,485,477,1072243,104531,967712
CA->PR,CA,PR,reference,42,target_oracle,0.02,0.895277967057603,target_labels,156532,39133,9071,0.291728299998795,PWGTP,0.0199852848781456,0.255924079938009,0.0429865245098359,0.0309638332275825,0.0162780764334204,0.0146857567941622,0.525712572916195,0.177728663520418,0.519613654571603,0.64812227077913,0.472065663608446,9071,962,8109,2983,6088,485,477,1072243,104531,967712
CA->PR,CA,PR,reference,42,source_calibrated,0.02,0.819130260912209,source_calibration_labels,156532,39133,9071,0.291728299998795,PWGTP,0.0760494857974273,0.511369832872545,0.118488066604305,0.108848271486174,0.0649740747857075,0.0438741967004665,0.596923349342856,0.177728663520418,0.519613654571603,0.64812227077913,0.472065663608446,9071,962,8109,2983,6088,485,477,1072243,104531,967712
CA->PR,CA,PR,reference,42,target_oracle,0.05,0.848296772312178,target_labels,156532,39133,9071,0.291728299998795,PWGTP,0.0499601120994676,0.43151792291282,0.087157482025996,0.0708516691569274,0.0429055039416555,0.0279461652152719,0.605568004991178,0.177728663520418,0.519613654571603,0.64812227077913,0.472065663608446,9071,962,8109,2983,6088,485,477,1072243,104531,967712
CA->PR,CA,PR,reference,42,source_calibrated,0.05,0.718013502012557,source_calibration_labels,156532,39133,9071,0.291728299998795,PWGTP,0.145205391686783,0.66607991887574,0.195984492321237,0.191485355220337,0.129577690630845,0.0619076645894923,0.676697653884513,0.177728663520418,0.519613654571603,0.64812227077913,0.472065663608446,9071,962,8109,2983,6088,485,477,1072243,104531,967712
CA->PR,CA,PR,reference,42,target_oracle,0.1,0.782780104866548,target_labels,156532,39133,9071,0.291728299998795,PWGTP,0.099890256605271,0.587844754187753,0.147460044038525,0.134944839019997,0.0880531138594495,0.0468917251605476,0.652511904115141,0.177728663520418,0.519613654571603,0.64812227077913,0.472065663608446,9071,962,8109,2983,6088,485,477,1072243,104531,967712
CA->PR,CA,PR,reference,42,source_calibrated,0.1,0.57629400913802,source_calibration_labels,156532,39133,9071,0.291728299998795,PWGTP,0.229166322211567,0.794548985468426,0.284284439254908,0.29657572098164,0.206403686895844,0.0901720340857959,0.695956116072704,0.177728663520418,0.519613654571603,0.64812227077913,0.472065663608446,9071,962,8109,2983,6088,485,477,1072243,104531,967712
CA->PR,CA,PR,reference,314,target_oracle,0.01,0.905997195845457,target_labels,156532,39133,9071,0.279051500008791,PWGTP,0.00976530207334413,0.178148109173355,0.0261806325618353,0.011105880426551,0.0093126189650096,0.00179326146154135,0.838530454798146,0.17093936905388,0.503231156581856,0.615120964677439,0.461832099139616,9071,962,8109,2983,6088,485,477,1072243,104531,967712
CA->PR,CA,PR,reference,314,source_calibrated,0.01,0.868670405349946,source_calibration_labels,156532,39133,9071,0.279051500008791,PWGTP,0.0331038573459872,0.328132324382241,0.061865640531111,0.0461632928751254,0.0286939801804467,0.0174693126946787,0.621575680445191,0.17093936905388,0.503231156581856,0.615120964677439,0.461832099139616,9071,962,8109,2983,6088,485,477,1072243,104531,967712
CA->PR,CA,PR,reference,314,target_oracle,0.02,0.89020926729103,target_labels,156532,39133,9071,0.279051500008791,PWGTP,0.0198158129691478,0.236245707015144,0.0409151656853903,0.0269971549624414,0.0173908355646112,0.00960631939783019,0.644172898544511,0.17093936905388,0.503231156581856,0.615120964677439,0.461832099139616,9071,962,8109,2983,6088,485,477,1072243,104531,967712
CA->PR,CA,PR,reference,314,source_calibrated,0.02,0.814920310121514,source_calibration_labels,156532,39133,9071,0.279051500008791,PWGTP,0.0726734813663569,0.49046694282079,0.113403398296841,0.101152342550709,0.0630568115373078,0.0380955310134014,0.623384589493778,0.17093936905388,0.503231156581856,0.615120964677439,0.461832099139616,9071,962,8109,2983,6088,485,477,1072243,104531,967712
CA->PR,CA,PR,reference,314,target_oracle,0.05,0.845291751221112,target_labels,156532,39133,9071,0.279051500008791,PWGTP,0.049967345656559,0.41455644736968,0.0855104673101153,0.0714616124608552,0.0427092159955324,0.0287523964653228,0.597652565129669,0.17093936905388,0.503231156581856,0.615120964677439,0.461832099139616,9071,962,8109,2983,6088,485,477,1072243,104531,967712
CA->PR,CA,PR,reference,314,source_calibrated,0.05,0.709604904775119,source_calibration_labels,156532,39133,9071,0.279051500008791,PWGTP,0.13869829040045,0.668567219293798,0.190354238731332,0.179458419469063,0.124934513088397,0.0545239063806655,0.696175266995122,0.17093936905388,0.503231156581856,0.615120964677439,0.461832099139616,9071,962,8109,2983,6088,485,477,1072243,104531,967712
CA->PR,CA,PR,reference,314,target_oracle,0.1,0.772250356229798,target_labels,156532,39133,9071,0.279051500008791,PWGTP,0.099810687477266,0.590236389205116,0.147621388062221,0.133958286427738,0.0882798126141269,0.0456784738136112,0.659009718385344,0.17093936905388,0.503231156581856,0.615120964677439,0.461832099139616,9071,962,8109,2983,6088,485,477,1072243,104531,967712
CA->PR,CA,PR,reference,314,source_calibrated,0.1,0.572290534370714,source_calibration_labels,156532,39133,9071,0.279051500008791,PWGTP,0.218057645249826,0.78362399670911,0.273193669718525,0.273311910268743,0.199399524762001,0.0739123855067426,0.729567637816934,0.17093936905388,0.503231156581856,0.615120964677439,0.461832099139616,9071,962,8109,2983,6088,485,477,1072243,104531,967712
CA->PR,CA,PR,reference,2718,target_oracle,0.01,0.9080721912006,target_labels,156532,39133,9071,0.291494000004604,PWGTP,0.00991927350286036,0.181716428619261,0.026667462506167,0.0118345375278875,0.00927253199009714,0.00256200553779037,0.783514519958796,0.172515760416799,0.507309453698321,0.623712197159584,0.464240617090161,9071,962,8109,2983,6088,485,477,1072243,104531,967712
CA->PR,CA,PR,reference,2718,source_calibrated,0.01,0.870731905820148,source_calibration_labels,156532,39133,9071,0.291494000004604,PWGTP,0.0342643265765021,0.315944552333757,0.0617248142445323,0.0476533557115664,0.0297431530755695,0.0179102026359969,0.624156528568464,0.172515760416799,0.507309453698321,0.623712197159584,0.464240617090161,9071,962,8109,2983,6088,485,477,1072243,104531,967712
CA->PR,CA,PR,reference,2718,target_oracle,0.02,0.893957844593414,target_labels,156532,39133,9071,0.291494000004604,PWGTP,0.0199501504579875,0.234715060604031,0.0408871869529575,0.0291217225781362,0.0168531171769923,0.0122686054011439,0.578712922347703,0.172515760416799,0.507309453698321,0.623712197159584,0.464240617090161,9071,962,8109,2983,6088,485,477,1072243,104531,967712
CA->PR,CA,PR,reference,2718,source_calibrated,0.02,0.819625441823228,source_calibration_labels,156532,39133,9071,0.291494000004604,PWGTP,0.0722322343837836,0.484411322956826,0.112414816417547,0.0973412202959658,0.0637534955150969,0.0335877247808689,0.654948595479433,0.172515760416799,0.507309453698321,0.623712197159584,0.464240617090161,9071,962,8109,2983,6088,485,477,1072243,104531,967712
CA->PR,CA,PR,reference,2718,target_oracle,0.05,0.84189891268168,target_labels,156532,39133,9071,0.291494000004604,PWGTP,0.0499611454647664,0.433756493289072,0.0873766487633867,0.0692019567308676,0.0434639569714705,0.0257379997593971,0.628074104038786,0.172515760416799,0.507309453698321,0.623712197159584,0.464240617090161,9071,962,8109,2983,6088,485,477,1072243,104531,967712
CA->PR,CA,PR,reference,2718,source_calibrated,0.05,0.707927585123543,source_calibration_labels,156532,39133,9071,0.291494000004604,PWGTP,0.1446887090374,0.668041059589978,0.19570936811898,0.185799373682379,0.130806563758334,0.0549928099240456,0.704020477388396,0.172515760416799,0.507309453698321,0.623712197159584,0.464240617090161,9071,962,8109,2983,6088,485,477,1072243,104531,967712
CA->PR,CA,PR,reference,2718,target_oracle,0.1,0.776462966290193,target_labels,156532,39133,9071,0.291494000004604,PWGTP,0.0998551221851129,0.593115917766022,0.147942210860784,0.132910330147164,0.0886931231485692,0.0442172069985949,0.667315497977955,0.172515760416799,0.507309453698321,0.623712197159584,0.464240617090161,9071,962,8109,2983,6088,485,477,1072243,104531,967712
CA->PR,CA,PR,reference,2718,source_calibrated,0.1,0.567293690482195,source_calibration_labels,156532,39133,9071,0.291494000004604,PWGTP,0.22347557951126,0.782418612660359,0.277965908847155,0.286390895879813,0.202230494576509,0.0841604013033038,0.706134508763775,0.172515760416799,0.507309453698321,0.623712197159584,0.464240617090161,9071,962,8109,2983,6088,485,477,1072243,104531,967712
CA->PR,CA,PR,reference,1618,target_oracle,0.01,0.915655771468141,target_labels,156532,39133,9071,0.294801700001699,PWGTP,0.00998334215138388,0.162248519577924,0.0248273945364997,0.0155105716683382,0.00811692126503434,0.00739365040330387,0.523315416001297,0.179880748323817,0.526073859101975,0.654633636846883,0.47850693844843,9071,962,8109,2983,6088,485,477,1072243,104531,967712
CA->PR,CA,PR,reference,1618,source_calibrated,0.01,0.86730508091243,source_calibration_labels,156532,39133,9071,0.294801700001699,PWGTP,0.040816895935981,0.366790712802901,0.0725954844191102,0.0600650879096138,0.0343172151440297,0.025747872765584,0.571333803684271,0.179880748323817,0.526073859101975,0.654633636846883,0.47850693844843,9071,962,8109,2983,6088,485,477,1072243,104531,967712
CA->PR,CA,PR,reference,1618,target_oracle,0.02,0.895721606751302,target_labels,156532,39133,9071,0.294801700001699,PWGTP,0.019979084686353,0.245266954300638,0.0419419851656761,0.0308041836379639,0.0163236926462518,0.0144804909917121,0.529918040942142,0.179880748323817,0.526073859101975,0.654633636846883,0.47850693844843,9071,962,8109,2983,6088,485,477,1072243,104531,967712
CA->PR,CA,PR,reference,1618,source_calibrated,0.02,0.822473414089254,source_calibration_labels,156532,39133,9071,0.294801700001699,PWGTP,0.0781286167785457,0.509207794816849,0.120153733808474,0.10978160754856,0.0674401148975639,0.0423414926509961,0.614311599215132,0.179880748323817,0.526073859101975,0.654633636846883,0.47850693844843,9071,962,8109,2983,6088,485,477,1072243,104531,967712
CA->PR,CA,PR,reference,1618,target_oracle,0.05,0.853372921147017,target_labels,156532,39133,9071,0.294801700001699,PWGTP,0.0498340415330181,0.413992021505582,0.0853351339202028,0.0723949485232413,0.0422157315112651,0.0301792170119762,0.58313090032397,0.179880748323817,0.526073859101975,0.654633636846883,0.47850693844843,9071,962,8109,2983,6088,485,477,1072243,104531,967712
CA->PR,CA,PR,reference,1618,source_calibrated,0.05,0.712587447076646,source_calibration_labels,156532,39133,9071,0.294801700001699,PWGTP,0.153147837373103,0.679980101596656,0.204507746844698,0.198726896862272,0.137756815822467,0.0609700810398043,0.693196633156005,0.179880748323817,0.526073859101975,0.654633636846883,0.47850693844843,9071,962,8109,2983,6088,485,477,1072243,104531,967712
CA->PR,CA,PR,reference,1618,target_oracle,0.1,0.786367639982283,target_labels,156532,39133,9071,0.294801700001699,PWGTP,0.0999915264045501,0.593737742870536,0.148125937870427,0.135759461284975,0.0879135006019958,0.0478459606829787,0.647568130941941,0.179880748323817,0.526073859101975,0.654633636846883,0.47850693844843,9071,962,8109,2983,6088,485,477,1072243,104531,967712
CA->PR,CA,PR,reference,1618,source_calibrated,0.1,0.573090317370885,source_calibration_labels,156532,39133,9071,0.294801700001699,PWGTP,0.234236012367316,0.806880255617951,0.290062047502292,0.305286857563911,0.210243742630563,0.0950431149333484,0.688676035084637,0.179880748323817,0.526073859101975,0.654633636846883,0.47850693844843,9071,962,8109,2983,6088,485,477,1072243,104531,967712
CA->PR,CA,PR,reference,8675309,target_oracle,0.01,0.911223373823168,target_labels,156532,39133,9071,0.296012200007681,PWGTP,0.00996267484540855,0.196047105643302,0.0281037041043868,0.0133819104734224,0.00880807600490443,0.004573834468518,0.658207661932726,0.177080627951952,0.519097582136923,0.642774827785865,0.473337190872827,9071,962,8109,2983,6088,485,477,1072243,104531,967712
CA->PR,CA,PR,reference,8675309,source_calibrated,0.01,0.874752662585429,source_calibration_labels,156532,39133,9071,0.296012200007681,PWGTP,0.0353875946562614,0.343065693430657,0.0653825671979206,0.0489673946415048,0.0308020021370505,0.0181653925044543,0.629030855379483,0.177080627951952,0.519097582136923,0.642774827785865,0.473337190872827,9071,962,8109,2983,6088,485,477,1072243,104531,967712
CA->PR,CA,PR,reference,8675309,target_oracle,0.02,0.894539575336832,target_labels,156532,39133,9071,0.296012200007681,PWGTP,0.0199956185311332,0.254689996269049,0.0428755422045189,0.0285609022248603,0.0171033151928253,0.011457587032035,0.5988366564253,0.177080627951952,0.519097582136923,0.642774827785865,0.473337190872827,9071,962,8109,2983,6088,485,477,1072243,104531,967712
CA->PR,CA,PR,reference,8675309,source_calibrated,0.02,0.829916862361104,source_calibration_labels,156532,39133,9071,0.296012200007681,PWGTP,0.0680243708872061,0.491538395308569,0.109311974990744,0.0949751315062325,0.0589237061928847,0.0360514253133478,0.620411946352693,0.177080627951952,0.519097582136923,0.642774827785865,0.473337190872827,9071,962,8109,2983,6088,485,477,1072243,104531,967712
CA->PR,CA,PR,reference,8675309,target_oracle,0.05,0.85367533637099,target_labels,156532,39133,9071,0.296012200007681,PWGTP,0.0498485086472008,0.418622226899197,0.0857995808785882,0.0667253413021675,0.0441495824734216,0.0225757588287459,0.66166139598281,0.177080627951952,0.519097582136923,0.642774827785865,0.473337190872827,9071,962,8109,2983,6088,485,477,1072243,104531,967712
CA->PR,CA,PR,reference,8675309,source_calibrated,0.05,0.715004129051386,source_calibration_labels,156532,39133,9071,0.296012200007681,PWGTP,0.146320392844152,0.668280223091714,0.197205297679724,0.188005812882494,0.132244165617263,0.0557616472652304,0.703404663875567,0.177080627951952,0.519097582136923,0.642774827785865,0.473337190872827,9071,962,8109,2983,6088,485,477,1072243,104531,967712
CA->PR,CA,PR,reference,8675309,target_oracle,0.1,0.785541721828716,target_labels,156532,39133,9071,0.296012200007681,PWGTP,0.0999770592903674,0.580861179937052,0.146857568666804,0.132390445586098,0.0890317889711056,0.0433586566149926,0.672494065390882,0.177080627951952,0.519097582136923,0.642774827785865,0.473337190872827,9071,962,8109,2983,6088,485,477,1072243,104531,967712
CA->PR,CA,PR,reference,8675309,source_calibrated,0.1,0.57072352241676,source_calibration_labels,156532,39133,9071,0.296012200007681,PWGTP,0.229142554809695,0.791487692646201,0.283964549080759,0.296235953906298,0.206486625464629,0.0897493284416692,0.697034315861411,0.177080627951952,0.519097582136923,0.642774827785865,0.473337190872827,9071,962,8109,2983,6088,485,477,1072243,104531,967712
CA->PR,CA,PR,large,42,target_oracle,0.01,0.947466603479505,target_labels,156532,39133,9071,0.624077400003443,PWGTP,0.00992237359875666,0.163243439745147,0.0248693626351489,0.0121702110240088,0.00916332954119766,0.00300688148281118,0.752931031608298,0.178421769205981,0.529250095050658,0.678730758702992,0.473942478687955,9071,962,8109,2983,6088,485,477,1072243,104531,967712
CA->PR,CA,PR,large,42,source_calibrated,0.01,0.901813391400829,source_calibration_labels,156532,39133,9071,0.624077400003443,PWGTP,0.0376454978340663,0.357071108092336,0.06878571368617,0.055402501176904,0.0316493578481312,0.0237531433287728,0.571262256681744,0.178421769205981,0.529250095050658,0.678730758702992,0.473942478687955,9071,962,8109,2983,6088,485,477,1072243,104531,967712
CA->PR,CA,PR,large,42,target_oracle,0.02,0.926783949655664,target_labels,156532,39133,9071,0.624077400003443,PWGTP,0.0199119159419331,0.261262209296764,0.0434407125996626,0.0289375115131916,0.0168641756528302,0.0120733358603613,0.582779056351907,0.178421769205981,0.529250095050658,0.678730758702992,0.473942478687955,9071,962,8109,2983,6088,485,477,1072243,104531,967712
CA->PR,CA,PR,large,42,source_calibrated,0.02,0.855888560291654,source_calibration_labels,156532,39133,9071,0.624077400003443,PWGTP,0.0674963212195364,0.50445322440233,0.110094446874449,0.100980412223428,0.0561894980419586,0.0447909141814689,0.556439578773304,0.178421769205981,0.529250095050658,0.678730758702992,0.473942478687955,9071,962,8109,2983,6088,485,477,1072243,104531,967712
CA->PR,CA,PR,large,42,target_oracle,0.05,0.882773559350856,target_labels,156532,39133,9071,0.624077400003443,PWGTP,0.0498908766244502,0.430389071184625,0.0869849465093267,0.0768856049286694,0.0407753650333759,0.0361102398952935,0.530338092172198,0.178421769205981,0.529250095050658,0.678730758702992,0.473942478687955,9071,962,8109,2983,6088,485,477,1072243,104531,967712
CA->PR,CA,PR,large,42,source_calibrated,0.05,0.738088612367427,source_calibration_labels,156532,39133,9071,0.624077400003443,PWGTP,0.140944826559968,0.668586352373937,0.192383629457129,0.196549112716704,0.122168511819437,0.0743806008972667,0.621567353476303,0.178421769205981,0.529250095050658,0.678730758702992,0.473942478687955,9071,962,8109,2983,6088,485,477,1072243,104531,967712
CA->PR,CA,PR,large,42,target_oracle,0.1,0.80712803364608,target_labels,156532,39133,9071,0.624077400003443,PWGTP,0.0998840564134784,0.59874104332686,0.148516707500072,0.139844853347524,0.0863901955553221,0.0534546577922023,0.617757418220006,0.178421769205981,0.529250095050658,0.678730758702992,0.473942478687955,9071,962,8109,2983,6088,485,477,1072243,104531,967712
CA->PR,CA,PR,large,42,source_calibrated,0.1,0.578262147530462,source_calibration_labels,156532,39133,9071,0.624077400003443,PWGTP,0.227230829006977,0.795649137576413,0.282644885534342,0.305020774914547,0.200962916783587,0.10405785813096,0.658849931910009,0.178421769205981,0.529250095050658,0.678730758702992,0.473942478687955,9071,962,8109,2983,6088,485,477,1072243,104531,967712
CA->PR,CA,PR,large,314,target_oracle,0.01,0.93274906436518,target_labels,156532,39133,9071,0.617168500000844,PWGTP,0.00999780926556662,0.161942390295702,0.0248106072970399,0.0127105634811798,0.00908177328189299,0.00362879019928678,0.714505953677046,0.158421542013629,0.472598062315394,0.592629014532279,0.428186794030542,9071,962,8109,2983,6088,485,477,1072243,104531,967712
CA->PR,CA,PR,large,314,source_calibrated,0.01,0.898904507004788,source_calibration_labels,156532,39133,9071,0.617168500000844,PWGTP,0.0229923778975563,0.284154939682965,0.048452636202801,0.0325234869107804,0.0197739371076833,0.0127495498030972,0.607989455802443,0.158421542013629,0.472598062315394,0.592629014532279,0.428186794030542,9071,962,8109,2983,6088,485,477,1072243,104531,967712
CA->PR,CA,PR,large,314,target_oracle,0.02,0.904423672721107,target_labels,156532,39133,9071,0.617168500000844,PWGTP,0.0199625508415727,0.255818847997245,0.0429557479041598,0.0285568086456393,0.0170604635989533,0.011496345046686,0.597421925210767,0.158421542013629,0.472598062315394,0.592629014532279,0.428186794030542,9071,962,8109,2983,6088,485,477,1072243,104531,967712
CA->PR,CA,PR,large,314,source_calibrated,0.02,0.849323559475567,source_calibration_labels,156532,39133,9071,0.617168500000844,PWGTP,0.051715799742072,0.424744812543647,0.0880817128206946,0.0758663037026424,0.0435607186350523,0.0323055850675901,0.574177421451668,0.158421542013629,0.472598062315394,0.592629014532279,0.428186794030542,9071,962,8109,2983,6088,485,477,1072243,104531,967712
CA->PR,CA,PR,large,314,target_oracle,0.05,0.85220200746217,target_labels,156532,39133,9071,0.617168500000844,PWGTP,0.0499549452729738,0.418239565296419,0.0858583362166972,0.0733405653232904,0.0420581482305748,0.0312824170927157,0.573463649280305,0.158421542013629,0.472598062315394,0.592629014532279,0.428186794030542,9071,962,8109,2983,6088,485,477,1072243,104531,967712
CA->PR,CA,PR,large,314,source_calibrated,0.05,0.733907330430833,source_calibration_labels,156532,39133,9071,0.617168500000844,PWGTP,0.114285035217089,0.636653241622103,0.165209751893927,0.152932026117035,0.101234817058252,0.0516972090587835,0.661959562222626,0.158421542013629,0.472598062315394,0.592629014532279,0.428186794030542,9071,962,8109,2983,6088,485,477,1072243,104531,967712
CA->PR,CA,PR,large,314,target_oracle,0.1,0.764611758895802,target_labels,156532,39133,9071,0.617168500000844,PWGTP,0.0999336579478192,0.609436435124509,0.149604147567296,0.133589864297849,0.0885687152953926,0.0450211490024562,0.662989784149506,0.158421542013629,0.472598062315394,0.592629014532279,0.428186794030542,9071,962,8109,2983,6088,485,477,1072243,104531,967712
CA->PR,CA,PR,large,314,source_calibrated,0.1,0.577194710084251,source_calibration_labels,156532,39133,9071,0.617168500000844,PWGTP,0.198313134486293,0.760597334761937,0.253129188066511,0.257089055815953,0.178465830000816,0.0786232258151371,0.694179024596743,0.158421542013629,0.472598062315394,0.592629014532279,0.428186794030542,9071,962,8109,2983,6088,485,477,1072243,104531,967712
CA->PR,CA,PR,large,2718,target_oracle,0.01,0.938082994594723,target_labels,156532,39133,9071,0.646596600010525,PWGTP,0.00995854138421349,0.183247075030374,0.0268521221402238,0.0147491659332337,0.00834085540075225,0.00640831053248147,0.565513700131214,0.16604159180348,0.496033952037084,0.634773429799157,0.444700557985038,9071,962,8109,2983,6088,485,477,1072243,104531,967712
CA->PR,CA,PR,large,2718,source_calibrated,0.01,0.903583240033092,source_calibration_labels,156532,39133,9071,0.646596600010525,PWGTP,0.0326884444958831,0.331710210368216,0.061839527047507,0.0478211924596271,0.0275784564302964,0.0202427360293307,0.576699471757828,0.16604159180348,0.496033952037084,0.634773429799157,0.444700557985038,9071,962,8109,2983,6088,485,477,1072243,104531,967712
CA->PR,CA,PR,large,2718,target_oracle,0.02,0.921426186159128,target_labels,156532,39133,9071,0.646596600010525,PWGTP,0.0198747147911775,0.271766270293023,0.0444311597277856,0.0304521358249586,0.0163029580040557,0.0141491778209029,0.535363368197439,0.16604159180348,0.496033952037084,0.634773429799157,0.444700557985038,9071,962,8109,2983,6088,485,477,1072243,104531,967712
CA->PR,CA,PR,large,2718,source_calibrated,0.02,0.853692188183619,source_calibration_labels,156532,39133,9071,0.646596600010525,PWGTP,0.061658840646804,0.475543140312443,0.10200766057694,0.0941072927113822,0.0507017294073901,0.0434055633039921,0.538765147169702,0.16604159180348,0.496033952037084,0.634773429799157,0.444700557985038,9071,962,8109,2983,6088,485,477,1072243,104531,967712
CA->PR,CA,PR,large,2718,target_oracle,0.05,0.8723210555385,target_labels,156532,39133,9071,0.646596600010525,PWGTP,0.0499239443140108,0.412241344672872,0.0852456019764177,0.0728534293959924,0.0421811737742716,0.0306722556217208,0.578986797519129,0.16604159180348,0.496033952037084,0.634773429799157,0.444700557985038,9071,962,8109,2983,6088,485,477,1072243,104531,967712
CA->PR,CA,PR,large,2718,source_calibrated,0.05,0.732094939341576,source_calibration_labels,156532,39133,9071,0.646596600010525,PWGTP,0.12727030356139,0.660033865551846,0.179208444354498,0.175635016476656,0.110938629606028,0.0646963868706284,0.631643005088184,0.16604159180348,0.496033952037084,0.634773429799157,0.444700557985038,9071,962,8109,2983,6088,485,477,1072243,104531,967712
CA->PR,CA,PR,large,2718,target_oracle,0.1,0.78599213285755,target_labels,156532,39133,9071,0.646596600010525,PWGTP,0.0999398581396118,0.608135385675063,0.14948290639342,0.141887549378799,0.0857750678368377,0.0561124815419616,0.604528503116526,0.16604159180348,0.496033952037084,0.634773429799157,0.444700557985038,9071,962,8109,2983,6088,485,477,1072243,104531,967712
CA->PR,CA,PR,large,2718,source_calibrated,0.1,0.577921626079963,source_calibration_labels,156532,39133,9071,0.646596600010525,PWGTP,0.208390512879865,0.771991083984655,0.263334897033602,0.282051701905561,0.183516788839786,0.0985349130657749,0.650649464619195,0.16604159180348,0.496033952037084,0.634773429799157,0.444700557985038,9071,962,8109,2983,6088,485,477,1072243,104531,967712
CA->PR,CA,PR,large,1618,target_oracle,0.01,0.940448177421256,target_labels,156532,39133,9071,0.59715880001022,PWGTP,0.00998954234317648,0.167500550076054,0.0253450010865074,0.0163947847800725,0.00782663627428891,0.00856814850578355,0.477385728405659,0.175833777763389,0.521054000635397,0.67521611440001,0.464014254908902,9071,962,8109,2983,6088,485,477,1072243,104531,967712
CA->PR,CA,PR,large,1618,source_calibrated,0.01,0.898912950162008,source_calibration_labels,156532,39133,9071,0.59715880001022,PWGTP,0.0365160295625145,0.350613693545455,0.0671368337214605,0.0589802894160509,0.0289303551014823,0.0300499343145687,0.49050886979217,0.175833777763389,0.521054000635397,0.67521611440001,0.464014254908902,9071,962,8109,2983,6088,485,477,1072243,104531,967712
CA->PR,CA,PR,large,1618,target_oracle,0.02,0.919967064177388,target_labels,156532,39133,9071,0.59715880001022,PWGTP,0.0199811514169505,0.264983593383781,0.0438659893326419,0.0323761180588247,0.0157956504249911,0.0165804676338337,0.487879689476412,0.175833777763389,0.521054000635397,0.67521611440001,0.464014254908902,9071,962,8109,2983,6088,485,477,1072243,104531,967712
CA->PR,CA,PR,large,1618,source_calibrated,0.02,0.855085953860067,source_calibration_labels,156532,39133,9071,0.59715880001022,PWGTP,0.0645264293508813,0.484267824855784,0.105446246792938,0.100636551568864,0.0523328545934835,0.0483036969753807,0.520018360900143,0.175833777763389,0.521054000635397,0.67521611440001,0.464014254908902,9071,962,8109,2983,6088,485,477,1072243,104531,967712
CA->PR,CA,PR,large,1618,target_oracle,0.05,0.877651735034213,target_labels,156532,39133,9071,0.59715880001022,PWGTP,0.0499528785423762,0.427031215620247,0.086713552804728,0.0784166035573203,0.0403413198567374,0.0380752837005829,0.514448701253033,0.175833777763389,0.521054000635397,0.67521611440001,0.464014254908902,9071,962,8109,2983,6088,485,477,1072243,104531,967712
CA->PR,CA,PR,large,1618,source_calibrated,0.05,0.738540121458911,source_calibration_labels,156532,39133,9071,0.59715880001022,PWGTP,0.134460459310208,0.681539447627976,0.187794184713726,0.18770288802014,0.116481690619786,0.0712211974003543,0.620564189759764,0.175833777763389,0.521054000635397,0.67521611440001,0.464014254908902,9071,962,8109,2983,6088,485,477,1072243,104531,967712
CA->PR,CA,PR,large,1618,target_oracle,0.1,0.798447825269787,target_labels,156532,39133,9071,0.59715880001022,PWGTP,0.0999739591944711,0.605341955974783,0.149241356670083,0.138448942833166,0.0869818240126509,0.0514671188205153,0.628259214066125,0.175833777763389,0.521054000635397,0.67521611440001,0.464014254908902,9071,962,8109,2983,6088,485,477,1072243,104531,967712
CA->PR,CA,PR,large,1618,source_calibrated,0.1,0.5761633804506,source_calibration_labels,156532,39133,9071,0.59715880001022,PWGTP,0.224081131576337,0.798117304914332,0.280042863418087,0.314227234582557,0.193640823469403,0.120586411113154,0.616244558580831,0.175833777763389,0.521054000635397,0.67521611440001,0.464014254908902,9071,962,8109,2983,6088,485,477,1072243,104531,967712
CA->PR,CA,PR,large,8675309,target_oracle,0.01,0.939212612060152,target_labels,156532,39133,9071,0.639201799989678,PWGTP,0.00990067292748256,0.184959485702806,0.0269668349431985,0.0128988681253454,0.00888824995472936,0.00401061817061603,0.689072085113,0.175497111662107,0.5213730134014,0.65722125601031,0.471109371923087,9071,962,8109,2983,6088,485,477,1072243,104531,967712
CA->PR,CA,PR,large,8675309,source_calibrated,0.01,0.907823444341673,source_calibration_labels,156532,39133,9071,0.639201799989678,PWGTP,0.0283772444694289,0.317484765284939,0.0565618054862564,0.0413942730826698,0.0239816871640124,0.0174125859186574,0.579347947869934,0.175497111662107,0.5213730134014,0.65722125601031,0.471109371923087,9071,962,8109,2983,6088,485,477,1072243,104531,967712
CA->PR,CA,PR,large,8675309,target_oracle,0.02,0.919544336888791,target_labels,156532,39133,9071,0.639201799989678,PWGTP,0.0199935518005357,0.271555806411495,0.0445178937983274,0.0308492130093948,0.016327839574691,0.0145213734347037,0.529278966361916,0.175497111662107,0.5213730134014,0.65722125601031,0.471109371923087,9071,962,8109,2983,6088,485,477,1072243,104531,967712
CA->PR,CA,PR,large,8675309,source_calibrated,0.02,0.859327042054637,source_calibration_labels,156532,39133,9071,0.639201799989678,PWGTP,0.0627914090142522,0.480517741148559,0.103514781630656,0.0888838856253966,0.0539805674933338,0.0349033181320628,0.60731556809787,0.175497111662107,0.5213730134014,0.65722125601031,0.471109371923087,9071,962,8109,2983,6088,485,477,1072243,104531,967712
CA->PR,CA,PR,large,8675309,target_oracle,0.05,0.878501637863831,target_labels,156532,39133,9071,0.639201799989678,PWGTP,0.0499931797890281,0.419062287742392,0.0859730490196718,0.0731809157336717,0.042163203751035,0.0310177119826367,0.576150261695004,0.175497111662107,0.5213730134014,0.65722125601031,0.471109371923087,9071,962,8109,2983,6088,485,477,1072243,104531,967712
CA->PR,CA,PR,large,8675309,source_calibrated,0.05,0.735575964718241,source_calibration_labels,156532,39133,9071,0.639201799989678,PWGTP,0.13744998511954,0.680123599697697,0.190354238731332,0.185574226825225,0.121199512874139,0.0643747139510853,0.653105309652111,0.175497111662107,0.5213730134014,0.65722125601031,0.471109371923087,9071,962,8109,2983,6088,485,477,1072243,104531,967712
CA->PR,CA,PR,large,8675309,target_oracle,0.1,0.803070537851305,target_labels,156532,39133,9071,0.639201799989678,PWGTP,0.0999512251578982,0.595966746706719,0.148306867006826,0.132017929876988,0.0891230213967684,0.0428949084802195,0.675082706415801,0.175497111662107,0.5213730134014,0.65722125601031,0.471109371923087,9071,962,8109,2983,6088,485,477,1072243,104531,967712
CA->PR,CA,PR,large,8675309,source_calibrated,0.1,0.579347467418509,source_calibration_labels,156532,39133,9071,0.639201799989678,PWGTP,0.223452845474687,0.799504453224402,0.279611058314207,0.300464621241583,0.197447703776608,0.103016917464975,0.657141273274413,0.175497111662107,0.5213730134014,0.65722125601031,0.471109371923087,9071,962,8109,2983,6088,485,477,1072243,104531,967712
CA->HI,CA,HI,small,42,target_oracle,0.01,0.844411731678724,target_labels,156532,39133,7731,0.226391000003787,PWGTP,0.00974832517092468,0.197241021412119,0.0777873945363339,0.0120505789152956,0.0089149071697031,0.00313567174559245,0.73979077954401,0.148841598566875,0.453549174091651,0.513288069683169,0.424825858760722,7731,2947,4784,2812,4919,1402,1545,775267,281336,493931
CA->HI,CA,HI,small,42,source_calibrated,0.01,0.845392968719944,source_calibration_labels,156532,39133,7731,0.226391000003787,PWGTP,0.00974832517092468,0.195446014729718,0.077136006046949,0.0120505789152956,0.0089149071697031,0.00313567174559245,0.73979077954401,0.148841598566875,0.453549174091651,0.513288069683169,0.424825858760722,7731,2947,4784,2812,4919,1402,1545,775267,281336,493931
CA->HI,CA,HI,small,42,target_oracle,0.02,0.816077337554041,target_labels,156532,39133,7731,0.226391000003787,PWGTP,0.019952179555444,0.270466630648051,0.110861161380531,0.0267519804996953,0.0174906452760367,0.00926133522365857,0.653807491981237,0.148841598566875,0.453549174091651,0.513288069683169,0.424825858760722,7731,2947,4784,2812,4919,1402,1545,775267,281336,493931
CA->HI,CA,HI,small,42,source_calibrated,0.02,0.79892086694287,source_calibration_labels,156532,39133,7731,0.226391000003787,PWGTP,0.0256007418040172,0.316450791935621,0.131147075781634,0.0357556368068251,0.021924660348379,0.0138309764584461,0.61318053057844,0.148841598566875,0.453549174091651,0.513288069683169,0.424825858760722,7731,2947,4784,2812,4919,1402,1545,775267,281336,493931
CA->HI,CA,HI,small,42,target_oracle,0.05,0.743793938456017,target_labels,156532,39133,7731,0.226391000003787,PWGTP,0.0499745915927528,0.4128444280149,0.181656126212002,0.0625609384521633,0.0454183222988493,0.017142616153314,0.72598531004419,0.148841598566875,0.453549174091651,0.513288069683169,0.424825858760722,7731,2947,4784,2812,4919,1402,1545,775267,281336,493931
CA->HI,CA,HI,small,42,source_calibrated,0.05,0.704538310914966,source_calibration_labels,156532,39133,7731,0.226391000003787,PWGTP,0.0658492785429544,0.473156652543578,0.21365671439646,0.0812233394271785,0.0602838541738476,0.020939485253331,0.742198666036079,0.148841598566875,0.453549174091651,0.513288069683169,0.424825858760722,7731,2947,4784,2812,4919,1402,1545,775267,281336,493931
CA->HI,CA,HI,small,42,target_oracle,0.1,0.625955702133686,target_labels,156532,39133,7731,0.226391000003787,PWGTP,0.099918814571266,0.571014729718202,0.270874421328394,0.128107861060329,0.0897143534693135,0.0383935075910156,0.700303265754042,0.148841598566875,0.453549174091651,0.513288069683169,0.424825858760722,7731,2947,4784,2812,4919,1402,1545,775267,281336,493931
CA->HI,CA,HI,small,42,source_calibrated,0.1,0.570303184499049,source_calibration_labels,156532,39133,7731,0.226391000003787,PWGTP,0.132150037150938,0.62622273722524,0.311443670374207,0.177734613040829,0.115648378192808,0.0620862348480208,0.6506801135367,0.148841598566875,0.453549174091651,0.513288069683169,0.424825858760722,7731,2947,4784,2812,4919,1402,1545,775267,281336,493931
CA->HI,CA,HI,small,314,target_oracle,0.01,0.84242886823234,target_labels,156532,39133,7731,0.21453240000119,PWGTP,0.00976654633946847,0.201214917394148,0.0792410872641297,0.016323887873248,0.00739278259263038,0.00893110528061764,0.452881240672196,0.14847285839581,0.452852116385464,0.514620662624232,0.423152915997146,7731,2947,4784,2812,4919,1402,1545,775267,281336,493931
CA->HI,CA,HI,small,314,source_calibrated,0.01,0.85011276915753,source_calibration_labels,156532,39133,7731,0.21453240000119,PWGTP,0.00797884724789495,0.177982910114596,0.0696714809220565,0.0153031687995125,0.00532743601975453,0.00997573277975796,0.348126331843392,0.14847285839581,0.452852116385464,0.514620662624232,0.423152915997146,7731,2947,4784,2812,4919,1402,1545,775267,281336,493931
CA->HI,CA,HI,small,314,target_oracle,0.02,0.820923479823263,target_labels,156532,39133,7731,0.21453240000119,PWGTP,0.0197173289386574,0.259316262405096,0.106665187606334,0.0317870201096892,0.0153480894854833,0.0164389306242059,0.482841406099747,0.14847285839581,0.452852116385464,0.514620662624232,0.423152915997146,7731,2947,4784,2812,4919,1402,1545,775267,281336,493931
CA->HI,CA,HI,small,314,source_calibrated,0.02,0.799534296674442,source_calibration_labels,156532,39133,7731,0.21453240000119,PWGTP,0.0291052798872717,0.311986379276026,0.131759767925115,0.0436166971358928,0.0238521333182592,0.0197645638176336,0.54685785225656,0.14847285839581,0.452852116385464,0.514620662624232,0.423152915997146,7731,2947,4784,2812,4919,1402,1545,775267,281336,493931
CA->HI,CA,HI,small,314,target_oracle,0.05,0.73905327945939,target_labels,156532,39133,7731,0.21453240000119,PWGTP,0.0499442229785132,0.422274433417693,0.185058824895165,0.06397014015844,0.0448668278868664,0.0191033122715735,0.701371417597979,0.14847285839581,0.452852116385464,0.514620662624232,0.423152915997146,7731,2947,4784,2812,4919,1402,1545,775267,281336,493931
CA->HI,CA,HI,small,314,source_calibrated,0.05,0.69699404268944,source_calibration_labels,156532,39133,7731,0.21453240000119,PWGTP,0.0674223727605678,0.476472971820172,0.215862406112991,0.0861669713589275,0.0606368105975166,0.0255301607614109,0.703712915067361,0.14847285839581,0.452852116385464,0.514620662624232,0.423152915997146,7731,2947,4784,2812,4919,1402,1545,775267,281336,493931
CA->HI,CA,HI,small,314,target_oracle,0.1,0.625501979842456,target_labels,156532,39133,7731,0.21453240000119,PWGTP,0.0998641510656347,0.5671012597037,0.269419438722401,0.129334247410116,0.0891959487220496,0.0401382986880662,0.689654523130377,0.14847285839581,0.452852116385464,0.514620662624232,0.423152915997146,7731,2947,4784,2812,4919,1402,1545,775267,281336,493931
CA->HI,CA,HI,small,314,source_calibrated,0.1,0.565246902885969,source_calibration_labels,156532,39133,7731,0.21453240000119,PWGTP,0.129279190818151,0.634081667472346,0.31246654378427,0.174436319317489,0.112932268213792,0.061504051103697,0.64741258389112,0.14847285839581,0.452852116385464,0.514620662624232,0.423152915997146,7731,2947,4784,2812,4919,1402,1545,775267,281336,493931
CA->HI,CA,HI,small,2718,target_oracle,0.01,0.843548649993427,target_labels,156532,39133,7731,0.245953900011955,PWGTP,0.00994268430205839,0.207165097961157,0.0815125627686978,0.0172684338817794,0.00729075612641355,0.00997767775536585,0.422201351687504,0.14874725520028,0.453328851623126,0.516202992396984,0.423098065571145,7731,2947,4784,2812,4919,1402,1545,775267,281336,493931
CA->HI,CA,HI,small,2718,source_calibrated,0.01,0.850606767753857,source_calibration_labels,156532,39133,7731,0.245953900011955,PWGTP,0.00831492657881364,0.192079932891631,0.0750012576312419,0.0153412553321146,0.00577138902140074,0.00956986631071382,0.376200571365188,0.14874725520028,0.453328851623126,0.516202992396984,0.423098065571145,7731,2947,4784,2812,4919,1402,1545,775267,281336,493931
CA->HI,CA,HI,small,2718,target_oracle,0.02,0.819385365953259,target_labels,156532,39133,7731,0.245953900011955,PWGTP,0.0199926710410968,0.264647965422129,0.108775428336302,0.0292580743449116,0.0166385864095232,0.0126194879353884,0.568683578193753,0.14874725520028,0.453328851623126,0.516202992396984,0.423098065571145,7731,2947,4784,2812,4919,1402,1545,775267,281336,493931
CA->HI,CA,HI,small,2718,source_calibrated,0.02,0.803648379830118,source_calibration_labels,156532,39133,7731,0.245953900011955,PWGTP,0.0273661705784816,0.296527994995308,0.125042082276171,0.0389853747714808,0.0231600078312207,0.0158253669402602,0.594069134052881,0.14874725520028,0.453328851623126,0.516202992396984,0.423098065571145,7731,2947,4784,2812,4919,1402,1545,775267,281336,493931
CA->HI,CA,HI,small,2718,target_oracle,0.05,0.741783032726152,target_labels,156532,39133,7731,0.245953900011955,PWGTP,0.0497903553330323,0.416665481843774,0.182925366357655,0.066506703229738,0.0437390218143615,0.0227676814153765,0.657663358583137,0.14874725520028,0.453328851623126,0.516202992396984,0.423098065571145,7731,2947,4784,2812,4919,1402,1545,775267,281336,493931
CA->HI,CA,HI,small,2718,source_calibrated,0.05,0.69763086183516,source_calibration_labels,156532,39133,7731,0.245953900011955,PWGTP,0.0675823141288966,0.47998123240538,0.217237416270782,0.0898918342474101,0.0595062470529517,0.0303855871944584,0.661976113304932,0.14874725520028,0.453328851623126,0.516202992396984,0.423098065571145,7731,2947,4784,2812,4919,1402,1545,775267,281336,493931
CA->HI,CA,HI,small,2718,target_oracle,0.1,0.626443411847269,target_labels,156532,39133,7731,0.245953900011955,PWGTP,0.0997102834201538,0.566838229021526,0.269225956992881,0.134872029250457,0.0869816986579384,0.0478903305925187,0.64492021912426,0.14874725520028,0.453328851623126,0.516202992396984,0.423098065571145,7731,2947,4784,2812,4919,1402,1545,775267,281336,493931
CA->HI,CA,HI,small,2718,source_calibrated,0.1,0.564129616805794,source_calibration_labels,156532,39133,7731,0.245953900011955,PWGTP,0.13392153964825,0.635969090340376,0.316109159812039,0.178915295551493,0.117633758075946,0.0612815374755467,0.657482959818215,0.14874725520028,0.453328851623126,0.516202992396984,0.423098065571145,7731,2947,4784,2812,4919,1402,1545,775267,281336,493931
CA->HI,CA,HI,small,1618,target_oracle,0.01,0.84014132889682,target_labels,156532,39133,7731,0.215275200011092,PWGTP,0.00997710206486331,0.20322319219723,0.0801040157777901,0.0160572821450335,0.00777607120895848,0.00828121093607504,0.484270696542727,0.148239723874305,0.452400453904487,0.514244245844221,0.422665074307051,7731,2947,4784,2812,4919,1402,1545,775267,281336,493931
CA->HI,CA,HI,small,1618,source_calibrated,0.01,0.846690226808271,source_calibration_labels,156532,39133,7731,0.215275200011092,PWGTP,0.00916322320324094,0.188269542468792,0.0741589671687303,0.013566422912858,0.0075692608044649,0.00599716210839311,0.557940796412213,0.148239723874305,0.452400453904487,0.514244245844221,0.422665074307051,7731,2947,4784,2812,4919,1402,1545,775267,281336,493931
CA->HI,CA,HI,small,1618,target_oracle,0.02,0.816936933822389,target_labels,156532,39133,7731,0.215275200011092,PWGTP,0.0193954216277172,0.267260499900475,0.109342974742895,0.0307205971968312,0.0152956975163449,0.0154248996804863,0.497897141072591,0.148239723874305,0.452400453904487,0.514244245844221,0.422665074307051,7731,2947,4784,2812,4919,1402,1545,775267,281336,493931
CA->HI,CA,HI,small,1618,source_calibrated,0.02,0.801616814682127,source_calibration_labels,156532,39133,7731,0.215275200011092,PWGTP,0.0254225792671446,0.302748315181847,0.126061086051644,0.0351005484460695,0.0219191454042592,0.0131814030418103,0.624467319590093,0.148239723874305,0.452400453904487,0.514244245844221,0.422665074307051,7731,2947,4784,2812,4919,1402,1545,775267,281336,493931
CA->HI,CA,HI,small,1618,target_oracle,0.05,0.738609732288201,target_labels,156532,39133,7731,0.215275200011092,PWGTP,0.0499826898898834,0.416825432934285,0.183105949305207,0.0625685557586837,0.0454265947150291,0.0171419610436547,0.726029139784394,0.148239723874305,0.452400453904487,0.514244245844221,0.422665074307051,7731,2947,4784,2812,4919,1402,1545,775267,281336,493931
CA->HI,CA,HI,small,1618,source_calibrated,0.05,0.694957705825258,source_calibration_labels,156532,39133,7731,0.215275200011092,PWGTP,0.0670377036468656,0.481339039440384,0.21738317250702,0.0870505789152956,0.0597930241471828,0.0272575547681127,0.6868768122193,0.148239723874305,0.452400453904487,0.514244245844221,0.422665074307051,7731,2947,4784,2812,4919,1402,1545,775267,281336,493931
CA->HI,CA,HI,small,1618,target_oracle,0.1,0.62457047201999,target_labels,156532,39133,7731,0.215275200011092,PWGTP,0.0999086916998528,0.571739841328518,0.271131107089558,0.134163619744058,0.087508375821382,0.0466552439226765,0.652251154137911,0.148239723874305,0.452400453904487,0.514244245844221,0.422665074307051,7731,2947,4784,2812,4919,1402,1545,775267,281336,493931
CA->HI,CA,HI,small,1618,source_calibrated,0.1,0.561937700935536,source_calibration_labels,156532,39133,7731,0.215275200011092,PWGTP,0.133646197545811,0.63278073193619,0.314776715634743,0.18125380865326,0.116412197953404,0.064841610699856,0.642260699614327,0.148239723874305,0.452400453904487,0.514244245844221,0.422665074307051,7731,2947,4784,2812,4919,1402,1545,775267,281336,493931
CA->HI,CA,HI,small,8675309,target_oracle,0.01,0.842642438319328,target_labels,156532,39133,7731,0.230449100010446,PWGTP,0.00964912103107519,0.204403275798334,0.0803232950712464,0.0152650822669104,0.00761613782948344,0.00764894443742698,0.498925436254784,0.148059215400789,0.451627554237964,0.514514446416555,0.421390637128229,7731,2947,4784,2812,4919,1402,1545,775267,281336,493931
CA->HI,CA,HI,small,8675309,source_calibrated,0.01,0.852931504314929,source_calibration_labels,156532,39133,7731,0.230449100010446,PWGTP,0.00766503823408533,0.175484118633947,0.0685647654292005,0.0123781230956734,0.00595889712147492,0.00641922597419845,0.481405547142909,0.148059215400789,0.451627554237964,0.514514446416555,0.421390637128229,7731,2947,4784,2812,4919,1402,1545,775267,281336,493931
CA->HI,CA,HI,small,8675309,target_oracle,0.02,0.818273794289298,target_labels,156532,39133,7731,0.230449100010446,PWGTP,0.0192962174878677,0.261189467398413,0.107076658751114,0.0285801340645948,0.015935431034245,0.0126447030303497,0.557570198874118,0.148059215400789,0.451627554237964,0.514514446416555,0.421390637128229,7731,2947,4784,2812,4919,1402,1545,775267,281336,493931
CA->HI,CA,HI,small,8675309,source_calibrated,0.02,0.810435258115491,source_calibration_labels,156532,39133,7731,0.230449100010446,PWGTP,0.0225112414487044,0.282192822816845,0.116746875592538,0.0324421084704449,0.0189162583310125,0.0135258501394324,0.583077340618764,0.148059215400789,0.451627554237964,0.514514446416555,0.421390637128229,7731,2947,4784,2812,4919,1402,1545,775267,281336,493931
CA->HI,CA,HI,small,8675309,target_oracle,0.05,0.741069212048498,target_labels,156532,39133,7731,0.230449100010446,PWGTP,0.0498146502244241,0.412730685017204,0.181512949732157,0.0621267519804997,0.0453576579135312,0.0167690940669685,0.730082556509119,0.148059215400789,0.451627554237964,0.514514446416555,0.421390637128229,7731,2947,4784,2812,4919,1402,1545,775267,281336,493931
CA->HI,CA,HI,small,8675309,source_calibrated,0.05,0.698507079303814,source_calibration_labels,156532,39133,7731,0.230449100010446,PWGTP,0.0654484128349911,0.480848522762817,0.216192614931372,0.0847120658135283,0.0584749525025438,0.0262371133109846,0.690278910577641,0.148059215400789,0.451627554237964,0.514514446416555,0.421390637128229,7731,2947,4784,2812,4919,1402,1545,775267,281336,493931
CA->HI,CA,HI,small,8675309,target_oracle,0.1,0.622603549673704,target_labels,156532,39133,7731,0.230449100010446,PWGTP,0.0999997975425717,0.564506497568743,0.268564249477922,0.129471358927483,0.0893310648529854,0.0401402940744979,0.689967770424188,0.148059215400789,0.451627554237964,0.514514446416555,0.421390637128229,7731,2947,4784,2812,4919,1402,1545,775267,281336,493931
CA->HI,CA,HI,small,8675309,source_calibrated,0.1,0.566298002883288,source_calibration_labels,156532,39133,7731,0.230449100010446,PWGTP,0.128386353559505,0.628422953336935,0.309844221410172,0.171709323583181,0.112703398032819,0.0590059255503616,0.656361551492704,0.148059215400789,0.451627554237964,0.514514446416555,0.421390637128229,7731,2947,4784,2812,4919,1402,1545,775267,281336,493931
CA->HI,CA,HI,reference,42,target_oracle,0.01,0.877247536814119,target_labels,156532,39133,7731,0.287158999999519,PWGTP,0.00955599061407363,0.187615520232036,0.0741718659506983,0.0153336380255942,0.00746447686618815,0.007869161159406,0.486804035267353,0.148474912386001,0.453006345545443,0.508886891753304,0.426138179776726,7731,2947,4784,2812,4919,1402,1545,775267,281336,493931
CA->HI,CA,HI,reference,42,source_calibrated,0.01,0.867694764606991,source_calibration_labels,156532,39133,7731,0.287158999999519,PWGTP,0.0143501825153716,0.212024056644013,0.0860838910981636,0.0208028641072517,0.0120143057650468,0.00878855834220484,0.577531329489326,0.148474912386001,0.453006345545443,0.508886891753304,0.426138179776726,7731,2947,4784,2812,4919,1402,1545,775267,281336,493931
CA->HI,CA,HI,reference,42,target_oracle,0.02,0.849854387496039,target_labels,156532,39133,7731,0.287158999999519,PWGTP,0.0199886218925315,0.258001108994228,0.106360776351889,0.0274527726995734,0.0172865923436031,0.0101661803559704,0.629684751073311,0.148474912386001,0.453006345545443,0.508886891753304,0.426138179776726,7731,2947,4784,2812,4919,1402,1545,775267,281336,493931
CA->HI,CA,HI,reference,42,source_calibrated,0.02,0.819130260912209,source_calibration_labels,156532,39133,7731,0.287158999999519,PWGTP,0.0304961624194473,0.329580999232235,0.139030811320487,0.0417123705057892,0.0264358846383989,0.0152764858673902,0.633766058314282,0.148474912386001,0.453006345545443,0.508886891753304,0.426138179776726,7731,2947,4784,2812,4919,1402,1545,775267,281336,493931
CA->HI,CA,HI,reference,42,target_oracle,0.05,0.767417345533775,target_labels,156532,39133,7731,0.287158999999519,PWGTP,0.0498348959672505,0.419679671282737,0.184047560388872,0.057205971968312,0.047166559584835,0.010039412383477,0.82450412014609,0.148474912386001,0.453006345545443,0.508886891753304,0.426138179776726,7731,2947,4784,2812,4919,1402,1545,775267,281336,493931
CA->HI,CA,HI,reference,42,source_calibrated,0.05,0.718013502012557,source_calibration_labels,156532,39133,7731,0.287158999999519,PWGTP,0.0702830962219419,0.495713310774305,0.22466711468436,0.0894576477757465,0.0633418906882926,0.0261157570874539,0.708065685418857,0.148474912386001,0.453006345545443,0.508886891753304,0.426138179776726,7731,2947,4784,2812,4919,1402,1545,775267,281336,493931
CA->HI,CA,HI,reference,42,target_oracle,0.1,0.659442125995913,target_labels,156532,39133,7731,0.287158999999519,PWGTP,0.0998216350056992,0.570758807973384,0.270719635944778,0.138429311395491,0.0858456201692536,0.0525836912262369,0.620140484004821,0.148474912386001,0.453006345545443,0.508886891753304,0.426138179776726,7731,2947,4784,2812,4919,1402,1545,775267,281336,493931
CA->HI,CA,HI,reference,42,source_calibrated,0.1,0.57629400913802,source_calibration_labels,156532,39133,7731,0.287158999999519,PWGTP,0.138049646610559,0.641300793357409,0.320674038750521,0.189968007312614,0.119255151647176,0.0707128556654383,0.627764397459451,0.148474912386001,0.453006345545443,0.508886891753304,0.426138179776726,7731,2947,4784,2812,4919,1402,1545,775267,281336,493931
CA->HI,CA,HI,reference,314,target_oracle,0.01,0.87606469886633,target_labels,156532,39133,7731,0.304650699996273,PWGTP,0.00985765218218739,0.181434299200955,0.0721209596177833,0.0176188299817185,0.00704809858514109,0.0105707313965774,0.400032158347307,0.148142534608004,0.452212088942537,0.507367392216193,0.42569263034834,7731,2947,4784,2812,4919,1402,1545,775267,281336,493931
CA->HI,CA,HI,reference,314,source_calibrated,0.01,0.868670405349946,source_calibration_labels,156532,39133,7731,0.304650699996273,PWGTP,0.0119692831589837,0.198847641254585,0.07978541586318,0.0195079219987812,0.009240288872773,0.0102676331260082,0.473668536984631,0.148142534608004,0.452212088942537,0.507367392216193,0.42569263034834,7731,2947,4784,2812,4919,1402,1545,775267,281336,493931
CA->HI,CA,HI,reference,314,target_oracle,0.02,0.855111400451684,target_labels,156532,39133,7731,0.304650699996273,PWGTP,0.0195391664017849,0.237459834503938,0.098620217292881,0.0277269957343083,0.0165751645521452,0.0111518311821632,0.597798791869676,0.148142534608004,0.452212088942537,0.507367392216193,0.42569263034834,7731,2947,4784,2812,4919,1402,1545,775267,281336,493931
CA->HI,CA,HI,reference,314,source_calibrated,0.02,0.814920310121514,source_calibration_labels,156532,39133,7731,0.304650699996273,PWGTP,0.0328122753987905,0.33325631984531,0.141840166033121,0.0455971968312005,0.0281841219243846,0.0174130749068159,0.618110846347011,0.148142534608004,0.452212088942537,0.507367392216193,0.42569263034834,7731,2947,4784,2812,4919,1402,1545,775267,281336,493931
CA->HI,CA,HI,reference,314,target_oracle,0.05,0.76413469018353,target_labels,156532,39133,7731,0.304650699996273,PWGTP,0.0499725670184702,0.426788608638781,0.186715028499859,0.064411943936624,0.0447454991162302,0.0196664448203938,0.694677048720282,0.148142534608004,0.452212088942537,0.507367392216193,0.42569263034834,7731,2947,4784,2812,4919,1402,1545,775267,281336,493931
CA->HI,CA,HI,reference,314,source_calibrated,0.05,0.709604904775119,source_calibration_labels,156532,39133,7731,0.304650699996273,PWGTP,0.0692789073777511,0.505264168112151,0.227493237813553,0.0878808653260207,0.0625449812629773,0.0253358840630434,0.711701927728497,0.148142534608004,0.452212088942537,0.507367392216193,0.42569263034834,7731,2947,4784,2812,4919,1402,1545,775267,281336,493931
CA->HI,CA,HI,reference,314,target_oracle,0.1,0.646509769829347,target_labels,156532,39133,7731,0.304650699996273,PWGTP,0.0997689960743505,0.576669889384935,0.272831166552942,0.135755636806825,0.0867417985887258,0.0490138382180993,0.638955410095832,0.148142534608004,0.452212088942537,0.507367392216193,0.42569263034834,7731,2947,4784,2812,4919,1402,1545,775267,281336,493931
CA->HI,CA,HI,reference,314,source_calibrated,0.1,0.572290534370714,source_calibration_labels,156532,39133,7731,0.304650699996273,PWGTP,0.136826803743843,0.642569738675463,0.320355438835911,0.192481718464351,0.116679672743216,0.0758020457211351,0.606185738957988,0.148142534608004,0.452212088942537,0.507367392216193,0.42569263034834,7731,2947,4784,2812,4919,1402,1545,775267,281336,493931
CA->HI,CA,HI,reference,2718,target_oracle,0.01,0.875052585308965,target_labels,156532,39133,7731,0.295444599993061,PWGTP,0.0099811512134286,0.187704381948986,0.0744749873269467,0.0184948202315661,0.00689919509390571,0.0115956251376604,0.373033909360767,0.148720297951535,0.453609140623477,0.511535764657391,0.425757191374878,7731,2947,4784,2812,4919,1402,1545,775267,281336,493931
CA->HI,CA,HI,reference,2718,source_calibrated,0.01,0.870731905820148,source_calibration_labels,156532,39133,7731,0.295444599993061,PWGTP,0.0136193111993376,0.203081013450109,0.0823729115259646,0.0187461913467398,0.0117633758075946,0.00698281553914516,0.627507507525812,0.148720297951535,0.453609140623477,0.511535764657391,0.425757191374878,7731,2947,4784,2812,4919,1402,1545,775267,281336,493931
CA->HI,CA,HI,reference,2718,target_oracle,0.02,0.853471552234191,target_labels,156532,39133,7731,0.295444599993061,PWGTP,0.0196849357501351,0.243648164472375,0.100958766463683,0.0268738574040219,0.0170825394111694,0.00979131799285252,0.635656398497256,0.148720297951535,0.453609140623477,0.511535764657391,0.425757191374878,7731,2947,4784,2812,4919,1402,1545,775267,281336,493931
CA->HI,CA,HI,reference,2718,source_calibrated,0.02,0.819625441823228,source_calibration_labels,156532,39133,7731,0.295444599993061,PWGTP,0.031585383383509,0.327988597264481,0.139146900358199,0.0415752589884217,0.0279690391037113,0.0136062198847104,0.672732769061051,0.148720297951535,0.453609140623477,0.511535764657391,0.425757191374878,7731,2947,4784,2812,4919,1402,1545,775267,281336,493931
CA->HI,CA,HI,reference,2718,target_oracle,0.05,0.770046981717024,target_labels,156532,39133,7731,0.295444599993061,PWGTP,0.0499421984042306,0.409058918872807,0.180261767881259,0.062408592321755,0.045429352187089,0.0169792401346661,0.727934255476753,0.148720297951535,0.453609140623477,0.511535764657391,0.425757191374878,7731,2947,4784,2812,4919,1402,1545,775267,281336,493931
CA->HI,CA,HI,reference,2718,source_calibrated,0.05,0.707927585123543,source_calibration_labels,156532,39133,7731,0.295444599993061,PWGTP,0.0740305832191136,0.505452554952086,0.230588945485878,0.0977300426569165,0.0654513568141271,0.0322786858427894,0.669715831844007,0.148720297951535,0.453609140623477,0.511535764657391,0.425757191374878,7731,2947,4784,2812,4919,1402,1545,775267,281336,493931
CA->HI,CA,HI,reference,2718,target_oracle,0.1,0.648776294418801,target_labels,156532,39133,7731,0.295444599993061,PWGTP,0.0998358070256777,0.572703102340262,0.271434228465806,0.13676873857404,0.0864660513827344,0.0503026871913059,0.632206250377353,0.148720297951535,0.453609140623477,0.511535764657391,0.425757191374878,7731,2947,4784,2812,4919,1402,1545,775267,281336,493931
CA->HI,CA,HI,reference,2718,source_calibrated,0.1,0.567293690482195,source_calibration_labels,156532,39133,7731,0.295444599993061,PWGTP,0.1373916599687,0.651281741405295,0.32387680631318,0.191704753199269,0.117730269598043,0.0739744836012255,0.61412285106811,0.148720297951535,0.453609140623477,0.511535764657391,0.425757191374878,7731,2947,4784,2812,4919,1402,1545,775267,281336,493931
CA->HI,CA,HI,reference,1618,target_oracle,0.01,0.875082677314822,target_labels,156532,39133,7731,0.275789500010433,PWGTP,0.00975237431948997,0.196416384678818,0.0774907225510695,0.0167428397318708,0.00722181932491569,0.00952102040695512,0.431337780243372,0.148127554249911,0.451879323261405,0.50819266096196,0.424803065153616,7731,2947,4784,2812,4919,1402,1545,775267,281336,493931
CA->HI,CA,HI,reference,1618,source_calibrated,0.01,0.86730508091243,source_calibration_labels,156532,39133,7731,0.275789500010433,PWGTP,0.0116534495708915,0.213595131799699,0.0849358995030099,0.0186243144424132,0.00912998999037642,0.00949432445203674,0.490218849053831,0.148127554249911,0.451879323261405,0.50819266096196,0.424803065153616,7731,2947,4784,2812,4919,1402,1545,775267,281336,493931
CA->HI,CA,HI,reference,1618,target_oracle,0.02,0.852872811617095,target_labels,156532,39133,7731,0.275789500010433,PWGTP,0.0198833440298341,0.253127932436659,0.10452527967784,0.0301721511273614,0.0161587862710981,0.0140133648562633,0.53555300723801,0.148127554249911,0.451879323261405,0.50819266096196,0.424803065153616,7731,2947,4784,2812,4919,1402,1545,775267,281336,493931
CA->HI,CA,HI,reference,1618,source_calibrated,0.02,0.822473414089254,source_calibration_labels,156532,39133,7731,0.275789500010433,PWGTP,0.0337719236087632,0.324050245969233,0.139110783768689,0.0416590493601462,0.0309167767357597,0.0107422726243865,0.742138315939027,0.148127554249911,0.451879323261405,0.50819266096196,0.424803065153616,7731,2947,4784,2812,4919,1402,1545,775267,281336,493931
CA->HI,CA,HI,reference,1618,target_oracle,0.05,0.767098913854203,target_labels,156532,39133,7731,0.275789500010433,PWGTP,0.0498875348985992,0.421766144396736,0.184838255723512,0.0652346130408288,0.044331878307243,0.0209027347335857,0.679576014032563,0.148127554249911,0.451879323261405,0.50819266096196,0.424803065153616,7731,2947,4784,2812,4919,1402,1545,775267,281336,493931
CA->HI,CA,HI,reference,1618,source_calibrated,0.05,0.712587447076646,source_calibration_labels,156532,39133,7731,0.275789500010433,PWGTP,0.0707953135154505,0.512753433616743,0.231177129943619,0.0950639853747715,0.062010031683354,0.0330539536914175,0.652297833284512,0.148127554249911,0.451879323261405,0.50819266096196,0.424803065153616,7731,2947,4784,2812,4919,1402,1545,775267,281336,493931
CA->HI,CA,HI,reference,1618,target_oracle,0.1,0.647701452862627,target_labels,156532,39133,7731,0.275789500010433,PWGTP,0.0999633552054842,0.576161600363978,0.272770542277693,0.140562157221207,0.0852665510366716,0.055295606184535,0.606611002010202,0.148127554249911,0.451879323261405,0.50819266096196,0.424803065153616,7731,2947,4784,2812,4919,1402,1545,775267,281336,493931
CA->HI,CA,HI,reference,1618,source_calibrated,0.1,0.573090317370885,source_calibration_labels,156532,39133,7731,0.275789500010433,PWGTP,0.138871623769312,0.649675121562829,0.324236682330088,0.204737964655698,0.115027946979327,0.0897100176763705,0.561830079598411,0.148127554249911,0.451879323261405,0.50819266096196,0.424803065153616,7731,2947,4784,2812,4919,1402,1545,775267,281336,493931
CA->HI,CA,HI,reference,8675309,target_oracle,0.01,0.876243444868559,target_labels,156532,39133,7731,0.406146399996942,PWGTP,0.00975642346805525,0.185596582022919,0.0735669130763982,0.014945155393053,0.00787809767517531,0.00706705771787771,0.527133875023962,0.148461752678584,0.452459472393541,0.507822028588837,0.42584036363068,7731,2947,4784,2812,4919,1402,1545,775267,281336,493931
CA->HI,CA,HI,reference,8675309,source_calibrated,0.01,0.874752662585429,source_calibration_labels,156532,39133,7731,0.406146399996942,PWGTP,0.0104306067041753,0.188628543805272,0.0750967086178052,0.014945155393053,0.00879633587112679,0.00614881952192623,0.588574400184263,0.148461752678584,0.452459472393541,0.507822028588837,0.42584036363068,7731,2947,4784,2812,4919,1402,1545,775267,281336,493931
CA->HI,CA,HI,reference,8675309,target_oracle,0.02,0.854983173679188,target_labels,156532,39133,7731,0.406146399996942,PWGTP,0.0199926710410968,0.239432564620241,0.0996250324081897,0.0271861669713589,0.0173886188098199,0.00979754816153902,0.639612742323664,0.148461752678584,0.452459472393541,0.507822028588837,0.42584036363068,7731,2947,4784,2812,4919,1402,1545,775267,281336,493931
CA->HI,CA,HI,reference,8675309,source_calibrated,0.02,0.829916862361104,source_calibration_labels,156532,39133,7731,0.406146399996942,PWGTP,0.0277326185236399,0.306473398356414,0.128884629424443,0.0370505789152955,0.0243595081772834,0.0126910707380122,0.657466330903323,0.148461752678584,0.452459472393541,0.507822028588837,0.42584036363068,7731,2947,4784,2812,4919,1402,1545,775267,281336,493931
CA->HI,CA,HI,reference,8675309,target_oracle,0.05,0.761949303746872,target_labels,156532,39133,7731,0.406146399996942,PWGTP,0.049984714464166,0.428811101316575,0.18745670846302,0.063475015234613,0.0451012130119592,0.0183738022226539,0.710534890700828,0.148461752678584,0.452459472393541,0.507822028588837,0.42584036363068,7731,2947,4784,2812,4919,1402,1545,775267,281336,493931
CA->HI,CA,HI,reference,8675309,source_calibrated,0.05,0.715004129051386,source_calibration_labels,156532,39133,7731,0.406146399996942,PWGTP,0.0684285861790412,0.499726305911792,0.224941858740279,0.0830971968312005,0.0631185354514395,0.0199786613797609,0.759574785412502,0.148461752678584,0.452459472393541,0.507822028588837,0.42584036363068,7731,2947,4784,2812,4919,1402,1545,775267,281336,493931
CA->HI,CA,HI,reference,8675309,target_oracle,0.1,0.641299077003113,target_labels,156532,39133,7731,0.406146399996942,PWGTP,0.0998924951055917,0.577782438081156,0.273313580998546,0.137073430834857,0.0864329617180154,0.0506404691168414,0.630559556229011,0.148461752678584,0.452459472393541,0.507822028588837,0.42584036363068,7731,2947,4784,2812,4919,1402,1545,775267,281336,493931
CA->HI,CA,HI,reference,8675309,source_calibrated,0.1,0.57072352241676,source_calibration_labels,156532,39133,7731,0.406146399996942,PWGTP,0.139308931814363,0.646056672448602,0.323202200016252,0.196404631322364,0.118640235377815,0.0777643959445494,0.604060273828714,0.148461752678584,0.452459472393541,0.507822028588837,0.42584036363068,7731,2947,4784,2812,4919,1402,1545,775267,281336,493931
CA->HI,CA,HI,large,42,target_oracle,0.01,0.924752218060197,target_labels,156532,39133,7731,0.628629499988165,PWGTP,0.00990826653925346,0.18059899906162,0.0718500851964549,0.0168037781840341,0.00741208489704978,0.00939169328698435,0.44109633059143,0.151339784375865,0.463524745718099,0.522265135318532,0.435281526347394,7731,2947,4784,2812,4919,1402,1545,775267,281336,493931
CA->HI,CA,HI,large,42,source_calibrated,0.01,0.901813391400829,source_calibration_labels,156532,39133,7731,0.628629499988165,PWGTP,0.0193164632306942,0.251727471777519,0.103655901773196,0.0290371724558196,0.0157975574312493,0.0132396150245703,0.544045996740402,0.151339784375865,0.463524745718099,0.522265135318532,0.435281526347394,7731,2947,4784,2812,4919,1402,1545,775267,281336,493931
CA->HI,CA,HI,large,42,target_oracle,0.02,0.900453861462463,target_labels,156532,39133,7731,0.628629499988165,PWGTP,0.0198469016927466,0.255299712798931,0.105290177448544,0.0290371724558196,0.0165200151109469,0.0125171573448727,0.568926438553281,0.151339784375865,0.463524745718099,0.522265135318532,0.435281526347394,7731,2947,4784,2812,4919,1402,1545,775267,281336,493931
CA->HI,CA,HI,large,42,source_calibrated,0.02,0.855888560291654,source_calibration_labels,156532,39133,7731,0.628629499988165,PWGTP,0.0331281089868828,0.352379361333068,0.148980931730617,0.0476386349786715,0.0278752850536742,0.0197633499249973,0.585140297704885,0.151339784375865,0.463524745718099,0.522265135318532,0.435281526347394,7731,2947,4784,2812,4919,1402,1545,775267,281336,493931
CA->HI,CA,HI,large,42,target_oracle,0.05,0.819846900276347,target_labels,156532,39133,7731,0.628629499988165,PWGTP,0.0499928127612966,0.416018568544374,0.182819596345517,0.0709323583180987,0.0424126777535427,0.0285196805645561,0.597931307504841,0.151339784375865,0.463524745718099,0.522265135318532,0.435281526347394,7731,2947,4784,2812,4919,1402,1545,775267,281336,493931
CA->HI,CA,HI,large,42,source_calibrated,0.05,0.738088612367427,source_calibration_labels,156532,39133,7731,0.628629499988165,PWGTP,0.0788288242689768,0.528872949071573,0.242144964251026,0.110374771480804,0.0674091619766663,0.0429656095041381,0.610729798778243,0.151339784375865,0.463524745718099,0.522265135318532,0.435281526347394,7731,2947,4784,2812,4919,1402,1545,775267,281336,493931
CA->HI,CA,HI,large,42,target_oracle,0.1,0.689478480809962,target_labels,156532,39133,7731,0.628629499988165,PWGTP,0.0999896746711585,0.584720760940655,0.27589333739215,0.150358013406459,0.0817562891044007,0.0686017243020588,0.543744142744096,0.151339784375865,0.463524745718099,0.522265135318532,0.435281526347394,7731,2947,4784,2812,4919,1402,1545,775267,281336,493931
CA->HI,CA,HI,large,42,source_calibrated,0.1,0.578262147530462,source_calibration_labels,156532,39133,7731,0.628629499988165,PWGTP,0.147666374453112,0.670330139050815,0.337335395418611,0.224984765386959,0.119677044872343,0.105307720514616,0.531933994137364,0.151339784375865,0.463524745718099,0.522265135318532,0.435281526347394,7731,2947,4784,2812,4919,1402,1545,775267,281336,493931
CA->HI,CA,HI,large,314,target_oracle,0.01,0.921283550711745,target_labels,156532,39133,7731,0.634153900013189,PWGTP,0.00998520036199388,0.182625046208093,0.0726343311401104,0.0192413162705667,0.00663447777615393,0.0126068384944128,0.344803738105102,0.151936601789261,0.464637880665472,0.521967915774877,0.43707277990364,7731,2947,4784,2812,4919,1402,1545,775267,281336,493931
CA->HI,CA,HI,large,314,source_calibrated,0.01,0.898904507004788,source_calibration_labels,156532,39133,7731,0.634153900013189,PWGTP,0.0180713500468689,0.248773708306082,0.10179073790062,0.0296541742839732,0.0138783568775489,0.0157758174064242,0.468006856122431,0.151936601789261,0.464637880665472,0.521967915774877,0.43707277990364,7731,2947,4784,2812,4919,1402,1545,775267,281336,493931
CA->HI,CA,HI,large,314,target_oracle,0.02,0.892312183919657,target_labels,156532,39133,7731,0.634153900013189,PWGTP,0.0198792948812688,0.265682315807433,0.109078549712551,0.0303168799512492,0.0161008793578399,0.0142160005934093,0.531086291984227,0.151936601789261,0.464637880665472,0.521967915774877,0.43707277990364,7731,2947,4784,2812,4919,1402,1545,775267,281336,493931
CA->HI,CA,HI,large,314,source_calibrated,0.02,0.849323559475567,source_calibration_labels,156532,39133,7731,0.634153900013189,PWGTP,0.0352478382608097,0.364773793613331,0.154829239474916,0.0530316879951249,0.0288100680819852,0.0242216199131398,0.543261381471274,0.151936601789261,0.464637880665472,0.521967915774877,0.43707277990364,7731,2947,4784,2812,4919,1402,1545,775267,281336,493931
CA->HI,CA,HI,large,314,target_oracle,0.05,0.817301196083067,target_labels,156532,39133,7731,0.634153900013189,PWGTP,0.0498834857500339,0.423372764239202,0.185418700912073,0.0721282754418038,0.0418308511489007,0.030297424292903,0.57995080143919,0.151936601789261,0.464637880665472,0.521967915774877,0.43707277990364,7731,2947,4784,2812,4919,1402,1545,775267,281336,493931
CA->HI,CA,HI,large,314,source_calibrated,0.05,0.733907330430833,source_calibration_labels,156532,39133,7731,0.634153900013189,PWGTP,0.0839084811441274,0.532377655188102,0.246653088548848,0.128717245581962,0.0676876666547176,0.0610295789272446,0.525863231058784,0.151936601789261,0.464637880665472,0.521967915774877,0.43707277990364,7731,2947,4784,2812,4919,1402,1545,775267,281336,493931
CA->HI,CA,HI,large,314,target_oracle,0.1,0.682357263639016,target_labels,156532,39133,7731,0.634153900013189,PWGTP,0.0999633552054842,0.583931668894134,0.275590216015902,0.155545399146862,0.0798426034948201,0.0757027956520416,0.513307394064642,0.151936601789261,0.464637880665472,0.521967915774877,0.43707277990364,7731,2947,4784,2812,4919,1402,1545,775267,281336,493931
CA->HI,CA,HI,large,314,source_calibrated,0.1,0.577194710084251,source_calibration_labels,156532,39133,7731,0.634153900013189,PWGTP,0.149124067936615,0.664511473824893,0.336152577112143,0.233539000609385,0.118565783632197,0.114973216977187,0.507691577521604,0.151936601789261,0.464637880665472,0.521967915774877,0.43707277990364,7731,2947,4784,2812,4919,1402,1545,775267,281336,493931
CA->HI,CA,HI,large,2718,target_oracle,0.01,0.925301342472234,target_labels,156532,39133,7731,0.648061899992172,PWGTP,0.00989814366784024,0.175398811385674,0.0699565440035497,0.0164990859232176,0.00750859641914678,0.00899048950407077,0.455091661082913,0.152284980616003,0.466017938779635,0.524097830653887,0.438092296161506,7731,2947,4784,2812,4919,1402,1545,775267,281336,493931
CA->HI,CA,HI,large,2718,source_calibrated,0.01,0.903583240033092,source_calibration_labels,156532,39133,7731,0.648061899992172,PWGTP,0.0170327434398732,0.237538032814855,0.09705172540557,0.0252056672760512,0.0140741373938029,0.0111315298822483,0.558371942296295,0.152284980616003,0.466017938779635,0.524097830653887,0.438092296161506,7731,2947,4784,2812,4919,1402,1545,775267,281336,493931
CA->HI,CA,HI,large,2718,target_oracle,0.02,0.892964961786437,target_labels,156532,39133,7731,0.648061899992172,PWGTP,0.0199420566840308,0.259689481616288,0.106943801296844,0.028473491773309,0.0168536692301965,0.0116198225431124,0.591907355949759,0.152284980616003,0.466017938779635,0.524097830653887,0.438092296161506,7731,2947,4784,2812,4919,1402,1545,775267,281336,493931
CA->HI,CA,HI,large,2718,source_calibrated,0.02,0.853692188183619,source_calibration_labels,156532,39133,7731,0.648061899992172,PWGTP,0.0362196339164782,0.35038174993602,0.15022566419053,0.0517138939670932,0.0306106973371092,0.021103196629984,0.591924045723332,0.152284980616003,0.466017938779635,0.524097830653887,0.438092296161506,7731,2947,4784,2812,4919,1402,1545,775267,281336,493931
CA->HI,CA,HI,large,2718,target_oracle,0.05,0.819702612014262,target_labels,156532,39133,7731,0.648061899992172,PWGTP,0.0499685178699049,0.41859555833594,0.183739279499837,0.0763406459475929,0.0404217829262845,0.0359188630213084,0.52949228323315,0.152284980616003,0.466017938779635,0.524097830653887,0.438092296161506,7731,2947,4784,2812,4919,1402,1545,775267,281336,493931
CA->HI,CA,HI,large,2718,source_calibrated,0.05,0.732094939341576,source_calibration_labels,156532,39133,7731,0.648061899992172,PWGTP,0.088421257220138,0.535047061165297,0.250496925575318,0.124291590493601,0.075436163143077,0.0488554273505245,0.6069289389853,0.152284980616003,0.466017938779635,0.524097830653887,0.438092296161506,7731,2947,4784,2812,4919,1402,1545,775267,281336,493931
CA->HI,CA,HI,large,2718,target_oracle,0.1,0.698874103550649,target_labels,156532,39133,7731,0.648061899992172,PWGTP,0.099918814571266,0.56564392754571,0.268925415373026,0.143167276051188,0.0842628312068628,0.0589044448443255,0.588562089962062,0.152284980616003,0.466017938779635,0.524097830653887,0.438092296161506,7731,2947,4784,2812,4919,1402,1545,775267,281336,493931
CA->HI,CA,HI,large,2718,source_calibrated,0.1,0.577921626079963,source_calibration_labels,156532,39133,7731,0.648061899992172,PWGTP,0.153689482943974,0.668432052776751,0.340483988097004,0.234811090798294,0.124323385293299,0.110487705504995,0.529461299594635,0.152284980616003,0.466017938779635,0.524097830653887,0.438092296161506,7731,2947,4784,2812,4919,1402,1545,775267,281336,493931
CA->HI,CA,HI,large,1618,target_oracle,0.01,0.925449417365403,target_labels,156532,39133,7731,0.583883799990872,PWGTP,0.00989206994499232,0.173155941649842,0.0691387612267774,0.0153031687995125,0.00793324711637359,0.0073699216831389,0.518405515897225,0.150734362761785,0.462346761616987,0.517967326215573,0.435603598724026,7731,2947,4784,2812,4919,1402,1545,775267,281336,493931
CA->HI,CA,HI,large,1618,source_calibrated,0.01,0.898912950162008,source_calibration_labels,156532,39133,7731,0.583883799990872,PWGTP,0.0196464688387649,0.244010720277533,0.101065826354017,0.026820536258379,0.0170494497464504,0.00977108651192859,0.635686385320652,0.150734362761785,0.462346761616987,0.517967326215573,0.435603598724026,7731,2947,4784,2812,4919,1402,1545,775267,281336,493931
CA->HI,CA,HI,large,1618,target_oracle,0.02,0.897903243088759,target_labels,156532,39133,7731,0.583883799990872,PWGTP,0.0199643270011398,0.247238177837177,0.102439546633611,0.026820536258379,0.017482372859857,0.00933816339852204,0.651827863971039,0.150734362761785,0.462346761616987,0.517967326215573,0.435603598724026,7731,2947,4784,2812,4919,1402,1545,775267,281336,493931
CA->HI,CA,HI,large,1618,source_calibrated,0.02,0.855085953860067,source_calibration_labels,156532,39133,7731,0.583883799990872,PWGTP,0.0361568721137163,0.346763300821793,0.148872581962085,0.0498171846435101,0.0312118262461706,0.0186053583973395,0.626527301161662,0.150734362761785,0.462346761616987,0.517967326215573,0.435603598724026,7731,2947,4784,2812,4919,1402,1545,775267,281336,493931
CA->HI,CA,HI,large,1618,target_oracle,0.05,0.809474411797928,target_labels,156532,39133,7731,0.583883799990872,PWGTP,0.0498753874529033,0.435952028890721,0.189978420337768,0.0665371724558196,0.0438438057526382,0.0226933667031814,0.658937014219387,0.150734362761785,0.462346761616987,0.517967326215573,0.435603598724026,7731,2947,4784,2812,4919,1402,1545,775267,281336,493931
CA->HI,CA,HI,large,1618,source_calibrated,0.05,0.738540121458911,source_calibration_labels,156532,39133,7731,0.583883799990872,PWGTP,0.0795070566536621,0.526064918815935,0.241558069671481,0.114579524680073,0.0668107905396649,0.0477687341404083,0.583095371762213,0.150734362761785,0.462346761616987,0.517967326215573,0.435603598724026,7731,2947,4784,2812,4919,1402,1545,775267,281336,493931
CA->HI,CA,HI,large,1618,target_oracle,0.1,0.675659182374356,target_labels,156532,39133,7731,0.583883799990872,PWGTP,0.0999593060569189,0.589569056217477,0.277633383079636,0.145802864107252,0.0833638953153307,0.062438968791921,0.571757597669746,0.150734362761785,0.462346761616987,0.517967326215573,0.435603598724026,7731,2947,4784,2812,4919,1402,1545,775267,281336,493931
CA->HI,CA,HI,large,1618,source_calibrated,0.1,0.5761633804506,source_calibration_labels,156532,39133,7731,0.583883799990872,PWGTP,0.146763414323053,0.667639406261552,0.335783671947858,0.225129494210847,0.118394820364483,0.106734673846364,0.525896532480097,0.150734362761785,0.462346761616987,0.517967326215573,0.435603598724026,7731,2947,4784,2812,4919,1402,1545,775267,281336,493931
CA->HI,CA,HI,large,8675309,target_oracle,0.01,0.920220683290551,target_labels,156532,39133,7731,0.627647100001923,PWGTP,0.0097726200623164,0.184590667387039,0.0732121965722777,0.015699268738574,0.0076271677177231,0.00807210102085094,0.485829489559771,0.150882062921192,0.461473723314432,0.513700816598338,0.436362189959863,7731,2947,4784,2812,4919,1402,1545,775267,281336,493931
CA->HI,CA,HI,large,8675309,source_calibrated,0.01,0.907823444341673,source_calibration_labels,156532,39133,7731,0.627647100001923,PWGTP,0.0146133771721151,0.220441038473569,0.0893060068337747,0.0225624619134674,0.0117358010869955,0.0108266608264719,0.520147186597153,0.150882062921192,0.461473723314432,0.513700816598338,0.436362189959863,7731,2947,4784,2812,4919,1402,1545,775267,281336,493931
CA->HI,CA,HI,large,8675309,target_oracle,0.02,0.88957391580006,target_labels,156532,39133,7731,0.627647100001923,PWGTP,0.0199926710410968,0.263020018767595,0.108184664122167,0.029669408897014,0.0164896829182878,0.0131797259787262,0.555780635048222,0.150882062921192,0.461473723314432,0.513700816598338,0.436362189959863,7731,2947,4784,2812,4919,1402,1545,775267,281336,493931
CA->HI,CA,HI,large,8675309,source_calibrated,0.02,0.859327042054637,source_calibration_labels,156532,39133,7731,0.627647100001923,PWGTP,0.0316096782749007,0.337866465720704,0.142746950405473,0.0402726995734308,0.0284736564906756,0.0117990430827552,0.707021302079798,0.150882062921192,0.461473723314432,0.513700816598338,0.436362189959863,7731,2947,4784,2812,4919,1402,1545,775267,281336,493931
CA->HI,CA,HI,large,8675309,target_oracle,0.05,0.811725896354185,target_labels,156532,39133,7731,0.627647100001923,PWGTP,0.0498450188386637,0.421929649955925,0.184870502678432,0.0676492992078001,0.043399852750992,0.0242494464568081,0.64154179362124,0.150882062921192,0.461473723314432,0.513700816598338,0.436362189959863,7731,2947,4784,2812,4919,1402,1545,775267,281336,493931
CA->HI,CA,HI,large,8675309,source_calibrated,0.05,0.735575964718241,source_calibration_labels,156532,39133,7731,0.627647100001923,PWGTP,0.0805476878349405,0.524991469275173,0.241831523849203,0.113284582571603,0.0686969014286463,0.0445876811429564,0.606409979797787,0.150882062921192,0.461473723314432,0.513700816598338,0.436362189959863,7731,2947,4784,2812,4919,1402,1545,775267,281336,493931
CA->HI,CA,HI,large,8675309,target_oracle,0.1,0.686328902612825,target_labels,156532,39133,7731,0.627647100001923,PWGTP,0.0997224308658497,0.575756390934683,0.272470000657838,0.145536258379037,0.0831377826064177,0.0623984757726194,0.571251339923088,0.150882062921192,0.461473723314432,0.513700816598338,0.436362189959863,7731,2947,4784,2812,4919,1402,1545,775267,281336,493931
CA->HI,CA,HI,large,8675309,source_calibrated,0.1,0.579347467418509,source_calibration_labels,156532,39133,7731,0.627647100001923,PWGTP,0.149146338253724,0.659688059828817,0.334416401059248,0.213825411334552,0.125732453515915,0.0880929578186374,0.588014552298432,0.150882062921192,0.461473723314432,0.513700816598338,0.436362189959863,7731,2947,4784,2812,4919,1402,1545,775267,281336,493931
MS->HI,MS,HI,small,42,target_oracle,0.01,0.748452416803765,target_labels,10551,2638,7731,0.044910800002981,PWGTP,0.00991636483638403,0.152611112690875,0.0616987437876241,0.0171998781230957,0.00727972623817389,0.00992015188492178,0.423242896610925,0.173411397280034,0.522533862765838,0.604304295275184,0.483217469410118,7731,2947,4784,2812,4919,1402,1545,775267,281336,493931
MS->HI,MS,HI,small,42,source_calibrated,0.01,0.735610471516793,source_calibration_labels,10551,2638,7731,0.044910800002981,PWGTP,0.012171740587248,0.168844371143401,0.0690265418236556,0.0185024375380865,0.00988002239067313,0.00862241514741341,0.533984907141856,0.173411397280034,0.522533862765838,0.604304295275184,0.483217469410118,7731,2947,4784,2812,4919,1402,1545,775267,281336,493931
MS->HI,MS,HI,small,42,target_oracle,0.02,0.674758447535784,target_labels,10551,2638,7731,0.044910800002981,PWGTP,0.0197011323443963,0.225289333750391,0.0943068646027756,0.036563071297989,0.0135970947274377,0.0229659765705514,0.37188054079542,0.173411397280034,0.522533862765838,0.604304295275184,0.483217469410118,7731,2947,4784,2812,4919,1402,1545,775267,281336,493931
MS->HI,MS,HI,small,42,source_calibrated,0.02,0.641266668894329,source_calibration_labels,10551,2638,7731,0.044910800002981,PWGTP,0.0231469577734542,0.252729831944721,0.106460096973043,0.0434643510054845,0.0157920424871295,0.027672308518355,0.363333217264346,0.173411397280034,0.522533862765838,0.604304295275184,0.483217469410118,7731,2947,4784,2812,4919,1402,1545,775267,281336,493931
MS->HI,MS,HI,small,42,target_oracle,0.05,0.526291330365961,target_labels,10551,2638,7731,0.044910800002981,PWGTP,0.0498288222444026,0.362921915432081,0.16344691570775,0.0876294942108471,0.0361449437613573,0.0514845504494897,0.41247463638656,0.173411397280034,0.522533862765838,0.604304295275184,0.483217469410118,7731,2947,4784,2812,4919,1402,1545,775267,281336,493931
MS->HI,MS,HI,small,42,source_calibrated,0.05,0.503330312664909,source_calibration_labels,10551,2638,7731,0.044910800002981,PWGTP,0.0561292974119867,0.386921687946086,0.176170274241003,0.0975929311395491,0.0411194233574428,0.0564735077821062,0.421336083231743,0.173411397280034,0.522533862765838,0.604304295275184,0.483217469410118,7731,2947,4784,2812,4919,1402,1545,775267,281336,493931
MS->HI,MS,HI,small,42,target_oracle,0.1,0.371579517788812,target_labels,10551,2638,7731,0.044910800002981,PWGTP,0.0998924951055917,0.537528080302556,0.258705710419765,0.181284277879342,0.0704285938822725,0.110855683997069,0.388498079955659,0.173411397280034,0.522533862765838,0.604304295275184,0.483217469410118,7731,2947,4784,2812,4919,1402,1545,775267,281336,493931
MS->HI,MS,HI,small,42,source_calibrated,0.1,0.37698628424671,source_calibration_labels,10551,2638,7731,0.044910800002981,PWGTP,0.098677750536006,0.532566042028038,0.256131113538949,0.180156916514321,0.0691822165111912,0.110974700003129,0.384010882566876,0.173411397280034,0.522533862765838,0.604304295275184,0.483217469410118,7731,2947,4784,2812,4919,1402,1545,775267,281336,493931
MS->HI,MS,HI,small,314,target_oracle,0.01,0.746836436232291,target_labels,10551,2638,7731,0.0422127000056207,PWGTP,0.00996090547060217,0.157733102055905,0.0635858355895453,0.0145566727605119,0.00829723342828229,0.00625943933222959,0.569995188103034,0.17164953920781,0.518493889453746,0.598178299932014,0.480180485322929,7731,2947,4784,2812,4919,1402,1545,775267,281336,493931
MS->HI,MS,HI,small,314,source_calibrated,0.01,0.712169657623766,source_calibration_labels,10551,2638,7731,0.0422127000056207,PWGTP,0.0153786662509541,0.193267125430091,0.0799324619776155,0.0227605118829982,0.0127064312520853,0.0100540806309128,0.558266497581581,0.17164953920781,0.518493889453746,0.598178299932014,0.480180485322929,7731,2947,4784,2812,4919,1402,1545,775267,281336,493931
MS->HI,MS,HI,small,314,target_oracle,0.02,0.672598086884522,target_labels,10551,2638,7731,0.0422127000056207,PWGTP,0.0199420566840308,0.233023857593767,0.0972671350644359,0.0340188909201706,0.0148462295705789,0.0191726613495918,0.436411334085444,0.17164953920781,0.518493889453746,0.598178299932014,0.480180485322929,7731,2947,4784,2812,4919,1402,1545,775267,281336,493931
MS->HI,MS,HI,small,314,source_calibrated,0.02,0.665655432923446,source_calibration_labels,10551,2638,7731,0.0422127000056207,PWGTP,0.0210575971137669,0.239048682003014,0.100164201494453,0.0350396099939062,0.0159960954195632,0.019043514574343,0.456514653626142,0.17164953920781,0.518493889453746,0.598178299932014,0.480180485322929,7731,2947,4784,2812,4919,1402,1545,775267,281336,493931
MS->HI,MS,HI,small,314,target_oracle,0.05,0.538437167058627,target_labels,10551,2638,7731,0.0422127000056207,PWGTP,0.0498571662843596,0.377701396195297,0.168828287544807,0.0877742230347349,0.0361311564010578,0.0516430666336772,0.411637439237253,0.17164953920781,0.518493889453746,0.598178299932014,0.480180485322929,7731,2947,4784,2812,4919,1402,1545,775267,281336,493931
MS->HI,MS,HI,small,314,source_calibrated,0.05,0.564249985274202,source_calibration_labels,10551,2638,7731,0.0422127000056207,PWGTP,0.0429877857433528,0.351750220377058,0.155034330108208,0.0747257769652651,0.0314986033404017,0.0432271736248634,0.421522593937607,0.17164953920781,0.518493889453746,0.598178299932014,0.480180485322929,7731,2947,4784,2812,4919,1402,1545,775267,281336,493931
MS->HI,MS,HI,small,314,target_oracle,0.1,0.39138578388641,target_labels,10551,2638,7731,0.0422127000056207,PWGTP,0.0998378315999603,0.528545937953195,0.255411361505133,0.170620048750762,0.0742146030205349,0.0964054457302268,0.434970002434744,0.17164953920781,0.518493889453746,0.598178299932014,0.480180485322929,7731,2947,4784,2812,4919,1402,1545,775267,281336,493931
MS->HI,MS,HI,small,314,source_calibrated,0.1,0.421082628435765,source_calibration_labels,10551,2638,7731,0.0422127000056207,PWGTP,0.0857548928898976,0.500405209429295,0.236227003084099,0.153526812918952,0.0612213946742185,0.0923054182447334,0.398766792003543,0.17164953920781,0.518493889453746,0.598178299932014,0.480180485322929,7731,2947,4784,2812,4919,1402,1545,775267,281336,493931
MS->HI,MS,HI,small,2718,target_oracle,0.01,0.77500175725633,target_labels,10551,2638,7731,0.0460300999984611,PWGTP,0.00986979962788325,0.127772485568857,0.0526554077498462,0.0180987202925046,0.00689092267772597,0.0112077976147786,0.380740879264253,0.172968067994954,0.522990899595795,0.611435834077251,0.480465310239318,7731,2947,4784,2812,4919,1402,1545,775267,281336,493931
MS->HI,MS,HI,small,2718,source_calibrated,0.01,0.767130711571969,source_calibration_labels,10551,2638,7731,0.0460300999984611,PWGTP,0.0107342928465717,0.137284243751244,0.0566578997945224,0.0194622181596587,0.00757477574858473,0.011887442411074,0.389204133179727,0.172968067994954,0.522990899595795,0.611435834077251,0.480465310239318,7731,2947,4784,2812,4919,1402,1545,775267,281336,493931
MS->HI,MS,HI,small,2718,target_oracle,0.02,0.65285237786784,target_labels,10551,2638,7731,0.0460300999984611,PWGTP,0.0198205822270722,0.248386271220178,0.102764595939205,0.0368829981718464,0.0136439717524562,0.0232390264193902,0.36992577688196,0.172968067994954,0.522990899595795,0.611435834077251,0.480465310239318,7731,2947,4784,2812,4919,1402,1545,775267,281336,493931
MS->HI,MS,HI,small,2718,source_calibrated,0.02,0.705909788313041,source_calibration_labels,10551,2638,7731,0.0460300999984611,PWGTP,0.015243019774017,0.197692438934228,0.0814519384934481,0.026508226691042,0.0111650043705932,0.0153432223204488,0.421190164876861,0.172968067994954,0.522990899595795,0.611435834077251,0.480465310239318,7731,2947,4784,2812,4919,1402,1545,775267,281336,493931
MS->HI,MS,HI,small,2718,target_oracle,0.05,0.522470500168906,target_labels,10551,2638,7731,0.0460300999984611,PWGTP,0.0499462475527958,0.377043819489863,0.168646414719058,0.088216026812919,0.036092551792219,0.0521234750207,0.409138260882696,0.172968067994954,0.522990899595795,0.611435834077251,0.480465310239318,7731,2947,4784,2812,4919,1402,1545,775267,281336,493931
MS->HI,MS,HI,small,2718,source_calibrated,0.05,0.579416194183603,source_calibration_labels,10551,2638,7731,0.0460300999984611,PWGTP,0.0329843642128151,0.31232049933176,0.134352423100687,0.0567794028031688,0.024370538065523,0.0324088647376458,0.42921441336757,0.172968067994954,0.522990899595795,0.611435834077251,0.480465310239318,7731,2947,4784,2812,4919,1402,1545,775267,281336,493931
MS->HI,MS,HI,small,2718,target_oracle,0.1,0.372296076375886,target_labels,10551,2638,7731,0.0460300999984611,PWGTP,0.0998641510656347,0.54293087269315,0.260648266984149,0.174641986593541,0.072794504909679,0.101847481683862,0.41682132876271,0.172968067994954,0.522990899595795,0.611435834077251,0.480465310239318,7731,2947,4784,2812,4919,1402,1545,775267,281336,493931
MS->HI,MS,HI,small,2718,source_calibrated,0.1,0.431953084708525,source_calibration_labels,10551,2638,7731,0.0460300999984611,PWGTP,0.0759863219761465,0.470156680979327,0.219026477329746,0.140653564899452,0.052576719766387,0.0880768451330646,0.373802966202615,0.172968067994954,0.522990899595795,0.611435834077251,0.480465310239318,7731,2947,4784,2812,4919,1402,1545,775267,281336,493931
MS->HI,MS,HI,small,1618,target_oracle,0.01,0.74276722514636,target_labels,10551,2638,7731,0.0450372000050265,PWGTP,0.00984955388505682,0.164035175022038,0.0658018463316509,0.0176264472882389,0.00703431122484151,0.0105921360633974,0.39907708625635,0.171893168753182,0.520454508772226,0.607095235006785,0.478796408542978,7731,2947,4784,2812,4919,1402,1545,775267,281336,493931
MS->HI,MS,HI,small,1618,source_calibrated,0.01,0.74877090409374,source_calibration_labels,10551,2638,7731,0.0450372000050265,PWGTP,0.00934745946296143,0.155959422185572,0.0625513532757102,0.0164533820840951,0.00677510885120956,0.0096782732328855,0.41177606017907,0.171893168753182,0.520454508772226,0.607095235006785,0.478796408542978,7731,2947,4784,2812,4919,1402,1545,775267,281336,493931
MS->HI,MS,HI,small,1618,target_oracle,0.02,0.664131416559306,target_labels,10551,2638,7731,0.0450372000050265,PWGTP,0.0197983119099631,0.239016691784912,0.0993502883522709,0.0375990249847654,0.0133544371861652,0.0242445877986002,0.355180412033989,0.171893168753182,0.520454508772226,0.607095235006785,0.478796408542978,7731,2947,4784,2812,4919,1402,1545,775267,281336,493931
MS->HI,MS,HI,small,1618,source_calibrated,0.02,0.691209279640992,source_calibration_labels,10551,2638,7731,0.0450372000050265,PWGTP,0.0163464127580573,0.212354622231069,0.0874756696725128,0.0316879951249238,0.0107927456425048,0.020895249482419,0.340594146141353,0.171893168753182,0.520454508772226,0.607095235006785,0.478796408542978,7731,2947,4784,2812,4919,1402,1545,775267,281336,493931
MS->HI,MS,HI,small,1618,target_oracle,0.05,0.530946892852431,target_labels,10551,2638,7731,0.0450372000050265,PWGTP,0.0499543458499264,0.375170614496545,0.167971808422131,0.0839427178549665,0.0376505235060706,0.0462921943488959,0.448526381658525,0.171893168753182,0.520454508772226,0.607095235006785,0.478796408542978,7731,2947,4784,2812,4919,1402,1545,775267,281336,493931
MS->HI,MS,HI,small,1618,source_calibrated,0.05,0.552052457368707,source_calibration_labels,10551,2638,7731,0.0450372000050265,PWGTP,0.0427245910866093,0.351849745500043,0.154902762532134,0.0794713589274832,0.0294222268792861,0.0500491320481971,0.370224283016648,0.171893168753182,0.520454508772226,0.607095235006785,0.478796408542978,7731,2947,4784,2812,4919,1402,1545,775267,281336,493931
MS->HI,MS,HI,small,1618,target_oracle,0.1,0.374451362743997,target_labels,10551,2638,7731,0.0450372000050265,PWGTP,0.0998439053228082,0.543744846020417,0.260930750309248,0.180217854966484,0.0707484606412225,0.109469394325261,0.392571871718149,0.171893168753182,0.520454508772226,0.607095235006785,0.478796408542978,7731,2947,4784,2812,4919,1402,1545,775267,281336,493931
MS->HI,MS,HI,small,1618,source_calibrated,0.1,0.42578418924658,source_calibration_labels,10551,2638,7731,0.0450372000050265,PWGTP,0.0785959982264729,0.483834276452356,0.225652581626717,0.144576477757465,0.0547110031407607,0.0898654746167043,0.378422575991521,0.171893168753182,0.520454508772226,0.607095235006785,0.478796408542978,7731,2947,4784,2812,4919,1402,1545,775267,281336,493931
MS->HI,MS,HI,small,8675309,target_oracle,0.01,0.754354753240314,target_labels,10551,2638,7731,0.0448128999996698,PWGTP,0.0095215728512687,0.148278215372366,0.0598748560173463,0.0159430225472273,0.00719700207637646,0.00874602047085084,0.451420178015624,0.17312221969736,0.522963899356041,0.608940427825328,0.481625154911079,7731,2947,4784,2812,4919,1402,1545,775267,281336,493931
MS->HI,MS,HI,small,8675309,source_calibrated,0.01,0.746300876900448,source_calibration_labels,10551,2638,7731,0.0448128999996698,PWGTP,0.0108152758178774,0.155561321693633,0.0633420486103497,0.0194774527726996,0.00767955968686147,0.0117978930858381,0.394279466441601,0.17312221969736,0.522963899356041,0.608940427825328,0.481625154911079,7731,2947,4784,2812,4919,1402,1545,775267,281336,493931
MS->HI,MS,HI,small,8675309,target_oracle,0.02,0.663180859447039,target_labels,10551,2638,7731,0.0448128999996698,PWGTP,0.0199643270011398,0.239116216907897,0.0994921749539191,0.0396709323583181,0.0128305174947815,0.0268404148635366,0.323423643762464,0.17312221969736,0.522963899356041,0.608940427825328,0.481625154911079,7731,2947,4784,2812,4919,1402,1545,775267,281336,493931
MS->HI,MS,HI,small,8675309,source_calibrated,0.02,0.70616963411827,source_calibration_labels,10551,2638,7731,0.0448128999996698,PWGTP,0.0143582808125022,0.194624932465095,0.0797750968376056,0.0283287629494211,0.00930095325809111,0.01902780969133,0.328321899360635,0.17312221969736,0.522963899356041,0.608940427825328,0.481625154911079,7731,2947,4784,2812,4919,1402,1545,775267,281336,493931
MS->HI,MS,HI,small,8675309,target_oracle,0.05,0.540813207157374,target_labels,10551,2638,7731,0.0448128999996698,PWGTP,0.0498308468186852,0.364215742030881,0.163917721249582,0.0860907982937233,0.0367047105895199,0.0493860877042034,0.426348823765013,0.17312221969736,0.522963899356041,0.608940427825328,0.481625154911079,7731,2947,4784,2812,4919,1402,1545,775267,281336,493931
MS->HI,MS,HI,small,8675309,source_calibrated,0.05,0.579271236339401,source_calibration_labels,10551,2638,7731,0.0448128999996698,PWGTP,0.0384689359444943,0.326012312679501,0.142815313949904,0.0685557586837294,0.0275774780712034,0.040978280612526,0.402263480131954,0.17312221969736,0.522963899356041,0.608940427825328,0.481625154911079,7731,2947,4784,2812,4919,1402,1545,775267,281336,493931
MS->HI,MS,HI,small,8675309,target_oracle,0.1,0.384522114063218,target_labels,10551,2638,7731,0.0448128999996698,PWGTP,0.0999289374426792,0.527877697841727,0.25522690892299,0.176264472882389,0.0722954024668345,0.103969070415554,0.41015300068479,0.17312221969736,0.522963899356041,0.608940427825328,0.481625154911079,7731,2947,4784,2812,4919,1402,1545,775267,281336,493931
MS->HI,MS,HI,small,8675309,source_calibrated,0.1,0.428694757221855,source_calibration_labels,10551,2638,7731,0.0448128999996698,PWGTP,0.081236043091039,0.481882873148122,0.226626439665302,0.145536258379037,0.0579593052273398,0.0875769531516974,0.398246497971588,0.17312221969736,0.522963899356041,0.608940427825328,0.481625154911079,7731,2947,4784,2812,4919,1402,1545,775267,281336,493931
MS->HI,MS,HI,reference,42,target_oracle,0.01,0.798033352662957,target_labels,10551,2638,7731,0.0657557000085944,PWGTP,0.00942439328570185,0.150677481730031,0.0606836096467411,0.0193708104814138,0.00582378099053911,0.0135470294908747,0.300647254596136,0.17232352841968,0.52666242081745,0.601398912917076,0.490728046603644,7731,2947,4784,2812,4919,1402,1545,775267,281336,493931
MS->HI,MS,HI,reference,42,source_calibrated,0.01,0.753862772843678,source_calibration_labels,10551,2638,7731,0.0657557000085944,PWGTP,0.0155203864507391,0.190640373077032,0.079069533463955,0.0282982937233394,0.0108947721087216,0.0174035216146178,0.384997491906588,0.17232352841968,0.52666242081745,0.601398912917076,0.490728046603644,7731,2947,4784,2812,4919,1402,1545,775267,281336,493931
MS->HI,MS,HI,reference,42,target_oracle,0.02,0.721836258138392,target_labels,10551,2638,7731,0.0657557000085944,PWGTP,0.0198286805242028,0.223700486251315,0.0938115513752036,0.0393053016453382,0.0127781255256431,0.0265271761196951,0.325099286629153,0.17232352841968,0.52666242081745,0.601398912917076,0.490728046603644,7731,2947,4784,2812,4919,1402,1545,775267,281336,493931
MS->HI,MS,HI,reference,42,source_calibrated,0.02,0.675540249542505,source_calibration_labels,10551,2638,7731,0.0657557000085944,PWGTP,0.02659885692536,0.268881337617653,0.114520545824858,0.0548750761730652,0.0163628392035318,0.0385122369695334,0.298183444008836,0.17232352841968,0.52666242081745,0.601398912917076,0.490728046603644,7731,2947,4784,2812,4919,1402,1545,775267,281336,493931
MS->HI,MS,HI,reference,42,target_oracle,0.05,0.556698805797351,target_labels,10551,2638,7731,0.0657557000085944,PWGTP,0.0498753874529033,0.38461483777405,0.171348709541358,0.0962599024984765,0.0330841497748524,0.0631757527236241,0.343696065715172,0.17232352841968,0.52666242081745,0.601398912917076,0.490728046603644,7731,2947,4784,2812,4919,1402,1545,775267,281336,493931
MS->HI,MS,HI,reference,42,source_calibrated,0.05,0.525638422787539,source_calibration_labels,10551,2638,7731,0.0657557000085944,PWGTP,0.0581133802089766,0.408447550260187,0.185245857233701,0.106863193174893,0.0404659024792431,0.0663972906956502,0.378670160202084,0.17232352841968,0.52666242081745,0.601398912917076,0.490728046603644,7731,2947,4784,2812,4919,1402,1545,775267,281336,493931
MS->HI,MS,HI,reference,42,target_oracle,0.1,0.40201574361889,target_labels,10551,2638,7731,0.0657557000085944,PWGTP,0.0999046425512875,0.517033013905081,0.251276012006186,0.183196221815966,0.0697530132275935,0.113443208588372,0.380755741227379,0.17232352841968,0.52666242081745,0.601398912917076,0.490728046603644,7731,2947,4784,2812,4919,1402,1545,775267,281336,493931
MS->HI,MS,HI,reference,42,source_calibrated,0.1,0.387587474299248,source_calibration_labels,10551,2638,7731,0.0657557000085944,PWGTP,0.106897522123535,0.535512696562118,0.262437328043113,0.200959780621572,0.0728468968788174,0.128112883742755,0.362494906460888,0.17232352841968,0.52666242081745,0.601398912917076,0.490728046603644,7731,2947,4784,2812,4919,1402,1545,775267,281336,493931
MS->HI,MS,HI,reference,314,target_oracle,0.01,0.789144070928714,target_labels,10551,2638,7731,0.0638819000014337,PWGTP,0.00984752931077418,0.151363494184889,0.0612021406818554,0.0144881170018282,0.00816763224146631,0.00632048476036184,0.563746982470924,0.171098863739199,0.523157816287946,0.601948454221409,0.48527415077858,7731,2947,4784,2812,4919,1402,1545,775267,281336,493931
MS->HI,MS,HI,reference,314,source_calibrated,0.01,0.754220842225792,source_calibration_labels,10551,2638,7731,0.0638819000014337,PWGTP,0.0152875604082352,0.196277760400375,0.0809669442914506,0.0237888482632541,0.0122100862813008,0.0115787619819534,0.513269333016062,0.171098863739199,0.523157816287946,0.601948454221409,0.48527415077858,7731,2947,4784,2812,4919,1402,1545,775267,281336,493931
MS->HI,MS,HI,reference,314,target_oracle,0.02,0.714529294827671,target_labels,10551,2638,7731,0.0638819000014337,PWGTP,0.0199946956153795,0.242983478829585,0.100914910604992,0.0332114564290067,0.0152102158824876,0.0180012405465191,0.45798099565435,0.171098863739199,0.523157816287946,0.601948454221409,0.48527415077858,7731,2947,4784,2812,4919,1402,1545,775267,281336,493931
MS->HI,MS,HI,reference,314,source_calibrated,0.02,0.691567159803025,source_calibration_labels,10551,2638,7731,0.0638819000014337,PWGTP,0.0251897532246407,0.269567350072511,0.113871737091866,0.0443784277879342,0.0182434351483934,0.0261349926395408,0.411087910449894,0.171098863739199,0.523157816287946,0.601948454221409,0.48527415077858,7731,2947,4784,2812,4919,1402,1545,775267,281336,493931
MS->HI,MS,HI,reference,314,target_oracle,0.05,0.574757220349222,target_labels,10551,2638,7731,0.0638819000014337,PWGTP,0.0497822570359018,0.37719310717434,0.168596109469383,0.0851538695917124,0.0369777003234515,0.0481761692682609,0.434245683734029,0.171098863739199,0.523157816287946,0.601948454221409,0.48527415077858,7731,2947,4784,2812,4919,1402,1545,775267,281336,493931
MS->HI,MS,HI,reference,314,source_calibrated,0.05,0.572129678904134,source_calibration_labels,10551,2638,7731,0.0638819000014337,PWGTP,0.0510354685168576,0.378653993801007,0.169924684012089,0.0851538695917124,0.0386845755285385,0.0464692940631739,0.454290283154712,0.171098863739199,0.523157816287946,0.601948454221409,0.48527415077858,7731,2947,4784,2812,4919,1402,1545,775267,281336,493931
MS->HI,MS,HI,reference,314,target_oracle,0.1,0.406867894426159,target_labels,10551,2638,7731,0.0638819000014337,PWGTP,0.0999491831855057,0.531616998891006,0.256596759567994,0.178801035953687,0.0714047389914822,0.107396296962205,0.399353049665649,0.171098863739199,0.523157816287946,0.601948454221409,0.48527415077858,7731,2947,4784,2812,4919,1402,1545,775267,281336,493931
MS->HI,MS,HI,reference,314,source_calibrated,0.1,0.445475097666221,source_calibration_labels,10551,2638,7731,0.0638819000014337,PWGTP,0.087441363267339,0.49895854067734,0.236776491195936,0.16048141377209,0.0610007969094253,0.0994806168626649,0.380111288127461,0.171098863739199,0.523157816287946,0.601948454221409,0.48527415077858,7731,2947,4784,2812,4919,1402,1545,775267,281336,493931
MS->HI,MS,HI,reference,2718,target_oracle,0.01,0.807159480322839,target_labels,10551,2638,7731,0.0624680000037188,PWGTP,0.00985360303362211,0.129855404214178,0.0534009573475977,0.0167504570383912,0.00735693545585149,0.00939352158253973,0.439208043039647,0.172249756642244,0.528027245129618,0.610199210187701,0.488517789182117,7731,2947,4784,2812,4919,1402,1545,775267,281336,493931
MS->HI,MS,HI,reference,2718,source_calibrated,0.01,0.772940959348571,source_calibration_labels,10551,2638,7731,0.0624680000037188,PWGTP,0.0138723829846679,0.166285153695226,0.0691813272072718,0.0282525898842169,0.00866673468431081,0.0195858551999061,0.306758945633951,0.172249756642244,0.528027245129618,0.610199210187701,0.488517789182117,7731,2947,4784,2812,4919,1402,1545,775267,281336,493931
MS->HI,MS,HI,reference,2718,target_oracle,0.02,0.705784418718329,target_labels,10551,2638,7731,0.0624680000037188,PWGTP,0.0199420566840308,0.237865043933233,0.09902394916848,0.0362964655697745,0.0140217454246645,0.02227472014511,0.386311592728217,0.172249756642244,0.528027245129618,0.610199210187701,0.488517789182117,7731,2947,4784,2812,4919,1402,1545,775267,281336,493931
MS->HI,MS,HI,reference,2718,source_calibrated,0.02,0.731330438585529,source_calibration_labels,10551,2638,7731,0.0624680000037188,PWGTP,0.0179964407984111,0.216456479085506,0.0900154398420157,0.0328686776355881,0.0126126772020483,0.0202560004335398,0.383729377308203,0.172249756642244,0.528027245129618,0.610199210187701,0.488517789182117,7731,2947,4784,2812,4919,1402,1545,775267,281336,493931
MS->HI,MS,HI,reference,2718,target_oracle,0.05,0.548278824428179,target_labels,10551,2638,7731,0.0624680000037188,PWGTP,0.049962444147057,0.383608923138169,0.171039138774126,0.0937995124923827,0.0340933845487811,0.0597061279436016,0.363470807500729,0.172249756642244,0.528027245129618,0.610199210187701,0.488517789182117,7731,2947,4784,2812,4919,1402,1545,775267,281336,493931
MS->HI,MS,HI,reference,2718,source_calibrated,0.05,0.616086163036933,source_calibration_labels,10551,2638,7731,0.0624680000037188,PWGTP,0.0373291006233664,0.319514743936076,0.13973121518135,0.0676873857404022,0.0263393731163019,0.0413480126241003,0.389132669672306,0.172249756642244,0.528027245129618,0.610199210187701,0.488517789182117,7731,2947,4784,2812,4919,1402,1545,775267,281336,493931
MS->HI,MS,HI,reference,2718,target_oracle,0.1,0.379298904487185,target_labels,10551,2638,7731,0.0624680000037188,PWGTP,0.0999572814826362,0.544612136377854,0.261317713768289,0.182609689213894,0.0700370328497646,0.112572656364129,0.383534045489388,0.172249756642244,0.528027245129618,0.610199210187701,0.488517789182117,7731,2947,4784,2812,4919,1402,1545,775267,281336,493931
MS->HI,MS,HI,reference,2718,source_calibrated,0.1,0.441859029111011,source_calibration_labels,10551,2638,7731,0.0624680000037188,PWGTP,0.0773164672798427,0.477059459152046,0.222378870763234,0.148491773308958,0.0515509401600988,0.0969408331488591,0.347163610558006,0.172249756642244,0.528027245129618,0.610199210187701,0.488517789182117,7731,2947,4784,2812,4919,1402,1545,775267,281336,493931
MS->HI,MS,HI,reference,1618,target_oracle,0.01,0.782519232730265,target_labels,10551,2638,7731,0.0657001999934437,PWGTP,0.00998722493627652,0.159005601842637,0.0640643804005588,0.0174969530773918,0.00726869634993423,0.0102282567274576,0.415426406974038,0.171879126741557,0.527656715757053,0.612390078551992,0.486915703146925,7731,2947,4784,2812,4919,1402,1545,775267,281336,493931
MS->HI,MS,HI,reference,1618,source_calibrated,0.01,0.793682655845985,source_calibration_labels,10551,2638,7731,0.0657001999934437,PWGTP,0.00978274293372961,0.149127733386413,0.0603495311937694,0.01672760511883,0.00726869634993423,0.00945890876889575,0.434532994908637,0.171879126741557,0.527656715757053,0.612390078551992,0.486915703146925,7731,2947,4784,2812,4919,1402,1545,775267,281336,493931
MS->HI,MS,HI,reference,1618,target_oracle,0.02,0.697505865376198,target_labels,10551,2638,7731,0.0657001999934437,PWGTP,0.0199825481696836,0.239876873204993,0.0997798177918059,0.0362659963436929,0.0140879247541024,0.0221780715895904,0.388460987548533,0.171879126741557,0.527656715757053,0.612390078551992,0.486915703146925,7731,2947,4784,2812,4919,1402,1545,775267,281336,493931
MS->HI,MS,HI,reference,1618,source_calibrated,0.02,0.725187542866872,source_calibration_labels,10551,2638,7731,0.0657001999934437,PWGTP,0.016903170685784,0.217295333693519,0.0896233168701879,0.0330210237659963,0.0110684928484962,0.0219525309175001,0.335195326678335,0.171879126741557,0.527656715757053,0.612390078551992,0.486915703146925,7731,2947,4784,2812,4919,1402,1545,775267,281336,493931
MS->HI,MS,HI,reference,1618,target_oracle,0.05,0.547264973971119,target_labels,10551,2638,7731,0.0657001999934437,PWGTP,0.049877412027186,0.392235618619729,0.174115498273498,0.092923522242535,0.0342946800091548,0.0586288422333802,0.369063496319522,0.171879126741557,0.527656715757053,0.612390078551992,0.486915703146925,7731,2947,4784,2812,4919,1402,1545,775267,281336,493931
MS->HI,MS,HI,reference,1618,source_calibrated,0.05,0.582353707050916,source_calibration_labels,10551,2638,7731,0.0657001999934437,PWGTP,0.0417608937280713,0.35654519862371,0.155992709608432,0.0735831809872029,0.0302411960810807,0.0433419849061222,0.410979733077047,0.171879126741557,0.527656715757053,0.612390078551992,0.486915703146925,7731,2947,4784,2812,4919,1402,1545,775267,281336,493931
MS->HI,MS,HI,reference,1618,target_oracle,0.1,0.380538469777014,target_labels,10551,2638,7731,0.0657001999934437,PWGTP,0.0998479544713735,0.545809992322348,0.261682749297984,0.177399451553931,0.0717742402475107,0.10562521130642,0.404591105659032,0.171879126741557,0.527656715757053,0.612390078551992,0.486915703146925,7731,2947,4784,2812,4919,1402,1545,775267,281336,493931
MS->HI,MS,HI,reference,1618,source_calibrated,0.1,0.436613801151358,source_calibration_labels,10551,2638,7731,0.0657001999934437,PWGTP,0.0766908738265061,0.486873347172065,0.225541652101792,0.137918951858623,0.0545262525127464,0.0833926993458764,0.395349962988697,0.171879126741557,0.527656715757053,0.612390078551992,0.486915703146925,7731,2947,4784,2812,4919,1402,1545,775267,281336,493931
MS->HI,MS,HI,reference,8675309,target_oracle,0.01,0.806151427583797,target_labels,10551,2638,7731,0.064792999997735,PWGTP,0.00997102834201538,0.137565046776808,0.0562735160918754,0.019797379646557,0.00641388001136078,0.0133834996351962,0.323976209269505,0.171701103069314,0.525820176222849,0.610374300265542,0.485165344168108,7731,2947,4784,2812,4919,1402,1545,775267,281336,493931
MS->HI,MS,HI,reference,8675309,source_calibrated,0.01,0.787291343411956,source_calibration_labels,10551,2638,7731,0.064792999997735,PWGTP,0.0104225084070447,0.156855148292433,0.063561327903806,0.0213589274832419,0.00646351450843924,0.0148954129748027,0.302614188540622,0.171701103069314,0.525820176222849,0.610374300265542,0.485165344168108,7731,2947,4784,2812,4919,1402,1545,775267,281336,493931
MS->HI,MS,HI,reference,8675309,target_oracle,0.02,0.717770778575936,target_labels,10551,2638,7731,0.064792999997735,PWGTP,0.0197922381871152,0.232504905166776,0.0969833618611395,0.039191042047532,0.0127698531094634,0.0264211889380686,0.325836018699777,0.171701103069314,0.525820176222849,0.610374300265542,0.485165344168108,7731,2947,4784,2812,4919,1402,1545,775267,281336,493931
MS->HI,MS,HI,reference,8675309,source_calibrated,0.02,0.728478983026646,source_calibration_labels,10551,2638,7731,0.064792999997735,PWGTP,0.0192537014279322,0.223988398214235,0.0935497061012529,0.0386197440585009,0.0122431759460197,0.0263765681124812,0.31701856769102,0.171701103069314,0.525820176222849,0.610374300265542,0.485165344168108,7731,2947,4784,2812,4919,1402,1545,775267,281336,493931
MS->HI,MS,HI,reference,8675309,target_oracle,0.05,0.574469205428684,target_labels,10551,2638,7731,0.064792999997735,PWGTP,0.0498470434129463,0.373226320129667,0.16719788150405,0.0892672151127361,0.035576904517015,0.0536903105957212,0.398543905196154,0.171701103069314,0.525820176222849,0.610374300265542,0.485165344168108,7731,2947,4784,2812,4919,1402,1545,775267,281336,493931
MS->HI,MS,HI,reference,8675309,source_calibrated,0.05,0.597475707263727,source_calibration_labels,10551,2638,7731,0.064792999997735,PWGTP,0.0423500448443204,0.347946938891574,0.153247848805637,0.078823887873248,0.0291464796732947,0.0496774081999533,0.369767090404922,0.171701103069314,0.525820176222849,0.610374300265542,0.485165344168108,7731,2947,4784,2812,4919,1402,1545,775267,281336,493931
MS->HI,MS,HI,reference,8675309,target_oracle,0.1,0.398270274408375,target_labels,10551,2638,7731,0.064792999997735,PWGTP,0.0999957483940064,0.534499672988882,0.257672517984127,0.179433272394881,0.0712392906678873,0.108193981726994,0.397023861389041,0.171701103069314,0.525820176222849,0.610374300265542,0.485165344168108,7731,2947,4784,2812,4919,1402,1545,775267,281336,493931
MS->HI,MS,HI,reference,8675309,source_calibrated,0.1,0.454907527418816,source_calibration_labels,10551,2638,7731,0.064792999997735,PWGTP,0.0794038033652474,0.475971791736571,0.223314032455915,0.137515234613041,0.0583674110922071,0.0791478235208337,0.424443235372788,0.171701103069314,0.525820176222849,0.610374300265542,0.485165344168108,7731,2947,4784,2812,4919,1402,1545,775267,281336,493931
MS->HI,MS,HI,large,42,target_oracle,0.01,0.886641458643511,target_labels,10551,2638,7731,0.175782199992682,PWGTP,0.00998722493627652,0.130871982256092,0.0538549944728719,0.0228443022547227,0.00533295096387436,0.0175113512908484,0.233447750095841,0.18344033478273,0.588677777392499,0.659908003813271,0.55442926586046,7731,2947,4784,2812,4919,1402,1545,775267,281336,493931
MS->HI,MS,HI,large,42,source_calibrated,0.01,0.822630409718809,source_calibration_labels,10551,2638,7731,0.175782199992682,PWGTP,0.0161662256469021,0.190427104956351,0.0794036119169267,0.0354814137720902,0.00917410954333505,0.0263073042287551,0.258560992024265,0.18344033478273,0.588677777392499,0.659908003813271,0.55442926586046,7731,2947,4784,2812,4919,1402,1545,775267,281336,493931
MS->HI,MS,HI,large,42,target_oracle,0.02,0.770641484630888,target_labels,10551,2638,7731,0.175782199992682,PWGTP,0.019753771275745,0.23316248187221,0.0971974816418086,0.0423750761730652,0.0115648378192808,0.0308102383537844,0.272916036116337,0.18344033478273,0.588677777392499,0.659908003813271,0.55442926586046,7731,2947,4784,2812,4919,1402,1545,775267,281336,493931
MS->HI,MS,HI,large,42,source_calibrated,0.02,0.729585563952247,source_calibration_labels,10551,2638,7731,0.175782199992682,PWGTP,0.0274289323812435,0.268280632411067,0.114831406470287,0.0537248628884826,0.0179097810291437,0.0358150818593389,0.333361130512688,0.18344033478273,0.588677777392499,0.659908003813271,0.55442926586046,7731,2947,4784,2812,4919,1402,1545,775267,281336,493931
MS->HI,MS,HI,large,42,target_oracle,0.05,0.591522169421646,target_labels,10551,2638,7731,0.175782199992682,PWGTP,0.0499502967013611,0.3662666704581,0.164738083782748,0.100959780621572,0.0314848159801021,0.0694749646414701,0.311855035601917,0.18344033478273,0.588677777392499,0.659908003813271,0.55442926586046,7731,2947,4784,2812,4919,1402,1545,775267,281336,493931
MS->HI,MS,HI,large,42,source_calibrated,0.05,0.544655554674626,source_calibration_labels,10551,2638,7731,0.175782199992682,PWGTP,0.0595569016725008,0.395463076179373,0.181453615335104,0.122547227300427,0.0367543450865984,0.0857928822138282,0.299919842302874,0.18344033478273,0.588677777392499,0.659908003813271,0.55442926586046,7731,2947,4784,2812,4919,1402,1545,775267,281336,493931
MS->HI,MS,HI,large,42,target_oracle,0.1,0.393593517479451,target_labels,10551,2638,7731,0.175782199992682,PWGTP,0.099663718211653,0.501425341939887,0.24545866133861,0.196290371724558,0.0646847795814709,0.131605592143087,0.329536181592437,0.18344033478273,0.588677777392499,0.659908003813271,0.55442926586046,7731,2947,4784,2812,4919,1402,1545,775267,281336,493931
MS->HI,MS,HI,large,42,source_calibrated,0.1,0.395045123249819,source_calibration_labels,10551,2638,7731,0.175782199992682,PWGTP,0.099663718211653,0.501016578041914,0.245310325345978,0.196290371724558,0.0646847795814709,0.131605592143087,0.329536181592437,0.18344033478273,0.588677777392499,0.659908003813271,0.55442926586046,7731,2947,4784,2812,4919,1402,1545,775267,281336,493931
MS->HI,MS,HI,large,314,target_oracle,0.01,0.878413308165195,target_labels,10551,2638,7731,0.173531899999944,PWGTP,0.00994065972777574,0.118267836323826,0.049251419188486,0.0159354052407069,0.00777055626483865,0.00816484897586824,0.487628406523909,0.181754966389752,0.581532389275984,0.664570331802799,0.541606558977106,7731,2947,4784,2812,4919,1402,1545,775267,281336,493931
MS->HI,MS,HI,large,314,source_calibrated,0.01,0.805072544901461,source_calibration_labels,10551,2638,7731,0.173531899999944,PWGTP,0.0163281915895135,0.194681803963943,0.0810507863742427,0.0255179768433882,0.0130014807624962,0.012516496080892,0.509502804328507,0.181754966389752,0.581532389275984,0.664570331802799,0.541606558977106,7731,2947,4784,2812,4919,1402,1545,775267,281336,493931
MS->HI,MS,HI,large,314,target_oracle,0.02,0.775103623917935,target_labels,10551,2638,7731,0.173531899999944,PWGTP,0.0199623024268572,0.222641254585265,0.0935122996335456,0.0345978062157221,0.0146642364146245,0.0199335698010976,0.423848735471578,0.181754966389752,0.581532389275984,0.664570331802799,0.541606558977106,7731,2947,4784,2812,4919,1402,1545,775267,281336,493931
MS->HI,MS,HI,large,314,source_calibrated,0.02,0.757525791647822,source_calibration_labels,10551,2638,7731,0.173531899999944,PWGTP,0.0227278708969471,0.240360280945204,0.101704316061434,0.0395262035344302,0.0166468588257029,0.0228793447087273,0.421160074511136,0.181754966389752,0.581532389275984,0.664570331802799,0.541606558977106,7731,2947,4784,2812,4919,1402,1545,775267,281336,493931
MS->HI,MS,HI,large,314,target_oracle,0.05,0.603741277973114,target_labels,10551,2638,7731,0.173531899999944,PWGTP,0.0499806653156008,0.360554639292519,0.16268459769344,0.0893433881779403,0.0357313229523702,0.0536120652255701,0.399932481642694,0.181754966389752,0.581532389275984,0.664570331802799,0.541606558977106,7731,2947,4784,2812,4919,1402,1545,775267,281336,493931
MS->HI,MS,HI,large,314,source_calibrated,0.05,0.644457241162728,source_calibration_labels,10551,2638,7731,0.173531899999944,PWGTP,0.0446378137837066,0.326538374043848,0.146936474788686,0.0794865935405241,0.0320225230317854,0.0474640705087387,0.402866969201033,0.181754966389752,0.581532389275984,0.664570331802799,0.541606558977106,7731,2947,4784,2812,4919,1402,1545,775267,281336,493931
MS->HI,MS,HI,large,314,target_oracle,0.1,0.409037509758559,target_labels,10551,2638,7731,0.173531899999944,PWGTP,0.0999593060569189,0.510556771973725,0.248960680642927,0.183371419865935,0.0697640431158331,0.113607376750102,0.380452107350416,0.181754966389752,0.581532389275984,0.664570331802799,0.541606558977106,7731,2947,4784,2812,4919,1402,1545,775267,281336,493931
MS->HI,MS,HI,large,314,source_calibrated,0.1,0.468436544773425,source_calibration_labels,10551,2638,7731,0.173531899999944,PWGTP,0.0824933037205602,0.460929280291182,0.219823622055369,0.149763863497867,0.0581412983832941,0.091622565114573,0.388219808339294,0.181754966389752,0.581532389275984,0.664570331802799,0.541606558977106,7731,2947,4784,2812,4919,1402,1545,775267,281336,493931
MS->HI,MS,HI,large,2718,target_oracle,0.01,0.87588342948833,target_labels,10551,2638,7731,0.174118800001452,PWGTP,0.00898910981493366,0.119721614013137,0.0491727366184811,0.0157602071907374,0.00653796625405693,0.00922224093668042,0.414840120750408,0.184005596485968,0.593170213136081,0.682640935339773,0.550151410372885,7731,2947,4784,2812,4919,1402,1545,775267,281336,493931
MS->HI,MS,HI,large,2718,source_calibrated,0.01,0.826375844411662,source_calibration_labels,10551,2638,7731,0.174118800001452,PWGTP,0.0159374487529635,0.163605084311997,0.0695244348076211,0.0280621572212066,0.0115482929869213,0.0165138642342853,0.411525489501365,0.184005596485968,0.593170213136081,0.682640935339773,0.550151410372885,7731,2947,4784,2812,4919,1402,1545,775267,281336,493931
MS->HI,MS,HI,large,2718,target_oracle,0.02,0.784249808475068,target_labels,10551,2638,7731,0.174118800001452,PWGTP,0.0199683761497051,0.201453066795575,0.085827205337,0.0341102985984156,0.0148489870426388,0.0192613115557768,0.435322692933814,0.184005596485968,0.593170213136081,0.682640935339773,0.550151410372885,7731,2947,4784,2812,4919,1402,1545,775267,281336,493931
MS->HI,MS,HI,large,2718,source_calibrated,0.02,0.792212641473265,source_calibration_labels,10551,2638,7731,0.174118800001452,PWGTP,0.0190897109110382,0.193846503824608,0.082507058858432,0.0323583180987203,0.0142864627424163,0.018071855356304,0.441508198875802,0.184005596485968,0.593170213136081,0.682640935339773,0.550151410372885,7731,2947,4784,2812,4919,1402,1545,775267,281336,493931
MS->HI,MS,HI,large,2718,target_oracle,0.05,0.549239434207872,target_labels,10551,2638,7731,0.174118800001452,PWGTP,0.0495048903591797,0.376308044473512,0.168098216485417,0.0893510054844607,0.0350805595462304,0.0542704459382303,0.392615162594128,0.184005596485968,0.593170213136081,0.682640935339773,0.550151410372885,7731,2947,4784,2812,4919,1402,1545,775267,281336,493931
MS->HI,MS,HI,large,2718,source_calibrated,0.05,0.655476187551746,source_calibration_labels,10551,2638,7731,0.174118800001452,PWGTP,0.0329357744300317,0.303388119543891,0.1310800021154,0.0594149908592322,0.0233502734033547,0.0360647174558774,0.393003063127232,0.184005596485968,0.593170213136081,0.682640935339773,0.550151410372885,7731,2947,4784,2812,4919,1402,1545,775267,281336,493931
MS->HI,MS,HI,large,2718,target_oracle,0.1,0.356910320306175,target_labels,10551,2638,7731,0.174118800001452,PWGTP,0.0997588732029372,0.515806722211164,0.25073813279812,0.178062157221207,0.0714130114076619,0.106649145813545,0.401056645174446,0.184005596485968,0.593170213136081,0.682640935339773,0.550151410372885,7731,2947,4784,2812,4919,1402,1545,775267,281336,493931
MS->HI,MS,HI,large,2718,source_calibrated,0.1,0.435677691124944,source_calibration_labels,10551,2638,7731,0.174118800001452,PWGTP,0.0754882767026164,0.463303665368101,0.216222282129898,0.139053930530165,0.0524774507722301,0.0865764797579345,0.37738919404976,0.184005596485968,0.593170213136081,0.682640935339773,0.550151410372885,7731,2947,4784,2812,4919,1402,1545,775267,281336,493931
MS->HI,MS,HI,large,1618,target_oracle,0.01,0.858633794660505,target_labels,10551,2638,7731,0.168065599995316,PWGTP,0.00985157845933946,0.139050814684221,0.0567365823645273,0.0209171237050579,0.00584584076701843,0.0150712829380395,0.279476320427596,0.183059059284781,0.596402950154728,0.680491305041716,0.555972066571051,7731,2947,4784,2812,4919,1402,1545,775267,281336,493931
MS->HI,MS,HI,large,1618,source_calibrated,0.01,0.862916120754252,source_calibration_labels,10551,2638,7731,0.168065599995316,PWGTP,0.00980298867655604,0.137483293997213,0.0561367890030144,0.0209171237050579,0.00577966143758048,0.0151374622674774,0.276312437554831,0.183059059284781,0.596402950154728,0.680491305041716,0.555972066571051,7731,2947,4784,2812,4919,1402,1545,775267,281336,493931
MS->HI,MS,HI,large,1618,target_oracle,0.02,0.773607834337625,target_labels,10551,2638,7731,0.168065599995316,PWGTP,0.0197294763843533,0.227422014957204,0.0950988498156119,0.0393967093235832,0.0126099197299883,0.0267867895935948,0.320075456719425,0.183059059284781,0.596402950154728,0.680491305041716,0.555972066571051,7731,2947,4784,2812,4919,1402,1545,775267,281336,493931
MS->HI,MS,HI,large,1618,source_calibrated,0.02,0.796327132644389,source_calibration_labels,10551,2638,7731,0.168065599995316,PWGTP,0.0163747567980143,0.206464867631586,0.0853563997951673,0.0337827544180378,0.0100730454348671,0.0237097089831707,0.298171229918683,0.183059059284781,0.596402950154728,0.680491305041716,0.555972066571051,7731,2947,4784,2812,4919,1402,1545,775267,281336,493931
MS->HI,MS,HI,large,1618,target_oracle,0.05,0.558833065579484,target_labels,10551,2638,7731,0.168065599995316,PWGTP,0.0498612154329248,0.388517644382518,0.172755966654069,0.0930225472273004,0.0342367730958966,0.0587857741314038,0.36804811431619,0.183059059284781,0.596402950154728,0.680491305041716,0.555972066571051,7731,2947,4784,2812,4919,1402,1545,775267,281336,493931
MS->HI,MS,HI,large,1618,source_calibrated,0.05,0.62005048130672,source_calibration_labels,10551,2638,7731,0.168065599995316,PWGTP,0.0397019016826237,0.347005004691899,0.151218870402068,0.0784582571602681,0.0256720648778026,0.0527861922824655,0.327206667685236,0.183059059284781,0.596402950154728,0.680491305041716,0.555972066571051,7731,2947,4784,2812,4919,1402,1545,775267,281336,493931
MS->HI,MS,HI,large,1618,target_oracle,0.1,0.35567870734606,target_labels,10551,2638,7731,0.168065599995316,PWGTP,0.0999026179770049,0.520733215798902,0.25261748533086,0.184902498476539,0.0691325820141127,0.115769916462426,0.373886683975147,0.183059059284781,0.596402950154728,0.680491305041716,0.555972066571051,7731,2947,4784,2812,4919,1402,1545,775267,281336,493931
MS->HI,MS,HI,large,1618,source_calibrated,0.1,0.446264813029199,source_calibration_labels,10551,2638,7731,0.168065599995316,PWGTP,0.0756259477538361,0.465183979298774,0.216992339413389,0.143152041438147,0.0511814389040703,0.0919706025340772,0.357532022525746,0.183059059284781,0.596402950154728,0.680491305041716,0.555972066571051,7731,2947,4784,2812,4919,1402,1545,775267,281336,493931
MS->HI,MS,HI,large,8675309,target_oracle,0.01,0.868174680960388,target_labels,10551,2638,7731,0.17505569999048,PWGTP,0.00996293004488481,0.133146842210026,0.0546650379804635,0.0188375990249848,0.00675029160267034,0.0120873074223144,0.358341399756798,0.180440230469934,0.579971460685984,0.660919078308235,0.541050688495117,7731,2947,4784,2812,4919,1402,1545,775267,281336,493931
MS->HI,MS,HI,large,8675309,source_calibrated,0.01,0.856271165445956,source_calibration_labels,10551,2638,7731,0.17505569999048,PWGTP,0.010987364631902,0.145203599965877,0.0596929831915972,0.021084704448507,0.00733211820731226,0.0137525862411947,0.347745837520215,0.180440230469934,0.579971460685984,0.660919078308235,0.541050688495117,7731,2947,4784,2812,4919,1402,1545,775267,281336,493931
MS->HI,MS,HI,large,8675309,target_oracle,0.02,0.77478666391829,target_labels,10551,2638,7731,0.17505569999048,PWGTP,0.0196707637301566,0.219406688088265,0.0921527680141164,0.0361136502132846,0.0137184234980739,0.0223952267152107,0.379868094669298,0.180440230469934,0.579971460685984,0.660919078308235,0.541050688495117,7731,2947,4784,2812,4919,1402,1545,775267,281336,493931
MS->HI,MS,HI,large,8675309,source_calibrated,0.02,0.790419638376727,source_calibration_labels,10551,2638,7731,0.17505569999048,PWGTP,0.0164051254122539,0.206987374527256,0.0855653600630492,0.0330438756855576,0.0103818823055775,0.0226619933799801,0.314184764655652,0.180440230469934,0.579971460685984,0.660919078308235,0.541050688495117,7731,2947,4784,2812,4919,1402,1545,775267,281336,493931
MS->HI,MS,HI,large,8675309,target_oracle,0.05,0.58327900152627,target_labels,10551,2638,7731,0.17505569999048,PWGTP,0.0497316426788357,0.372945517104103,0.167022458069285,0.0934643510054845,0.0339003615045871,0.0595639895008974,0.362709002308247,0.180440230469934,0.579971460685984,0.660919078308235,0.541050688495117,7731,2947,4784,2812,4919,1402,1545,775267,281336,493931
MS->HI,MS,HI,large,8675309,source_calibrated,0.05,0.645290747824861,source_calibration_labels,10551,2638,7731,0.17505569999048,PWGTP,0.0385802875300396,0.322223249068729,0.141511247092937,0.0724482023156612,0.0263200708118825,0.0461281315037787,0.363295015895693,0.180440230469934,0.579971460685984,0.660919078308235,0.541050688495117,7731,2947,4784,2812,4919,1402,1545,775267,281336,493931
MS->HI,MS,HI,large,8675309,target_oracle,0.1,0.383959929430664,target_labels,10551,2638,7731,0.17505569999048,PWGTP,0.0999572814826362,0.52195950749282,0.253097320020071,0.190059414990859,0.0673402251751684,0.122719189815691,0.354311440863938,0.180440230469934,0.579971460685984,0.660919078308235,0.541050688495117,7731,2947,4784,2812,4919,1402,1545,775267,281336,493931
MS->HI,MS,HI,large,8675309,source_calibrated,0.1,0.477127812441074,source_calibration_labels,10551,2638,7731,0.17505569999048,PWGTP,0.0698255424340647,0.452707794238917,0.208769365908777,0.128793418647166,0.0484791162853542,0.0803143023618121,0.376409887978549,0.180440230469934,0.579971460685984,0.660919078308235,0.541050688495117,7731,2947,4784,2812,4919,1402,1545,775267,281336,493931
MA->PR,MA,PR,small,42,target_oracle,0.01,0.869702953299113,target_labels,32091,8023,9071,0.0841075000062119,PWGTP,0.00994924109652459,0.207259090604701,0.0291846158007094,0.0146386392942669,0.00836573697138758,0.00627290232287937,0.571483237151961,0.15131459795836,0.450518100227168,0.544465516823497,0.415757700129789,9071,962,8109,2983,6088,485,477,1072243,104531,967712
MA->PR,MA,PR,small,42,source_calibrated,0.01,0.883024756628882,source_calibration_labels,32091,8023,9071,0.0841075000062119,PWGTP,0.0067830098211038,0.17229338665085,0.0229183123601646,0.0121415559694619,0.00497354950810517,0.00716800646135673,0.409630324203463,0.15131459795836,0.450518100227168,0.544465516823497,0.415757700129789,9071,962,8109,2983,6088,485,477,1072243,104531,967712
MA->PR,MA,PR,small,42,target_oracle,0.02,0.847945902699365,target_labels,32091,8023,9071,0.0841075000062119,PWGTP,0.0199646175721702,0.264275669418641,0.0437820531353434,0.0304930716171685,0.0164093958339957,0.0140836757831728,0.538135221010557,0.15131459795836,0.450518100227168,0.544465516823497,0.415757700129789,9071,962,8109,2983,6088,485,477,1072243,104531,967712
MA->PR,MA,PR,small,42,source_calibrated,0.02,0.840097705541748,source_calibration_labels,32091,8023,9071,0.0841075000062119,PWGTP,0.0231835504778281,0.288373783853594,0.0490364590862333,0.0325480483861064,0.0200213705045568,0.0125266778815496,0.615132749805767,0.15131459795836,0.450518100227168,0.544465516823497,0.415757700129789,9071,962,8109,2983,6088,485,477,1072243,104531,967712
MA->PR,MA,PR,small,42,target_oracle,0.05,0.789785743216805,target_labels,32091,8023,9071,0.0841075000062119,PWGTP,0.0498495420124996,0.411322956826205,0.0850889210747937,0.0642364451358045,0.0449914089465834,0.0192450361892211,0.700403156673217,0.15131459795836,0.450518100227168,0.544465516823497,0.415757700129789,9071,962,8109,2983,6088,485,477,1072243,104531,967712
MA->PR,MA,PR,small,42,source_calibrated,0.05,0.745160682253976,source_calibration_labels,32091,8023,9071,0.0841075000062119,PWGTP,0.0836395539168678,0.503075642632329,0.124529607560973,0.10486931248337,0.0764707427287066,0.0283985697546633,0.729200382054886,0.15131459795836,0.450518100227168,0.544465516823497,0.415757700129789,9071,962,8109,2983,6088,485,477,1072243,104531,967712
MA->PR,MA,PR,small,42,target_oracle,0.1,0.718014956542955,target_labels,32091,8023,9071,0.0841075000062119,PWGTP,0.0999222909295328,0.556198639638002,0.144403833832443,0.125312647113003,0.0913485396591501,0.0339641074538531,0.728965046734467,0.15131459795836,0.450518100227168,0.544465516823497,0.415757700129789,9071,962,8109,2983,6088,485,477,1072243,104531,967712
MA->PR,MA,PR,small,42,source_calibrated,0.1,0.633902258307383,source_calibration_labels,32091,8023,9071,0.0841075000062119,PWGTP,0.1560825948216,0.658761515722609,0.205087839230473,0.194109339500993,0.143241819838076,0.0508675196629164,0.737943986653686,0.15131459795836,0.450518100227168,0.544465516823497,0.415757700129789,9071,962,8109,2983,6088,485,477,1072243,104531,967712
MA->PR,MA,PR,small,314,target_oracle,0.01,0.887473946954831,target_labels,32091,8023,9071,0.0777481999975862,PWGTP,0.00985417148903806,0.156451196295836,0.0241456460895525,0.0175737355957181,0.00724744860227777,0.0103262869934403,0.4124022785482,0.153088906364083,0.45684846722543,0.553354125376732,0.421141521675092,9071,962,8109,2983,6088,485,477,1072243,104531,967712
MA->PR,MA,PR,small,314,source_calibrated,0.01,0.866781781419876,source_calibration_labels,32091,8023,9071,0.0777481999975862,PWGTP,0.016534878145564,0.212243257980886,0.0356141285137791,0.024700657019465,0.0137774785845704,0.0109231784348946,0.557777818367878,0.153088906364083,0.45684846722543,0.553354125376732,0.421141521675092,9071,962,8109,2983,6088,485,477,1072243,104531,967712
MA->PR,MA,PR,small,314,target_oracle,0.02,0.855019496036703,target_labels,32091,8023,9071,0.0777481999975862,PWGTP,0.0199511838232863,0.239651395279869,0.041369353775217,0.0283603168430317,0.0171116090497037,0.011248707793328,0.603364523196719,0.153088906364083,0.45684846722543,0.553354125376732,0.421141521675092,9071,962,8109,2983,6088,485,477,1072243,104531,967712
MA->PR,MA,PR,small,314,source_calibrated,0.02,0.831377530798386,source_calibration_labels,32091,8023,9071,0.0777481999975862,PWGTP,0.0300140951026752,0.302034803072773,0.0565328941294091,0.0419919356489346,0.0259694481958788,0.0160224874530559,0.618438940585908,0.153088906364083,0.45684846722543,0.553354125376732,0.421141521675092,9071,962,8109,2983,6088,485,477,1072243,104531,967712
MA->PR,MA,PR,small,314,target_oracle,0.05,0.794651227569137,target_labels,32091,8023,9071,0.0777481999975862,PWGTP,0.0499508118117787,0.404444614516268,0.0845097613134336,0.0638270872137053,0.045265106223572,0.0185619809901333,0.709183329516757,0.153088906364083,0.45684846722543,0.553354125376732,0.421141521675092,9071,962,8109,2983,6088,485,477,1072243,104531,967712
MA->PR,MA,PR,small,314,source_calibrated,0.05,0.748786221179211,source_calibration_labels,32091,8023,9071,0.0777481999975862,PWGTP,0.0847845226679012,0.498435870698644,0.125110632571162,0.105303231880795,0.0778558168274062,0.0274474150533888,0.739348787656777,0.153088906364083,0.45684846722543,0.553354125376732,0.421141521675092,9071,962,8109,2983,6088,485,477,1072243,104531,967712
MA->PR,MA,PR,small,314,target_oracle,0.1,0.721822204257341,target_labels,32091,8023,9071,0.0777481999975862,PWGTP,0.099841688436229,0.536759430216873,0.142435996317999,0.12401907607917,0.0916775293153283,0.0323415467638415,0.7392211925269,0.153088906364083,0.45684846722543,0.553354125376732,0.421141521675092,9071,962,8109,2983,6088,485,477,1072243,104531,967712
MA->PR,MA,PR,small,314,source_calibrated,0.1,0.644111572315239,source_calibration_labels,32091,8023,9071,0.0777481999975862,PWGTP,0.146944545484607,0.648649682869197,0.195854857527631,0.179167775344372,0.136063486709786,0.0431042886345868,0.759419412605099,0.153088906364083,0.45684846722543,0.553354125376732,0.421141521675092,9071,962,8109,2983,6088,485,477,1072243,104531,967712
MA->PR,MA,PR,small,2718,target_oracle,0.01,0.877802163273388,target_labels,32091,8023,9071,0.073925100004999,PWGTP,0.00994407427003075,0.203231577235461,0.0287873178001628,0.0122602697668707,0.00916194723171792,0.00309832253515274,0.747287572454161,0.153369080140435,0.456054270346633,0.554277172690285,0.419711947078059,9071,962,8109,2983,6088,485,477,1072243,104531,967712
MA->PR,MA,PR,small,2718,source_calibrated,0.01,0.883557650033101,source_calibration_labels,32091,8023,9071,0.073925100004999,PWGTP,0.00854489765550081,0.184069797476347,0.0256564976409265,0.010094766358966,0.00802154191093227,0.00207322444803369,0.794623830377976,0.153369080140435,0.456054270346633,0.554277172690285,0.419711947078059,9071,962,8109,2983,6088,485,477,1072243,104531,967712
MA->PR,MA,PR,small,2718,target_oracle,0.02,0.84326111722541,target_labels,32091,8023,9071,0.073925100004999,PWGTP,0.0199997519923283,0.291903837139222,0.0465071816743033,0.0258100169883538,0.0180377564011296,0.00777226058722414,0.698866506336233,0.153369080140435,0.456054270346633,0.554277172690285,0.419711947078059,9071,962,8109,2983,6088,485,477,1072243,104531,967712
MA->PR,MA,PR,small,2718,source_calibrated,0.02,0.841732951528357,source_calibration_labels,32091,8023,9071,0.073925100004999,PWGTP,0.0214319962964188,0.295826118567698,0.0481821751226168,0.0268497861104857,0.0196025307321955,0.0072472553782902,0.730081448378469,0.153369080140435,0.456054270346633,0.554277172690285,0.419711947078059,9071,962,8109,2983,6088,485,477,1072243,104531,967712
MA->PR,MA,PR,small,2718,target_oracle,0.05,0.786533239420126,target_labels,32091,8023,9071,0.073925100004999,PWGTP,0.0498857097979564,0.414604280070027,0.0854414531034476,0.0600077778005199,0.0464677154709459,0.013540062329574,0.774361544022104,0.153369080140435,0.456054270346633,0.554277172690285,0.419711947078059,9071,962,8109,2983,6088,485,477,1072243,104531,967712
MA->PR,MA,PR,small,2718,source_calibrated,0.05,0.767155211174523,source_calibration_labels,32091,8023,9071,0.073925100004999,PWGTP,0.0635157980886875,0.458199003166525,0.101992738586309,0.0843441062693166,0.0564825476516635,0.027861558617653,0.669667984521774,0.153369080140435,0.456054270346633,0.554277172690285,0.419711947078059,9071,962,8109,2983,6088,485,477,1072243,104531,967712
MA->PR,MA,PR,small,2718,target_oracle,0.1,0.718695568020357,target_labels,32091,8023,9071,0.073925100004999,PWGTP,0.0997280182533646,0.55640910351953,0.144249018179648,0.123679309003827,0.0916402069593753,0.0320391020444522,0.740950185584715,0.153369080140435,0.456054270346633,0.554277172690285,0.419711947078059,9071,962,8109,2983,6088,485,477,1072243,104531,967712
MA->PR,MA,PR,small,2718,source_calibrated,0.1,0.641460620999611,source_calibration_labels,32091,8023,9071,0.073925100004999,PWGTP,0.147501529380642,0.66520936372942,0.197971914948384,0.18353153079395,0.135335009613962,0.0481965211799872,0.737393782030308,0.153369080140435,0.456054270346633,0.554277172690285,0.419711947078059,9071,962,8109,2983,6088,485,477,1072243,104531,967712
MA->PR,MA,PR,small,1618,target_oracle,0.01,0.877165535880798,target_labels,32091,8023,9071,0.0729849999916041,PWGTP,0.00994820773122582,0.217036094555682,0.0301368253278408,0.0138035491331846,0.00864634579577483,0.00515720333740977,0.626385700688272,0.156121491640191,0.463445524527008,0.560803561477799,0.427423200127753,9071,962,8109,2983,6088,485,477,1072243,104531,967712
MA->PR,MA,PR,small,1618,source_calibrated,0.01,0.881237734995335,source_calibration_labels,32091,8023,9071,0.0729849999916041,PWGTP,0.00948732680797593,0.210224718026231,0.0290568462559327,0.0136357123851239,0.00808651045648006,0.00554920192864387,0.593039089420964,0.156121491640191,0.463445524527008,0.560803561477799,0.427423200127753,9071,962,8109,2983,6088,485,477,1072243,104531,967712
MA->PR,MA,PR,small,1618,target_oracle,0.02,0.852940138496579,target_labels,32091,8023,9071,0.0729849999916041,PWGTP,0.0199770179557554,0.273775243707608,0.044719340671844,0.0275252266819494,0.0174281579205642,0.0100970687613852,0.63317036847487,0.156121491640191,0.463445524527008,0.560803561477799,0.427423200127753,9071,962,8109,2983,6088,485,477,1072243,104531,967712
MA->PR,MA,PR,small,1618,source_calibrated,0.02,0.858292621310425,source_calibration_labels,32091,8023,9071,0.0729849999916041,PWGTP,0.0161607999074105,0.258210483014608,0.0397577787870846,0.0206807622244509,0.0146345104620093,0.00604625176244165,0.707638833771168,0.156121491640191,0.463445524527008,0.560803561477799,0.427423200127753,9071,962,8109,2983,6088,485,477,1072243,104531,967712
MA->PR,MA,PR,small,1618,target_oracle,0.05,0.798991254473117,target_labels,32091,8023,9071,0.0729849999916041,PWGTP,0.0499084438345293,0.40545866776363,0.0845703819003715,0.0577153734367644,0.0472722195881547,0.0104431538486097,0.819057675160818,0.156121491640191,0.463445524527008,0.560803561477799,0.427423200127753,9071,962,8109,2983,6088,485,477,1072243,104531,967712
MA->PR,MA,PR,small,1618,source_calibrated,0.05,0.780576979966692,source_calibration_labels,32091,8023,9071,0.0729849999916041,PWGTP,0.0655432608048676,0.445178942131999,0.102553245859381,0.0787236219988947,0.061092549766597,0.0176310722322977,0.776038350565917,0.156121491640191,0.463445524527008,0.560803561477799,0.427423200127753,9071,962,8109,2983,6088,485,477,1072243,104531,967712
MA->PR,MA,PR,small,1618,target_oracle,0.1,0.734695129761882,target_labels,32091,8023,9071,0.0729849999916041,PWGTP,0.0999295244866241,0.550688312557997,0.143873170540633,0.121849479092044,0.0925276496453685,0.0293218294466756,0.759360239656616,0.156121491640191,0.463445524527008,0.560803561477799,0.427423200127753,9071,962,8109,2983,6088,485,477,1072243,104531,967712
MA->PR,MA,PR,small,1618,source_calibrated,0.1,0.634921126343837,source_calibration_labels,32091,8023,9071,0.0729849999916041,PWGTP,0.15609086174399,0.671255417053314,0.206313307711032,0.190973657817713,0.144311727375395,0.0466619304423178,0.755663000983847,0.156121491640191,0.463445524527008,0.560803561477799,0.427423200127753,9071,962,8109,2983,6088,485,477,1072243,104531,967712
MA->PR,MA,PR,small,8675309,target_oracle,0.01,0.874978218498691,target_labels,32091,8023,9071,0.077839599995059,PWGTP,0.00998127542078635,0.1966115315074,0.0281755161842978,0.0159854268579733,0.007953808746425,0.00803161811154827,0.497566240619829,0.151466530900428,0.451872819779119,0.545422892054949,0.417259436471103,9071,962,8109,2983,6088,485,477,1072243,104531,967712
MA->PR,MA,PR,small,8675309,source_calibrated,0.01,0.872781751978516,source_calibration_labels,32091,8023,9071,0.077839599995059,PWGTP,0.0104969247048709,0.203308109556017,0.0292937328571975,0.0162883517203267,0.00854129027531458,0.00774706144501209,0.524380270144564,0.151466530900428,0.451872819779119,0.545422892054949,0.417259436471103,9071,962,8109,2983,6088,485,477,1072243,104531,967712
MA->PR,MA,PR,small,8675309,target_oracle,0.02,0.847511386608874,target_labels,32091,8023,9071,0.077839599995059,PWGTP,0.0199232829602196,0.26499315992385,0.0438146949898484,0.0282825388378329,0.0171005505738658,0.0111819882639671,0.604632797356608,0.151466530900428,0.451872819779119,0.545422892054949,0.417259436471103,9071,962,8109,2983,6088,485,477,1072243,104531,967712
MA->PR,MA,PR,small,8675309,source_calibrated,0.02,0.838133228780947,source_calibration_labels,32091,8023,9071,0.077839599995059,PWGTP,0.0244618233524024,0.294372004477141,0.0507748709947279,0.0321714390977751,0.0218584598031315,0.0103129792946437,0.679436805319758,0.151466530900428,0.451872819779119,0.545422892054949,0.417259436471103,9071,962,8109,2983,6088,485,477,1072243,104531,967712
MA->PR,MA,PR,small,8675309,target_oracle,0.05,0.795644519703329,target_labels,32091,8023,9071,0.077839599995059,PWGTP,0.0499001769121391,0.399010819756819,0.0839343320497313,0.0634996008760259,0.0453079578174439,0.018191643058582,0.713515631474619,0.151466530900428,0.451872819779119,0.545422892054949,0.417259436471103,9071,962,8109,2983,6088,485,477,1072243,104531,967712
MA->PR,MA,PR,small,8675309,source_calibrated,0.05,0.767732369099212,source_calibration_labels,32091,8023,9071,0.077839599995059,PWGTP,0.0699887983201614,0.457720676163052,0.107788066697568,0.0851055120044211,0.0648842246695244,0.0202212873348967,0.76239744220273,0.151466530900428,0.451872819779119,0.545422892054949,0.417259436471103,9071,962,8109,2983,6088,485,477,1072243,104531,967712
MA->PR,MA,PR,small,8675309,target_oracle,0.1,0.726676760922805,target_labels,32091,8023,9071,0.077839599995059,PWGTP,0.0998086207466684,0.54625900450584,0.143332248380265,0.121603864338785,0.0924488580050233,0.0291550063337613,0.760246053920323,0.151466530900428,0.451872819779119,0.545422892054949,0.417259436471103,9071,962,8109,2983,6088,485,477,1072243,104531,967712
MA->PR,MA,PR,small,8675309,source_calibrated,0.1,0.643793644166464,source_calibration_labels,32091,8023,9071,0.077839599995059,PWGTP,0.145296327833074,0.647434732280376,0.194248878285986,0.182090590908161,0.132871734121065,0.0492188567870951,0.729701262752675,0.151466530900428,0.451872819779119,0.545422892054949,0.417259436471103,9071,962,8109,2983,6088,485,477,1072243,104531,967712
MA->PR,MA,PR,reference,42,target_oracle,0.01,0.908647360007159,target_labels,32091,8023,9071,0.10533310000028,PWGTP,0.00997714195959128,0.176799227023562,0.0262403205243588,0.0179216898295024,0.00729444712458894,0.0106272427049135,0.407017819970354,0.151270718521745,0.453738005309479,0.554645309078607,0.416402457629292,9071,962,8109,2983,6088,485,477,1072243,104531,967712
MA->PR,MA,PR,reference,42,source_calibrated,0.01,0.903133147984141,source_calibration_labels,32091,8023,9071,0.10533310000028,PWGTP,0.0117782976753414,0.195712276740871,0.0297096833460326,0.021135149517981,0.00861869960618003,0.012516449911801,0.407789857310805,0.151270718521745,0.453738005309479,0.554645309078607,0.416402457629292,9071,962,8109,2983,6088,485,477,1072243,104531,967712
MA->PR,MA,PR,reference,42,target_oracle,0.02,0.875415571052517,target_labels,32091,8023,9071,0.10533310000028,PWGTP,0.0199914850699382,0.271268810209412,0.0444880498170657,0.0297889759911579,0.0166830931109842,0.0131058828801736,0.560042517605715,0.151270718521745,0.453738005309479,0.554645309078607,0.416402457629292,9071,962,8109,2983,6088,485,477,1072243,104531,967712
MA->PR,MA,PR,reference,42,source_calibrated,0.02,0.860220814808812,source_calibration_labels,32091,8023,9071,0.10533310000028,PWGTP,0.0279060298931914,0.319589404100219,0.0563417061244513,0.0371615121681642,0.0247806620433022,0.012380850124862,0.666836751183971,0.151270718521745,0.453738005309479,0.554645309078607,0.416402457629292,9071,962,8109,2983,6088,485,477,1072243,104531,967712
MA->PR,MA,PR,reference,42,target_oracle,0.05,0.817462512691707,target_labels,32091,8023,9071,0.10533310000028,PWGTP,0.0499590787341688,0.410940295223427,0.085150474286146,0.0661235851566817,0.0445006890812756,0.0216228960754061,0.672992684468484,0.151270718521745,0.453738005309479,0.554645309078607,0.416402457629292,9071,962,8109,2983,6088,485,477,1072243,104531,967712
MA->PR,MA,PR,reference,42,source_calibrated,0.05,0.769368880131227,source_calibration_labels,32091,8023,9071,0.10533310000028,PWGTP,0.0847400879600542,0.517473285436856,0.126926452306054,0.107399144441943,0.0770886350661504,0.0303105093757924,0.717776994097216,0.151270718521745,0.453738005309479,0.554645309078607,0.416402457629292,9071,962,8109,2983,6088,485,477,1072243,104531,967712
MA->PR,MA,PR,reference,42,target_oracle,0.1,0.741811853421719,target_labels,32091,8023,9071,0.10533310000028,PWGTP,0.0997445520981449,0.550697879098067,0.143707163394865,0.125357676484434,0.0910955770243577,0.0342620994600765,0.7266852703326,0.151270718521745,0.453738005309479,0.554645309078607,0.416402457629292,9071,962,8109,2983,6088,485,477,1072243,104531,967712
MA->PR,MA,PR,reference,42,source_calibrated,0.1,0.647984829583857,source_calibration_labels,32091,8023,9071,0.10533310000028,PWGTP,0.147172919215634,0.648860146750725,0.196081485260337,0.189033301266963,0.133037611258634,0.0559956900083285,0.703778701249848,0.151270718521745,0.453738005309479,0.554645309078607,0.416402457629292,9071,962,8109,2983,6088,485,477,1072243,104531,967712
MA->PR,MA,PR,reference,314,target_oracle,0.01,0.911438549227388,target_labels,32091,8023,9071,0.109326100006001,PWGTP,0.00991410667636652,0.147783910992911,0.0233547805861171,0.0150848394293551,0.00816806671578473,0.00691677271357033,0.541475217819667,0.153557468082456,0.460558020252838,0.563156974010971,0.422596564670411,9071,962,8109,2983,6088,485,477,1072243,104531,967712
MA->PR,MA,PR,reference,314,source_calibrated,0.01,0.884708903567711,source_calibration_labels,32091,8023,9071,0.109326100006001,PWGTP,0.0202343259151483,0.223397843701868,0.0400403639846565,0.0290685060482633,0.0172512223071575,0.0118172837411058,0.593467799085194,0.153557468082456,0.460558020252838,0.563156974010971,0.422596564670411,9071,962,8109,2983,6088,485,477,1072243,104531,967712
MA->PR,MA,PR,reference,314,target_oracle,0.02,0.88520199380464,target_labels,32091,8023,9071,0.109326100006001,PWGTP,0.0199563506497801,0.222469889315131,0.0396990234489757,0.0288351720326668,0.0169581726974525,0.0118769993352142,0.58810721428126,0.153557468082456,0.460558020252838,0.563156974010971,0.422596564670411,9071,962,8109,2983,6088,485,477,1072243,104531,967712
MA->PR,MA,PR,reference,314,source_calibrated,0.02,0.847339228672854,source_calibration_labels,32091,8023,9071,0.109326100006001,PWGTP,0.036239087662445,0.334838468970927,0.0653489927190012,0.0518329000961991,0.0309734085125382,0.0208594915836609,0.59756271509125,0.153557468082456,0.460558020252838,0.563156974010971,0.422596564670411,9071,962,8109,2983,6088,485,477,1072243,104531,967712
MA->PR,MA,PR,reference,314,target_oracle,0.05,0.820612925145885,target_labels,32091,8023,9071,0.109326100006001,PWGTP,0.0498051073046526,0.39005653825181,0.0829755941516988,0.0640072046994289,0.04500937896982,0.0189978257296089,0.703192385625639,0.153557468082456,0.460558020252838,0.563156974010971,0.422596564670411,9071,962,8109,2983,6088,485,477,1072243,104531,967712
MA->PR,MA,PR,reference,314,source_calibrated,0.05,0.764098175785784,source_calibration_labels,32091,8023,9071,0.109326100006001,PWGTP,0.0915251645117556,0.500339612172466,0.13137973388495,0.113809689502016,0.0840001824648513,0.0298095070371648,0.738075842508676,0.153557468082456,0.460558020252838,0.563156974010971,0.422596564670411,9071,962,8109,2983,6088,485,477,1072243,104531,967712
MA->PR,MA,PR,reference,314,target_oracle,0.1,0.746426656891848,target_labels,32091,8023,9071,0.109326100006001,PWGTP,0.0999749925597699,0.521472099185887,0.141065971053203,0.124461182635037,0.0917065578144028,0.0327546248206341,0.73682859083316,0.153557468082456,0.460558020252838,0.563156974010971,0.422596564670411,9071,962,8109,2983,6088,485,477,1072243,104531,967712
MA->PR,MA,PR,reference,314,source_calibrated,0.1,0.65013290562943,source_calibration_labels,32091,8023,9071,0.109326100006001,PWGTP,0.151513053470454,0.648630549789058,0.199976124814991,0.188042655095483,0.13917782996764,0.0488648251278426,0.740139676803487,0.153557468082456,0.460558020252838,0.563156974010971,0.422596564670411,9071,962,8109,2983,6088,485,477,1072243,104531,967712
MA->PR,MA,PR,reference,2718,target_oracle,0.01,0.900851664036598,target_labels,32091,8023,9071,0.104579499995452,PWGTP,0.00999057570847525,0.19013498388038,0.0275525230754596,0.0135374664838201,0.00879287060062729,0.00474459588319284,0.649521135371708,0.149938819229813,0.448818548687302,0.553853613162453,0.409955735874705,9071,962,8109,2983,6088,485,477,1072243,104531,967712
MA->PR,MA,PR,reference,2718,source_calibrated,0.01,0.902038476188836,source_calibration_labels,32091,8023,9071,0.104579499995452,PWGTP,0.0098252372606726,0.185256048444959,0.0269276647177925,0.0135374664838201,0.00857170108386886,0.00496576539995127,0.633183549825493,0.149938819229813,0.448818548687302,0.553853613162453,0.409955735874705,9071,962,8109,2983,6088,485,477,1072243,104531,967712
MA->PR,MA,PR,reference,2718,target_oracle,0.02,0.872952305852095,target_labels,32091,8023,9071,0.104579499995452,PWGTP,0.0199584173803776,0.260123791028499,0.0433716983929949,0.0297766952534949,0.0166430061360718,0.0131336891174231,0.55892724140092,0.149938819229813,0.448818548687302,0.553853613162453,0.409955735874705,9071,962,8109,2983,6088,485,477,1072243,104531,967712
MA->PR,MA,PR,reference,2718,source_calibrated,0.02,0.865333314899755,source_calibration_labels,32091,8023,9071,0.104579499995452,PWGTP,0.0235793293872557,0.276817403449694,0.0482670439443298,0.0354626767914526,0.0195665906857223,0.0158960861057303,0.55175165712359,0.149938819229813,0.448818548687302,0.553853613162453,0.409955735874705,9071,962,8109,2983,6088,485,477,1072243,104531,967712
MA->PR,MA,PR,reference,2718,target_oracle,0.05,0.811939398516784,target_labels,32091,8023,9071,0.104579499995452,PWGTP,0.0499239443140108,0.40265567152328,0.0843111123131604,0.0670937634320568,0.0441260832122661,0.0229676802197908,0.65767786684005,0.149938819229813,0.448818548687302,0.553853613162453,0.409955735874705,9071,962,8109,2983,6088,485,477,1072243,104531,967712
MA->PR,MA,PR,reference,2718,source_calibrated,0.05,0.780481860652954,source_calibration_labels,32091,8023,9071,0.104579499995452,PWGTP,0.06569206540789,0.460533238943471,0.104184405960216,0.0865096096772213,0.0586624497012138,0.0278471599760075,0.678103275694933,0.149938819229813,0.448818548687302,0.553853613162453,0.409955735874705,9071,962,8109,2983,6088,485,477,1072243,104531,967712
MA->PR,MA,PR,reference,2718,target_oracle,0.1,0.733078807473724,target_labels,32091,8023,9071,0.104579499995452,PWGTP,0.0999770592903674,0.553213879136333,0.144162284109106,0.133033137523794,0.0888147663827864,0.0442183711410075,0.667613859493476,0.149938819229813,0.448818548687302,0.553853613162453,0.409955735874705,9071,962,8109,2983,6088,485,477,1072243,104531,967712
MA->PR,MA,PR,reference,2718,source_calibrated,0.1,0.637276952882142,source_calibration_labels,32091,8023,9071,0.104579499995452,PWGTP,0.146930078370424,0.654877500454411,0.196448939279622,0.184952002783634,0.134090931082196,0.0508610717014376,0.725003941909527,0.149938819229813,0.448818548687302,0.553853613162453,0.409955735874705,9071,962,8109,2983,6088,485,477,1072243,104531,967712
MA->PR,MA,PR,reference,1618,target_oracle,0.01,0.902999624090689,target_labels,32091,8023,9071,0.104654100010521,PWGTP,0.00974670149796634,0.18365843625336,0.0267010369850864,0.0126491597928649,0.00876660672051223,0.00388255307235266,0.69305842159234,0.153823804460351,0.459956635976268,0.564515495981021,0.421270018087585,9071,962,8109,2983,6088,485,477,1072243,104531,967712
MA->PR,MA,PR,reference,1618,source_calibrated,0.01,0.900470057162558,source_calibration_labels,32091,8023,9071,0.104654100010521,PWGTP,0.0111789458020568,0.19084290784552,0.02869405535872,0.0149129091020734,0.0099180705171358,0.0049948385849376,0.665066114817051,0.153823804460351,0.459956635976268,0.564515495981021,0.421270018087585,9071,962,8109,2983,6088,485,477,1072243,104531,967712
MA->PR,MA,PR,reference,1618,target_oracle,0.02,0.881041831016079,target_labels,32091,8023,9071,0.104654100010521,PWGTP,0.0199077824807381,0.250442452478212,0.0423821838892863,0.0265796098819002,0.0176548566752416,0.00892475320665865,0.664225575683258,0.153823804460351,0.459956635976268,0.564515495981021,0.421270018087585,9071,962,8109,2983,6088,485,477,1072243,104531,967712
MA->PR,MA,PR,reference,1618,source_calibrated,0.02,0.872330065513269,source_calibration_labels,32091,8023,9071,0.104654100010521,PWGTP,0.0236010300585298,0.269087639073576,0.0475330685301746,0.032245123523753,0.0206821144358726,0.0115630090878804,0.641402859587043,0.153823804460351,0.459956635976268,0.564515495981021,0.421270018087585,9071,962,8109,2983,6088,485,477,1072243,104531,967712
MA->PR,MA,PR,reference,1618,target_oracle,0.05,0.822521168713454,target_labels,32091,8023,9071,0.104654100010521,PWGTP,0.0499756125789491,0.391051458419034,0.0832264701191801,0.0623738665902532,0.0457890015163935,0.0165848650738597,0.734105548036502,0.153823804460351,0.459956635976268,0.564515495981021,0.421270018087585,9071,962,8109,2983,6088,485,477,1072243,104531,967712
MA->PR,MA,PR,reference,1618,source_calibrated,0.05,0.797886899531138,source_calibration_labels,32091,8023,9071,0.104654100010521,PWGTP,0.0709663618927946,0.451397193177144,0.10805386465568,0.0895511390384182,0.0646907013423607,0.0248604376960575,0.722388369785088,0.153823804460351,0.459956635976268,0.564515495981021,0.421270018087585,9071,962,8109,2983,6088,485,477,1072243,104531,967712
MA->PR,MA,PR,reference,1618,target_oracle,0.1,0.747665670351571,target_labels,32091,8023,9071,0.104654100010521,PWGTP,0.0999512251578982,0.547206091972716,0.143553280366484,0.127036043965041,0.0908052920336122,0.0362307519314286,0.714799431715624,0.153823804460351,0.459956635976268,0.564515495981021,0.421270018087585,9071,962,8109,2983,6088,485,477,1072243,104531,967712
MA->PR,MA,PR,reference,1618,source_calibrated,0.1,0.643348071261078,source_calibration_labels,32091,8023,9071,0.104654100010521,PWGTP,0.148169083363645,0.64509092996336,0.196613081176562,0.187383588840903,0.134927228317439,0.0524563605234639,0.720058939803946,0.153823804460351,0.459956635976268,0.564515495981021,0.421270018087585,9071,962,8109,2983,6088,485,477,1072243,104531,967712
MA->PR,MA,PR,reference,8675309,target_oracle,0.01,0.905759713432891,target_labels,32091,8023,9071,0.10115419999056,PWGTP,0.00995440792301842,0.165778572863552,0.0251454194618198,0.0172994657879117,0.00747414735695516,0.0098253184309565,0.432044980381872,0.153436619184564,0.45884428632041,0.565701722845924,0.419307198643299,9071,962,8109,2983,6088,485,477,1072243,104531,967712
MA->PR,MA,PR,reference,8675309,source_calibrated,0.01,0.894680487353321,source_calibration_labels,32091,8023,9071,0.10115419999056,PWGTP,0.0126173902979399,0.193138877462188,0.0302160984030672,0.021159710993307,0.00973284104685061,0.0114268699464564,0.459970414999014,0.153436619184564,0.45884428632041,0.565701722845924,0.419307198643299,9071,962,8109,2983,6088,485,477,1072243,104531,967712
MA->PR,MA,PR,reference,8675309,target_oracle,0.02,0.878419792050867,target_labels,32091,8023,9071,0.10115419999056,PWGTP,0.0199294831520122,0.24785948665946,0.0421499604100936,0.0313650039912397,0.0160679653924999,0.0152970385987399,0.512289601397394,0.153436619184564,0.45884428632041,0.565701722845924,0.419307198643299,9071,962,8109,2983,6088,485,477,1072243,104531,967712
MA->PR,MA,PR,reference,8675309,source_calibrated,0.02,0.858413110496724,source_calibration_labels,32091,8023,9071,0.10115419999056,PWGTP,0.0298084554082206,0.29752896270006,0.055908035771742,0.0435147471191436,0.0251801494829471,0.0183345976361965,0.578657837859054,0.153436619184564,0.45884428632041,0.565701722845924,0.419307198643299,9071,962,8109,2983,6088,485,477,1072243,104531,967712
MA->PR,MA,PR,reference,8675309,target_oracle,0.05,0.822614159503193,target_labels,32091,8023,9071,0.10115419999056,PWGTP,0.049577766938924,0.394103184701189,0.0831649169078278,0.0691364594633318,0.0429732371061627,0.026163222357169,0.62157127280946,0.153436619184564,0.45884428632041,0.565701722845924,0.419307198643299,9071,962,8109,2983,6088,485,477,1072243,104531,967712
MA->PR,MA,PR,reference,8675309,source_calibrated,0.05,0.77613425844138,source_calibration_labels,32091,8023,9071,0.10115419999056,PWGTP,0.0837284233325618,0.485769771646689,0.122922695694912,0.108009087745871,0.0755293899730035,0.0324796977728671,0.699287361362712,0.153436619184564,0.45884428632041,0.565701722845924,0.419307198643299,9071,962,8109,2983,6088,485,477,1072243,104531,967712
MA->PR,MA,PR,reference,8675309,target_oracle,0.1,0.747526301065811,target_labels,32091,8023,9071,0.10115419999056,PWGTP,0.0999915264045501,0.535047019544441,0.142404287087908,0.126843645741654,0.0909241706488699,0.0359194750927843,0.716820855449531,0.153436619184564,0.45884428632041,0.565701722845924,0.419307198643299,9071,962,8109,2983,6088,485,477,1072243,104531,967712
MA->PR,MA,PR,reference,8675309,source_calibrated,0.1,0.649359612403281,source_calibration_labels,32091,8023,9071,0.10115419999056,PWGTP,0.148460492377898,0.648515751308224,0.197209960801796,0.189884765744929,0.134472448498605,0.0554123172463245,0.708179236870642,0.153436619184564,0.45884428632041,0.565701722845924,0.419307198643299,9071,962,8109,2983,6088,485,477,1072243,104531,967712
MA->PR,MA,PR,large,42,target_oracle,0.01,0.94825172983918,target_labels,32091,8023,9071,0.270395600004122,PWGTP,0.00992754042525049,0.151438329299442,0.0237231672298164,0.0157807478969237,0.00795104412746552,0.00782970376945815,0.503844569306852,0.155646090417204,0.470672667288159,0.606450437661167,0.42043510042908,9071,962,8109,2983,6088,485,477,1072243,104531,967712
MA->PR,MA,PR,large,42,source_calibrated,0.01,0.932466877712454,source_calibration_labels,32091,8023,9071,0.270395600004122,PWGTP,0.0158456234912867,0.206082406176158,0.0343914579064634,0.0260474445831713,0.0124006983427492,0.0136467462404221,0.476081187279346,0.155646090417204,0.470672667288159,0.606450437661167,0.42043510042908,9071,962,8109,2983,6088,485,477,1072243,104531,967712
MA->PR,MA,PR,large,42,target_oracle,0.02,0.923277147898035,target_labels,32091,8023,9071,0.270395600004122,PWGTP,0.0199015822889455,0.248720475265711,0.0422087157482026,0.030755060687312,0.0162366071490282,0.0145184535382838,0.527932860029329,0.155646090417204,0.470672667288159,0.606450437661167,0.42043510042908,9071,962,8109,2983,6088,485,477,1072243,104531,967712
MA->PR,MA,PR,large,42,source_calibrated,0.02,0.903918586884272,source_calibration_labels,32091,8023,9071,0.270395600004122,PWGTP,0.0287430557851923,0.308099989476806,0.0559770499784097,0.0410872546410954,0.0245746979308209,0.0165125567102745,0.598110001397887,0.155646090417204,0.470672667288159,0.606450437661167,0.42043510042908,9071,962,8109,2983,6088,485,477,1072243,104531,967712
MA->PR,MA,PR,large,42,target_oracle,0.05,0.860870344326808,target_labels,32091,8023,9071,0.270395600004122,PWGTP,0.0499797460401442,0.428112234648095,0.0868431875983336,0.0738850113596823,0.0419074764972831,0.0319775348623993,0.567198620208255,0.155646090417204,0.470672667288159,0.606450437661167,0.42043510042908,9071,962,8109,2983,6088,485,477,1072243,104531,967712
MA->PR,MA,PR,large,42,source_calibrated,0.05,0.798880974820777,source_calibration_labels,32091,8023,9071,0.270395600004122,PWGTP,0.0870796269964618,0.525183916732835,0.129789609258349,0.123388664879137,0.074818882900417,0.04856978197872,0.606367553889204,0.155646090417204,0.470672667288159,0.606450437661167,0.42043510042908,9071,962,8109,2983,6088,485,477,1072243,104531,967712
MA->PR,MA,PR,large,42,target_oracle,0.1,0.774248387877104,target_labels,32091,8023,9071,0.270395600004122,PWGTP,0.0999729258291723,0.550946609139872,0.143937521625229,0.143017377243793,0.0854377843237811,0.057579592920012,0.597394428357755,0.155646090417204,0.470672667288159,0.606450437661167,0.42043510042908,9071,962,8109,2983,6088,485,477,1072243,104531,967712
MA->PR,MA,PR,large,42,source_calibrated,0.1,0.649407154574226,source_calibration_labels,32091,8023,9071,0.270395600004122,PWGTP,0.158062522734037,0.670824922750189,0.208050786995112,0.218679001985386,0.137593703303858,0.081085298681528,0.629204002463177,0.155646090417204,0.470672667288159,0.606450437661167,0.42043510042908,9071,962,8109,2983,6088,485,477,1072243,104531,967712
MA->PR,MA,PR,large,314,target_oracle,0.01,0.942743502290539,target_labels,32091,8023,9071,0.255254699994111,PWGTP,0.00999780926556662,0.101290526255369,0.0188977685095636,0.016640399533332,0.00775475618134242,0.00888564335198955,0.466019831183083,0.151679290311699,0.458902089438434,0.604629795469652,0.404983061641385,9071,962,8109,2983,6088,485,477,1072243,104531,967712
MA->PR,MA,PR,large,314,source_calibrated,0.01,0.913790583570502,source_calibration_labels,32091,8023,9071,0.255254699994111,PWGTP,0.019341498297014,0.207727851068104,0.0377069376997565,0.0292936529054179,0.0159808798952762,0.0133127730101416,0.545540699443482,0.151679290311699,0.458902089438434,0.604629795469652,0.404983061641385,9071,962,8109,2983,6088,485,477,1072243,104531,967712
MA->PR,MA,PR,large,314,target_oracle,0.02,0.912582402772628,target_labels,32091,8023,9071,0.255254699994111,PWGTP,0.0199811514169505,0.211583166716094,0.0386600798513024,0.0296702621937491,0.0167093569910993,0.0129609052026498,0.563168497871233,0.151679290311699,0.458902089438434,0.604629795469652,0.404983061641385,9071,962,8109,2983,6088,485,477,1072243,104531,967712
MA->PR,MA,PR,large,314,source_calibrated,0.02,0.877297339325744,source_calibration_labels,32091,8023,9071,0.255254699994111,PWGTP,0.0349339472901028,0.312108369765907,0.0619551724748961,0.0510796815195366,0.0294818965838986,0.021597784935638,0.577174635919031,0.151679290311699,0.458902089438434,0.604629795469652,0.404983061641385,9071,962,8109,2983,6088,485,477,1072243,104531,967712
MA->PR,MA,PR,large,314,target_oracle,0.05,0.844929746963545,target_labels,32091,8023,9071,0.255254699994111,PWGTP,0.0499373780628947,0.389673876649032,0.0830576651001685,0.0772089976871277,0.0407283665110647,0.036480631176063,0.527508033145403,0.151679290311699,0.458902089438434,0.604629795469652,0.404983061641385,9071,962,8109,2983,6088,485,477,1072243,104531,967712
MA->PR,MA,PR,large,314,source_calibrated,0.05,0.785503985435789,source_calibration_labels,32091,8023,9071,0.255254699994111,PWGTP,0.0781348169703383,0.505955171193235,0.119842237254055,0.116830750967108,0.0650680718303298,0.0517626791367783,0.556943024774776,0.151679290311699,0.458902089438434,0.604629795469652,0.404983061641385,9071,962,8109,2983,6088,485,477,1072243,104531,967712
MA->PR,MA,PR,large,314,target_oracle,0.1,0.752245470149529,target_labels,32091,8023,9071,0.255254699994111,PWGTP,0.0998861231440759,0.548287111000564,0.143599911587206,0.145903350594592,0.0843471421442661,0.0615562084503263,0.578102845483195,0.151679290311699,0.458902089438434,0.604629795469652,0.404983061641385,9071,962,8109,2983,6088,485,477,1072243,104531,967712
MA->PR,MA,PR,large,314,source_calibrated,0.1,0.665972593733364,source_calibration_labels,32091,8023,9071,0.255254699994111,PWGTP,0.14369151152409,0.630176693995083,0.191118058126749,0.202415211740385,0.123861840932119,0.0785533708082663,0.611919627320215,0.151679290311699,0.458902089438434,0.604629795469652,0.404983061641385,9071,962,8109,2983,6088,485,477,1072243,104531,967712
MA->PR,MA,PR,large,2718,target_oracle,0.01,0.93916070682061,target_labels,32091,8023,9071,0.270858399991994,PWGTP,0.00991824013756159,0.154662253302848,0.0240290680377489,0.0162146672943488,0.0077920785372954,0.00842258875705341,0.480557411129313,0.156875918881083,0.471676319014634,0.610219965119264,0.420415382375586,9071,962,8109,2983,6088,485,477,1072243,104531,967712
MA->PR,MA,PR,large,2718,source_calibrated,0.01,0.940275445848587,source_calibration_labels,32091,8023,9071,0.270858399991994,PWGTP,0.00965783208227241,0.145229644794367,0.0228744790126865,0.015625191886526,0.00764278911348346,0.00798240277304252,0.489132496355071,0.156875918881083,0.471676319014634,0.610219965119264,0.420415382375586,9071,962,8109,2983,6088,485,477,1072243,104531,967712
MA->PR,MA,PR,large,2718,target_oracle,0.02,0.911049054392514,target_labels,32091,8023,9071,0.270858399991994,PWGTP,0.0199160494031282,0.241115075910495,0.041480336080534,0.0291913134248931,0.0167840017030053,0.0124073117218878,0.574965622776419,0.156875918881083,0.471676319014634,0.610219965119264,0.420415382375586,9071,962,8109,2983,6088,485,477,1072243,104531,967712
MA->PR,MA,PR,large,2718,source_calibrated,0.02,0.897249721903708,source_calibration_labels,32091,8023,9071,0.270858399991994,PWGTP,0.0270721040970867,0.290803685031235,0.0527828113589923,0.041304214339808,0.0222662410996548,0.0190379732401532,0.539079158278412,0.156875918881083,0.471676319014634,0.610219965119264,0.420415382375586,9071,962,8109,2983,6088,485,477,1072243,104531,967712
MA->PR,MA,PR,large,2718,target_oracle,0.05,0.858545013857003,target_labels,32091,8023,9071,0.270858399991994,PWGTP,0.0499394447934923,0.379676842276454,0.0820849378359196,0.070536463556911,0.0429842955820007,0.0275521679749103,0.609391134945681,0.156875918881083,0.471676319014634,0.610219965119264,0.420415382375586,9071,962,8109,2983,6088,485,477,1072243,104531,967712
MA->PR,MA,PR,large,2718,source_calibrated,0.05,0.811736235724507,source_calibration_labels,32091,8023,9071,0.270858399991994,PWGTP,0.074142926821203,0.489816418096067,0.114666171753977,0.0999774853142845,0.0654191784381838,0.0345583068761007,0.654339106775242,0.156875918881083,0.471676319014634,0.610219965119264,0.420415382375586,9071,962,8109,2983,6088,485,477,1072243,104531,967712
MA->PR,MA,PR,large,2718,target_oracle,0.1,0.758374601729058,target_labels,32091,8023,9071,0.270858399991994,PWGTP,0.0998375549750339,0.560867111191895,0.144782479344701,0.138584030947459,0.0867537429484938,0.0518302879989651,0.626001007153447,0.156875918881083,0.471676319014634,0.610219965119264,0.420415382375586,9071,962,8109,2983,6088,485,477,1072243,104531,967712
MA->PR,MA,PR,large,2718,source_calibrated,0.1,0.654093859671888,source_calibration_labels,32091,8023,9071,0.270858399991994,PWGTP,0.152850228167058,0.65612115066344,0.201913185723759,0.214614077818941,0.13199396760143,0.0826201102175106,0.615029400414203,0.156875918881083,0.471676319014634,0.610219965119264,0.420415382375586,9071,962,8109,2983,6088,485,477,1072243,104531,967712
MA->PR,MA,PR,large,1618,target_oracle,0.01,0.943737002800542,target_labels,32091,8023,9071,0.263850500006811,PWGTP,0.00995750801891472,0.132668777683175,0.0219204042367262,0.0146836686656979,0.00836159004294836,0.0063220786227495,0.56944829206625,0.157005995191849,0.477001212001212,0.614985505968418,0.425947234795394,9071,962,8109,2983,6088,485,477,1072243,104531,967712
MA->PR,MA,PR,large,1618,source_calibrated,0.01,0.935678559166546,source_calibration_labels,32091,8023,9071,0.263850500006811,PWGTP,0.0153020733441354,0.173804899981824,0.0307542226901924,0.0254784370714534,0.0118657445740897,0.0136126924973637,0.465717129383275,0.157005995191849,0.477001212001212,0.614985505968418,0.425947234795394,9071,962,8109,2983,6088,485,477,1072243,104531,967712
MA->PR,MA,PR,large,1618,target_oracle,0.02,0.92713109896245,target_labels,32091,8023,9071,0.263850500006811,PWGTP,0.0199336166132072,0.214807090719499,0.038931473555901,0.032220562048427,0.0157845919491531,0.0164359700992739,0.489891887218762,0.157005995191849,0.477001212001212,0.614985505968418,0.425947234795394,9071,962,8109,2983,6088,485,477,1072243,104531,967712
MA->PR,MA,PR,large,1618,source_calibrated,0.02,0.910301082322779,source_calibration_labels,32091,8023,9071,0.263850500006811,PWGTP,0.0278564283588506,0.271574939491634,0.0516160982165423,0.0400597662566265,0.0237356360766186,0.0163241301800078,0.59250560586315,0.157005995191849,0.477001212001212,0.614985505968418,0.425947234795394,9071,962,8109,2983,6088,485,477,1072243,104531,967712
MA->PR,MA,PR,large,1618,target_oracle,0.05,0.875864733155134,target_labels,32091,8023,9071,0.263850500006811,PWGTP,0.0499621788300651,0.372176674862003,0.0813742780321252,0.0713060564504575,0.0427548322083638,0.0285512242420937,0.599596083932496,0.157005995191849,0.477001212001212,0.614985505968418,0.425947234795394,9071,962,8109,2983,6088,485,477,1072243,104531,967712
MA->PR,MA,PR,large,1618,source_calibrated,0.05,0.824980965622464,source_calibration_labels,32091,8023,9071,0.263850500006811,PWGTP,0.0764566317251414,0.469095292305632,0.114734253336231,0.108127801543279,0.0657619911891594,0.04236581035412,0.608187628441122,0.157005995191849,0.477001212001212,0.614985505968418,0.425947234795394,9071,962,8109,2983,6088,485,477,1072243,104531,967712
MA->PR,MA,PR,large,1618,target_oracle,0.1,0.772980382758954,target_labels,32091,8023,9071,0.263850500006811,PWGTP,0.0999863595780563,0.56235949144273,0.145062266669029,0.141122050064474,0.0860957636361374,0.0550262864283364,0.610080165337757,0.157005995191849,0.477001212001212,0.614985505968418,0.425947234795394,9071,962,8109,2983,6088,485,477,1072243,104531,967712
MA->PR,MA,PR,large,1618,source_calibrated,0.1,0.670602861352295,source_calibration_labels,32091,8023,9071,0.263850500006811,PWGTP,0.148092614331537,0.64562665620725,0.196596293937102,0.20582106965225,0.128599015519189,0.0772220541330619,0.62480977159659,0.157005995191849,0.477001212001212,0.614985505968418,0.425947234795394,9071,962,8109,2983,6088,485,477,1072243,104531,967712
MA->PR,MA,PR,large,8675309,target_oracle,0.01,0.93927316713431,target_labels,32091,8023,9071,0.269156299997121,PWGTP,0.00989033927449489,0.123197903014417,0.0209364854795042,0.0157070634709458,0.0079261625568302,0.00778090091411562,0.504624086576822,0.156056527984666,0.469611759802867,0.615467386140719,0.415645401688495,9071,962,8109,2983,6088,485,477,1072243,104531,967712
MA->PR,MA,PR,large,8675309,source_calibrated,0.01,0.927707909448623,source_calibration_labels,32091,8023,9071,0.269156299997121,PWGTP,0.0153568417049701,0.164142694511676,0.0298617011255844,0.0234930511492724,0.0126094270741899,0.0108836240750824,0.536730073674593,0.156056527984666,0.469611759802867,0.615467386140719,0.415645401688495,9071,962,8109,2983,6088,485,477,1072243,104531,967712
MA->PR,MA,PR,large,8675309,target_oracle,0.02,0.914642649571236,target_labels,32091,8023,9071,0.269156299997121,PWGTP,0.0196442743295526,0.217610086959849,0.0389435976732886,0.0322123748899851,0.0154003099137854,0.0168120649761997,0.478086759091251,0.156056527984666,0.469611759802867,0.615467386140719,0.415645401688495,9071,962,8109,2983,6088,485,477,1072243,104531,967712
MA->PR,MA,PR,large,8675309,source_calibrated,0.02,0.89678291084644,source_calibration_labels,32091,8023,9071,0.269156299997121,PWGTP,0.0281354369895175,0.288775578536511,0.0535447655055804,0.0446896043555683,0.0225454676145624,0.0221441367410059,0.504490203922631,0.156056527984666,0.469611759802867,0.615467386140719,0.415645401688495,9071,962,8109,2983,6088,485,477,1072243,104531,967712
MA->PR,MA,PR,large,8675309,target_oracle,0.05,0.858963462788032,target_labels,32091,8023,9071,0.269156299997121,PWGTP,0.0499776793095466,0.380509131262496,0.0822005832633088,0.0748470024766154,0.0415798691505846,0.0332671333260308,0.555531521300075,0.156056527984666,0.469611759802867,0.615467386140719,0.415645401688495,9071,962,8109,2983,6088,485,477,1072243,104531,967712
MA->PR,MA,PR,large,8675309,source_calibrated,0.05,0.805724633085181,source_calibration_labels,32091,8023,9071,0.269156299997121,PWGTP,0.0812989815151615,0.487998775482871,0.120947397185153,0.116490983891766,0.0694154351441127,0.0470755487476531,0.595886761576398,0.156056527984666,0.469611759802867,0.615467386140719,0.415645401688495,9071,962,8109,2983,6088,485,477,1072243,104531,967712
MA->PR,MA,PR,large,8675309,target_oracle,0.1,0.766384366401213,target_labels,32091,8023,9071,0.269156299997121,PWGTP,0.0999336579478192,0.545579780160909,0.143378879600986,0.142251877929468,0.0856437484362624,0.0566081294932052,0.602057067244672,0.156056527984666,0.469611759802867,0.615467386140719,0.415645401688495,9071,962,8109,2983,6088,485,477,1072243,104531,967712
MA->PR,MA,PR,large,8675309,source_calibrated,0.1,0.666162635674773,source_calibration_labels,32091,8023,9071,0.269156299997121,PWGTP,0.149743932078966,0.648286154346557,0.19834589733857,0.213471969216284,0.128224409650179,0.0852475595661053,0.600661576884904,0.156056527984666,0.469611759802867,0.615467386140719,0.415645401688495,9071,962,8109,2983,6088,485,477,1072243,104531,967712
